feature_id,factor_1,factor_2,factor_3,factor_4,factor_5,method,batch
k__Bacteria|p__Actinobacteria|c__Actinobacteria|o__Bifidobacteriales|f__Bifidobacteriaceae|g__Bifidobacterium,0.260854060507694,-0.132593706143572,-0.324989797596973,-0.069833723255864,-0.0972205682766605,TEMPTED,batch_001
k__Bacteria|p__Bacteroidetes|c__Bacteroidia|o__Bacteroidales|f__Bacteroidaceae|g__Bacteroides,-0.0208286547057551,0.429349564809631,-0.282593189038077,0.043720075914013,0.231540792853722,TEMPTED,batch_001
k__Bacteria|p__Bacteroidetes|c__Bacteroidia|o__Bacteroidales|f__Bacteroidaceae|g__Unknown_003,-0.0109370750975071,0.33572776745962,-0.225451362698754,0.191640766243836,0.123973824848721,TEMPTED,batch_001
k__Bacteria|p__Bacteroidetes|c__Bacteroidia|o__Bacteroidales|f__Porphyromonadaceae|g__Parabacteroides,-0.0334773165548393,0.405317499549249,-0.193569814117824,-0.171112397414878,0.352669051079162,TEMPTED,batch_001
k__Bacteria|p__Bacteroidetes|c__Bacteroidia|o__Bacteroidales|f__Prevotellaceae|g__Prevotella,0.0151476602769374,0.0110148518404735,0.0245722958283887,-0.0622839519096472,0.29664191553271,TEMPTED,batch_001
k__Bacteria|p__Bacteroidetes|c__Bacteroidia|o__Bacteroidales|f__Rikenellaceae|g__Unknown_004,-0.180687461426267,0.0701907779930569,-0.135485571879188,-0.257247592717641,0.385961192100993,TEMPTED,batch_001
k__Bacteria|p__Firmicutes|c__Bacilli|o__Lactobacillales|f__Carnobacteriaceae|g__Granulicatella,0.293940174285343,-0.372391622806808,-0.325957905117464,0.144218292165602,-0.218843272810919,TEMPTED,batch_001
k__Bacteria|p__Firmicutes|c__Bacilli|o__Lactobacillales|f__Lactobacillaceae|g__Lactobacillus,0.334421730846196,-0.267570754583847,-0.246073907041579,0.182499392434439,-0.0487221581413295,TEMPTED,batch_001
k__Bacteria|p__Firmicutes|c__Bacilli|o__Lactobacillales|f__Streptococcaceae|g__Streptococcus,0.207897112874819,-0.135086663567253,-0.0716240593571391,0.117051254418845,-0.0072126716658403,TEMPTED,batch_001
k__Bacteria|p__Firmicutes|c__Clostridia|o__Clostridiales|f__Lachnospiraceae|g__Blautia,-0.0886096363603555,-0.0657952269609511,0.0801075034002538,-0.0747075527422318,-0.195897592208901,TEMPTED,batch_001
k__Bacteria|p__Firmicutes|c__Clostridia|o__Clostridiales|f__Lachnospiraceae|g__Coprococcus,-0.119538910994141,-0.0901838118702367,0.0778690869022171,-0.113219296222598,-0.16219480683988,TEMPTED,batch_001
k__Bacteria|p__Firmicutes|c__Clostridia|o__Clostridiales|f__Lachnospiraceae|g__Lachnospira,-0.11146525205408,0.0045695027508977,0.312971614349584,-0.0207720945663125,-0.138724941453207,TEMPTED,batch_001
k__Bacteria|p__Firmicutes|c__Clostridia|o__Clostridiales|f__Lachnospiraceae|g__Roseburia,-0.154058379675908,-0.100720982953065,0.177677197128505,-0.147522601856697,-0.0712906085441081,TEMPTED,batch_001
k__Bacteria|p__Firmicutes|c__Clostridia|o__Clostridiales|f__Lachnospiraceae|g__[Ruminococcus],-0.0422442622284257,-0.10785487505297,0.0946419180112456,0.0211158489061787,-0.23098689764435,TEMPTED,batch_001
k__Bacteria|p__Firmicutes|c__Clostridia|o__Clostridiales|f__Lachnospiraceae|g__Unknown_020,-0.149911602069397,-0.0216938931044119,0.128032852430715,-0.0891548679646494,-0.17884389104518,TEMPTED,batch_001
k__Bacteria|p__Firmicutes|c__Clostridia|o__Clostridiales|f__Ruminococcaceae|g__Faecalibacterium,-0.230353243082186,-0.0135979429001171,0.0094733538166014,-0.322990897461744,-0.0530878054101546,TEMPTED,batch_001
k__Bacteria|p__Firmicutes|c__Clostridia|o__Clostridiales|f__Ruminococcaceae|g__Oscillospira,-0.118789636457373,0.0272055515541946,0.0983531550302144,0.0357613459994336,-0.0699119093814994,TEMPTED,batch_001
k__Bacteria|p__Firmicutes|c__Clostridia|o__Clostridiales|f__Ruminococcaceae|g__Ruminococcus,-0.19652743506539,-0.0942219151790499,-0.0133667165209696,-0.185811817322974,-0.0775284134632663,TEMPTED,batch_001
k__Bacteria|p__Firmicutes|c__Clostridia|o__Clostridiales|f__Ruminococcaceae|g__Unknown_023,-0.201656842833577,-0.14144038705824,-0.0317374935142521,-0.250961843276459,-0.026114767195579,TEMPTED,batch_001
k__Bacteria|p__Firmicutes|c__Clostridia|o__Clostridiales|f__Veillonellaceae|g__Veillonella,0.265485821752994,0.11245171435173,0.332163201584884,0.357556849132859,0.0537313625519474,TEMPTED,batch_001
k__Bacteria|p__Firmicutes|c__Clostridia|o__Clostridiales|f__Veillonellaceae|g__Unknown_024,-0.0596971528686823,0.0341083118479151,-0.0649779586510778,0.0452243604651729,0.313131879933796,TEMPTED,batch_001
k__Bacteria|p__Firmicutes|c__Clostridia|o__Clostridiales|f__|g__Unknown_025,-0.0645145291474596,-0.0666778209002536,0.140837361139123,-0.0258051393777018,-0.155590579672797,TEMPTED,batch_001
k__Bacteria|p__Firmicutes|c__Clostridia|o__Coriobacteriales|f__Coriobacteriaceae|g__Collinsella,0.119770312706014,0.139017113794904,-0.0497548636463896,-0.217439111939981,-0.0525824992957831,TEMPTED,batch_001
k__Bacteria|p__Firmicutes|c__Clostridia|o__Coriobacteriales|f__|g__Unknown_027,-0.160591321102665,-0.0988545664039824,0.16090393913759,-0.120365570722574,-0.0772228509960936,TEMPTED,batch_001
k__Bacteria|p__Firmicutes|c__Clostridia|o__|f__|g__Unknown_029,-0.133592089463922,-0.105155859109069,0.142336952158933,-0.0365843721223603,-0.179325961722712,TEMPTED,batch_001
k__Bacteria|p__Firmicutes|c__Erysipelotrichi|o__Erysipelotrichales|f__[Coprobacillaceae]|g__Unknown_031,-0.0564989848072447,-0.149559596766044,0.0805942321336993,-0.0188655663560068,-0.272783458478667,TEMPTED,batch_001
k__Bacteria|p__Proteobacteria|c__Betaproteobacteria|o__Burkholderiales|f__Alcaligenaceae|g__Sutterella,-0.0943618067660288,0.335916763327025,0.0947925384598587,-0.0227634815423593,0.0923875826438424,TEMPTED,batch_001
k__Bacteria|p__Proteobacteria|c__Gammaproteobacteria|o__Enterobacteriales|f__Enterobacteriaceae|g__Escherichia,0.351138016818852,-0.0310457316823575,-0.0210994656127326,0.425251487574837,0.155914939255347,TEMPTED,batch_001
k__Bacteria|p__Proteobacteria|c__Gammaproteobacteria|o__Enterobacteriales|f__Enterobacteriaceae|g__Unknown_042,0.376078504468234,-0.0866280728878044,-0.0763231431157311,0.313900753297916,0.151950506441721,TEMPTED,batch_001
k__Bacteria|p__Proteobacteria|c__Gammaproteobacteria|o__Pasteurellales|f__Pasteurellaceae|g__Haemophilus,0.0851649663280877,0.139901376620053,0.324459090840105,0.232017902332796,-0.0012443266612777,TEMPTED,batch_001
k__Bacteria|p__Verrucomicrobia|c__Verrucomicrobiae|o__Verrucomicrobiales|f__Verrucomicrobiaceae|g__Akkermansia,-0.0815567681039676,0.0363026340312814,-0.216781044443766,0.097483549886748,0.157426933666245,TEMPTED,batch_001
k__Bacteria|p__Actinobacteria|c__Actinobacteria|o__Bifidobacteriales|f__Bifidobacteriaceae|g__Bifidobacterium,1.3569979733170132,-0.5566492757013715,-2.0087790066453897,-0.3728463354703463,-0.5027840858828105,MEFISTO,batch_001
k__Bacteria|p__Bacteroidetes|c__Bacteroidia|o__Bacteroidales|f__Bacteroidaceae|g__Bacteroides,-0.5989463863633532,1.1352601288303832,-1.1899192738791031,0.1208941762158086,0.3942177086630293,MEFISTO,batch_001
k__Bacteria|p__Bacteroidetes|c__Bacteroidia|o__Bacteroidales|f__Bacteroidaceae|g__Unknown_003,-0.4182254075127114,0.9451895734310196,0.9342766132144202,-0.2168813378285476,0.4533197261228042,MEFISTO,batch_001
k__Bacteria|p__Bacteroidetes|c__Bacteroidia|o__Bacteroidales|f__Porphyromonadaceae|g__Parabacteroides,-0.5502192334064494,0.0024799177353268,0.0026537230581819,-0.2379947484036442,1.7202461878260626,MEFISTO,batch_001
k__Bacteria|p__Bacteroidetes|c__Bacteroidia|o__Bacteroidales|f__Prevotellaceae|g__Prevotella,0.8593879838304539,-0.1916899111794106,1.143919613252525,-0.2953914633246947,0.132393909044211,MEFISTO,batch_001
k__Bacteria|p__Bacteroidetes|c__Bacteroidia|o__Bacteroidales|f__Rikenellaceae|g__Unknown_004,-1.114282857921746,-0.5059720767330771,0.1878455486692372,0.4063142631538382,1.2102933509690252,MEFISTO,batch_001
k__Bacteria|p__Firmicutes|c__Bacilli|o__Lactobacillales|f__Carnobacteriaceae|g__Granulicatella,1.651723923745584,-0.6633611929918592,0.4598265997461521,-0.4488236522127418,-0.5628992233125291,MEFISTO,batch_001
k__Bacteria|p__Firmicutes|c__Bacilli|o__Lactobacillales|f__Lactobacillaceae|g__Lactobacillus,2.165344100535309,-0.8723372976340952,0.0013796384820987,-0.8005884318310387,-0.3322546998494401,MEFISTO,batch_001
k__Bacteria|p__Firmicutes|c__Bacilli|o__Lactobacillales|f__Streptococcaceae|g__Streptococcus,1.0212197789796535,-0.0084020773489636,-0.0002031493685878,-0.361340289374203,-0.7541247202164588,MEFISTO,batch_001
k__Bacteria|p__Firmicutes|c__Clostridia|o__Clostridiales|f__Lachnospiraceae|g__Blautia,-0.7046217789808817,0.3016469554218197,-0.4760459980185853,-0.1039624549337053,-1.0272763758440469,MEFISTO,batch_001
k__Bacteria|p__Firmicutes|c__Clostridia|o__Clostridiales|f__Lachnospiraceae|g__Coprococcus,-0.8248445228983217,-0.32683852387383,0.7043712823719785,0.1866956192049125,-0.8717672970747143,MEFISTO,batch_001
k__Bacteria|p__Firmicutes|c__Clostridia|o__Clostridiales|f__Lachnospiraceae|g__Lachnospira,-1.0570757110750717,0.9723647204963388,1.1069448066698313,0.2229144328655931,-0.0020297154429305,MEFISTO,batch_001
k__Bacteria|p__Firmicutes|c__Clostridia|o__Clostridiales|f__Lachnospiraceae|g__Roseburia,-1.0851046913808378,-0.4248083491592829,0.4637438728566735,0.572554220174862,-0.0009708236421339,MEFISTO,batch_001
k__Bacteria|p__Firmicutes|c__Clostridia|o__Clostridiales|f__Lachnospiraceae|g__[Ruminococcus],-0.2315081203428007,0.0009404609289759,0.2258660872178496,-0.1425844501126557,-1.1361400250428135,MEFISTO,batch_001
k__Bacteria|p__Firmicutes|c__Clostridia|o__Clostridiales|f__Lachnospiraceae|g__Unknown_020,-1.2123160271257238,0.4776916230749561,-7.412211310988054e-05,0.090465190757792,-0.6482802673081521,MEFISTO,batch_001
k__Bacteria|p__Firmicutes|c__Clostridia|o__Clostridiales|f__Ruminococcaceae|g__Faecalibacterium,-1.3981152764021831,-0.0035884126679797,0.1360572722422439,0.3693722854778677,0.1715941471134688,MEFISTO,batch_001
k__Bacteria|p__Firmicutes|c__Clostridia|o__Clostridiales|f__Ruminococcaceae|g__Oscillospira,-0.6672242150221397,0.0083977194524091,0.3021437937643659,0.1699509887398596,0.1558513108715509,MEFISTO,batch_001
k__Bacteria|p__Firmicutes|c__Clostridia|o__Clostridiales|f__Ruminococcaceae|g__Ruminococcus,-1.135338289250459,-0.653989817259996,0.0825910858769376,0.4218103532837582,-0.0017537387151743,MEFISTO,batch_001
k__Bacteria|p__Firmicutes|c__Clostridia|o__Clostridiales|f__Ruminococcaceae|g__Unknown_023,-1.1117969074806573,-0.709140784421569,-0.0001889077099725,0.3729330453412196,-0.2648854377262468,MEFISTO,batch_001
k__Bacteria|p__Firmicutes|c__Clostridia|o__Clostridiales|f__Veillonellaceae|g__Veillonella,0.9597439235393216,1.5079094399307815,0.6974422549691522,-0.2098032594658772,-0.5039860851640147,MEFISTO,batch_001
k__Bacteria|p__Firmicutes|c__Clostridia|o__Clostridiales|f__Veillonellaceae|g__Unknown_024,-0.4589190280224765,-0.5436473032011853,0.0007639290226167,0.4813528229756864,0.8534588944600568,MEFISTO,batch_001
k__Bacteria|p__Firmicutes|c__Clostridia|o__Clostridiales|f__|g__Unknown_025,-0.4826206207642985,-0.0006532898688057,0.4395205942416911,-0.0072540677409516,-0.6625131621561337,MEFISTO,batch_001
k__Bacteria|p__Firmicutes|c__Clostridia|o__Coriobacteriales|f__Coriobacteriaceae|g__Collinsella,0.2320384503551776,-0.0079499999664316,0.5145560314186608,-0.4167918736302679,0.9939397630101696,MEFISTO,batch_001
k__Bacteria|p__Firmicutes|c__Clostridia|o__Coriobacteriales|f__|g__Unknown_027,-1.0841376118401345,-0.2510110931386164,0.6134926921445039,0.2544571589838663,-0.4674519609524932,MEFISTO,batch_001
k__Bacteria|p__Firmicutes|c__Clostridia|o__|f__|g__Unknown_029,-0.8073990629270127,-0.1284306389191858,0.4080791469270535,0.0657855705532022,-0.8584349711397369,MEFISTO,batch_001
k__Bacteria|p__Firmicutes|c__Erysipelotrichi|o__Erysipelotrichales|f__[Coprobacillaceae]|g__Unknown_031,-0.0027810662946026,-0.3766519287951365,0.0010621416097107,-0.3484233963822301,-1.0994764893313431,MEFISTO,batch_001
k__Bacteria|p__Proteobacteria|c__Betaproteobacteria|o__Burkholderiales|f__Alcaligenaceae|g__Sutterella,-0.9975630415221484,1.3448588310316274,0.7220536354604692,0.0090656029741956,0.9610479521140928,MEFISTO,batch_001
k__Bacteria|p__Proteobacteria|c__Gammaproteobacteria|o__Enterobacteriales|f__Enterobacteriaceae|g__Escherichia,2.1890152609024645,0.3557916588040846,3.81007467443888e-05,1.0234342157627312,-0.3721386680907547,MEFISTO,batch_001
k__Bacteria|p__Proteobacteria|c__Gammaproteobacteria|o__Enterobacteriales|f__Enterobacteriaceae|g__Unknown_042,2.1126658155224427,0.1905888289438773,-0.5935184108831512,0.9716603830322108,-0.5028148919635417,MEFISTO,batch_001
k__Bacteria|p__Proteobacteria|c__Gammaproteobacteria|o__Pasteurellales|f__Pasteurellaceae|g__Haemophilus,0.0012365101127318,1.554481484907921,0.9476369731677728,-0.2229368782187169,0.0007449820615387,MEFISTO,batch_001
k__Bacteria|p__Verrucomicrobia|c__Verrucomicrobiae|o__Verrucomicrobiales|f__Verrucomicrobiaceae|g__Akkermansia,-0.4748823764947662,-1.267110345674221,0.001407229632909,0.2734764302556484,1.5003360061680204,MEFISTO,batch_001
k__Bacteria|p__Actinobacteria|c__Actinobacteria|o__Bifidobacteriales|f__Bifidobacteriaceae|g__Bifidobacterium,0.256633099148199,-0.141079126350765,-0.259894828531147,0.0392775023025611,0.154906567712882,TEMPTED,batch_002
k__Bacteria|p__Bacteroidetes|c__Bacteroidia|o__Bacteroidales|f__Bacteroidaceae|g__Bacteroides,-0.0080035267009945,0.456899597130503,-0.295102300559937,0.0545757209639872,0.0276244969845885,TEMPTED,batch_002
k__Bacteria|p__Bacteroidetes|c__Bacteroidia|o__Bacteroidales|f__Bacteroidaceae|g__Unknown_003,-0.0007433061073255,0.34584811074014,-0.216135426582333,0.135987645931096,-0.162723739343598,TEMPTED,batch_002
k__Bacteria|p__Bacteroidetes|c__Bacteroidia|o__Bacteroidales|f__Porphyromonadaceae|g__Parabacteroides,-0.0472659866079022,0.460560303548902,-0.194324525628415,-0.0783930527749991,0.0749904218900831,TEMPTED,batch_002
k__Bacteria|p__Bacteroidetes|c__Bacteroidia|o__Bacteroidales|f__Prevotellaceae|g__Prevotella,-0.001881661017092,0.0180505196457158,0.0440499877568784,0.0817394509648583,0.854363153094484,TEMPTED,batch_002
k__Bacteria|p__Bacteroidetes|c__Bacteroidia|o__Bacteroidales|f__Rikenellaceae|g__Unknown_004,-0.167738935631636,0.110926744445427,-0.160757953515431,-0.245752824347859,-0.0417857422845898,TEMPTED,batch_002
k__Bacteria|p__Firmicutes|c__Bacilli|o__Lactobacillales|f__Carnobacteriaceae|g__Granulicatella,0.293888839939071,-0.349943995951062,-0.364177367163452,0.17689723076878,-0.0940128700414465,TEMPTED,batch_002
k__Bacteria|p__Firmicutes|c__Bacilli|o__Lactobacillales|f__Lactobacillaceae|g__Lactobacillus,0.343111845867191,-0.238283922638138,-0.263574901660012,0.17349723599475,-0.006836472172977,TEMPTED,batch_002
k__Bacteria|p__Firmicutes|c__Bacilli|o__Lactobacillales|f__Streptococcaceae|g__Streptococcus,0.203176335525381,-0.125246590470571,-0.0797659176660801,0.124557952439226,-0.016370655724513,TEMPTED,batch_002
k__Bacteria|p__Firmicutes|c__Clostridia|o__Clostridiales|f__Lachnospiraceae|g__Blautia,-0.0986400929905202,-0.0589943599212992,0.107921064822632,-0.0607877668314392,0.0387087005987182,TEMPTED,batch_002
k__Bacteria|p__Firmicutes|c__Clostridia|o__Clostridiales|f__Lachnospiraceae|g__Coprococcus,-0.113889460949273,-0.0741230619405354,0.0732448869330661,-0.13238553733735,-0.029585683226181,TEMPTED,batch_002
k__Bacteria|p__Firmicutes|c__Clostridia|o__Clostridiales|f__Lachnospiraceae|g__Lachnospira,-0.103729827817122,-0.0014531170719965,0.272429042406229,-0.105964840280322,-0.109920607741721,TEMPTED,batch_002
k__Bacteria|p__Firmicutes|c__Clostridia|o__Clostridiales|f__Lachnospiraceae|g__Roseburia,-0.151203007199387,-0.0986854450920181,0.126931659465285,-0.147884360011331,-0.0391147263791977,TEMPTED,batch_002
k__Bacteria|p__Firmicutes|c__Clostridia|o__Clostridiales|f__Lachnospiraceae|g__[Ruminococcus],-0.0433302696881143,-0.0844411940956908,0.0804054366304628,-0.0122640014522954,-0.0238962773480009,TEMPTED,batch_002
k__Bacteria|p__Firmicutes|c__Clostridia|o__Clostridiales|f__Lachnospiraceae|g__Unknown_020,-0.152410402942059,-0.0360918859924585,0.13352505229931,-0.0815371937487461,0.002011479242773,TEMPTED,batch_002
k__Bacteria|p__Firmicutes|c__Clostridia|o__Clostridiales|f__Ruminococcaceae|g__Faecalibacterium,-0.216975529964477,-0.0473176623801173,0.0390406331985359,-0.295312344320652,0.0282872765288524,TEMPTED,batch_002
k__Bacteria|p__Firmicutes|c__Clostridia|o__Clostridiales|f__Ruminococcaceae|g__Oscillospira,-0.121178239501293,-0.0022688922442857,0.0576168202216011,-0.0193280812124435,-0.0819302984379772,TEMPTED,batch_002
k__Bacteria|p__Firmicutes|c__Clostridia|o__Clostridiales|f__Ruminococcaceae|g__Ruminococcus,-0.195715578020325,-0.102626852129949,-0.0352502481124811,-0.202538114407581,-0.0844567859096839,TEMPTED,batch_002
k__Bacteria|p__Firmicutes|c__Clostridia|o__Clostridiales|f__Ruminococcaceae|g__Unknown_023,-0.198417142952683,-0.138527327868429,-0.0544548906642709,-0.279515772921692,-0.0211280417681679,TEMPTED,batch_002
k__Bacteria|p__Firmicutes|c__Clostridia|o__Clostridiales|f__Veillonellaceae|g__Veillonella,0.262896256167273,0.0848360528534213,0.363034026248012,0.318412073382967,-0.0695969375523527,TEMPTED,batch_002
k__Bacteria|p__Firmicutes|c__Clostridia|o__Clostridiales|f__Veillonellaceae|g__Unknown_024,-0.0462495524885162,0.0220418665111505,-0.0320158014749456,0.190599463952646,0.125102604307317,TEMPTED,batch_002
k__Bacteria|p__Firmicutes|c__Clostridia|o__Clostridiales|f__|g__Unknown_025,-0.0725338002025145,-0.0852972010798862,0.134044631072915,-0.0436438956704281,-0.0269808169888829,TEMPTED,batch_002
k__Bacteria|p__Firmicutes|c__Clostridia|o__Coriobacteriales|f__Coriobacteriaceae|g__Collinsella,0.118206052468059,0.0909812843203547,-0.0467210075695694,-0.206055077940731,0.171261357768766,TEMPTED,batch_002
k__Bacteria|p__Firmicutes|c__Clostridia|o__Coriobacteriales|f__|g__Unknown_027,-0.164148506576409,-0.0933844376850221,0.113936377032754,-0.164249401917027,-0.0609400890390241,TEMPTED,batch_002
k__Bacteria|p__Firmicutes|c__Clostridia|o__|f__|g__Unknown_029,-0.133842115426315,-0.0932511098918524,0.117543178159653,-0.0605911232591554,-0.0267262312955247,TEMPTED,batch_002
k__Bacteria|p__Firmicutes|c__Erysipelotrichi|o__Erysipelotrichales|f__[Coprobacillaceae]|g__Unknown_031,-0.0733076765683317,-0.116959245054538,0.0292296186396726,-0.0264278703809862,-0.0828085402775952,TEMPTED,batch_002
k__Bacteria|p__Proteobacteria|c__Betaproteobacteria|o__Burkholderiales|f__Alcaligenaceae|g__Sutterella,-0.102453518265194,0.307838385703685,0.173277488464181,0.0339673793387633,0.0303999523817449,TEMPTED,batch_002
k__Bacteria|p__Proteobacteria|c__Gammaproteobacteria|o__Enterobacteriales|f__Enterobacteriaceae|g__Escherichia,0.356709655761773,-0.0539504262332779,0.014314320792481,0.402042718758187,-0.100765278247057,TEMPTED,batch_002
k__Bacteria|p__Proteobacteria|c__Gammaproteobacteria|o__Enterobacteriales|f__Enterobacteriaceae|g__Unknown_042,0.380094589209159,-0.098687665163942,-0.0615191281914375,0.336451782613537,-0.0425205417745626,TEMPTED,batch_002
k__Bacteria|p__Proteobacteria|c__Gammaproteobacteria|o__Pasteurellales|f__Pasteurellaceae|g__Haemophilus,0.0846978371189125,0.0939270091305335,0.36775852532763,0.227742677232268,-0.0888574759827142,TEMPTED,batch_002
k__Bacteria|p__Verrucomicrobia|c__Verrucomicrobiae|o__Verrucomicrobiales|f__Verrucomicrobiaceae|g__Akkermansia,-0.0857563735875343,0.048703645226001,-0.184608452151787,-0.133117575828591,-0.296698198974442,TEMPTED,batch_002
k__Bacteria|p__Actinobacteria|c__Actinobacteria|o__Bifidobacteriales|f__Bifidobacteriaceae|g__Bifidobacterium,1.5435589475346032,-0.7549142106260752,-1.7913722938342909,-0.4067800556788764,-0.1891900419304477,MEFISTO,batch_002
k__Bacteria|p__Bacteroidetes|c__Bacteroidia|o__Bacteroidales|f__Bacteroidaceae|g__Bacteroides,-1.099676220783148,1.6798788780527305,-0.5171587242192982,0.0005784716113336,-0.0001483168672104,MEFISTO,batch_002
k__Bacteria|p__Bacteroidetes|c__Bacteroidia|o__Bacteroidales|f__Bacteroidaceae|g__Unknown_003,-0.7800549558821792,1.338453055808168,1.0533673138494972,-0.0172667553997578,0.0010772790766469,MEFISTO,batch_002
k__Bacteria|p__Bacteroidetes|c__Bacteroidia|o__Bacteroidales|f__Porphyromonadaceae|g__Parabacteroides,-1.2394234594670257,1.5858826637590857,0.5186189540833299,-0.0025270141136118,0.9348542857805144,MEFISTO,batch_002
k__Bacteria|p__Bacteroidetes|c__Bacteroidia|o__Bacteroidales|f__Prevotellaceae|g__Prevotella,0.769241855364567,-0.0022434279547949,1.021054903179279,-0.1137932674681015,0.0004817640039299,MEFISTO,batch_002
k__Bacteria|p__Bacteroidetes|c__Bacteroidia|o__Bacteroidales|f__Rikenellaceae|g__Unknown_004,-1.021509831138951,0.0070909011645954,0.3129562286908141,0.788903443718829,1.1773171554594335,MEFISTO,batch_002
k__Bacteria|p__Firmicutes|c__Bacilli|o__Lactobacillales|f__Carnobacteriaceae|g__Granulicatella,2.167605450454769,-1.0715897874364528,-0.1096179573567812,-0.4658205986118098,2.030681274274508e-05,MEFISTO,batch_002
k__Bacteria|p__Firmicutes|c__Bacilli|o__Lactobacillales|f__Lactobacillaceae|g__Lactobacillus,2.3198389496041054,-0.8542855007262832,-0.2439984216190713,-0.6045385576545642,0.4290068572171682,MEFISTO,batch_002
k__Bacteria|p__Firmicutes|c__Bacilli|o__Lactobacillales|f__Streptococcaceae|g__Streptococcus,1.1631651194941528,-0.5986851023592068,-0.3239685845858609,-0.5536070740054686,-0.296322037966621,MEFISTO,batch_002
k__Bacteria|p__Firmicutes|c__Clostridia|o__Clostridiales|f__Lachnospiraceae|g__Blautia,-0.9572850192561548,-0.0006891032955556,-0.3052615895513659,-0.2902564307340964,-1.0817304606222498,MEFISTO,batch_002
k__Bacteria|p__Firmicutes|c__Clostridia|o__Clostridiales|f__Lachnospiraceae|g__Coprococcus,-0.6767574036820774,-0.6705319185790105,0.4505715491712596,-0.0005526165862689,-0.8193650140576224,MEFISTO,batch_002
k__Bacteria|p__Firmicutes|c__Clostridia|o__Clostridiales|f__Lachnospiraceae|g__Lachnospira,-1.0830201608260128,0.7023176905843356,0.8014234674964464,-0.2505545320811398,-0.0010099800201314,MEFISTO,batch_002
k__Bacteria|p__Firmicutes|c__Clostridia|o__Clostridiales|f__Lachnospiraceae|g__Roseburia,-0.7522325647806685,-0.8437632773405521,0.1928656939070385,0.4702317337096104,0.0021357106386829,MEFISTO,batch_002
k__Bacteria|p__Firmicutes|c__Clostridia|o__Clostridiales|f__Lachnospiraceae|g__[Ruminococcus],-0.1819223197161132,-0.4366839633391156,0.0008748005762176,-0.3654807650222328,-0.9299424990001796,MEFISTO,batch_002
k__Bacteria|p__Firmicutes|c__Clostridia|o__Clostridiales|f__Lachnospiraceae|g__Unknown_020,-1.2518498737044803,0.0030404243529498,-0.0002638007846957,0.0007162368182201,-0.8533181062340803,MEFISTO,batch_002
k__Bacteria|p__Firmicutes|c__Clostridia|o__Clostridiales|f__Ruminococcaceae|g__Faecalibacterium,-1.1868609203542315,-0.4416717497454385,0.0001897952565618,0.4230054667176156,0.2380341752637529,MEFISTO,batch_002
k__Bacteria|p__Firmicutes|c__Clostridia|o__Clostridiales|f__Ruminococcaceae|g__Oscillospira,-0.7821898756218243,0.1722183432595406,0.4167579720088161,0.2754618795055969,-0.0031586091444141,MEFISTO,batch_002
k__Bacteria|p__Firmicutes|c__Clostridia|o__Clostridiales|f__Ruminococcaceae|g__Ruminococcus,-0.8916631827633229,-0.864855589166033,-0.0003284843476271,0.5566731585162483,-0.0006941512291718,MEFISTO,batch_002
k__Bacteria|p__Firmicutes|c__Clostridia|o__Clostridiales|f__Ruminococcaceae|g__Unknown_023,-0.6218941472384706,-1.0792622333794677,-0.240910457381812,0.5705402266902061,-0.0009743755319816,MEFISTO,batch_002
k__Bacteria|p__Firmicutes|c__Clostridia|o__Clostridiales|f__Veillonellaceae|g__Veillonella,0.5076194181331424,1.5660549597142075,0.7303470812634302,-0.702877796752445,-0.721300295943394,MEFISTO,batch_002
k__Bacteria|p__Firmicutes|c__Clostridia|o__Clostridiales|f__Veillonellaceae|g__Unknown_024,-0.190233381574739,-0.3037853358171689,0.0026329178891309,0.7227998102098004,0.6861956903631881,MEFISTO,batch_002
k__Bacteria|p__Firmicutes|c__Clostridia|o__Clostridiales|f__|g__Unknown_025,-0.3739090010555806,-0.5041614865353317,0.2024361172914283,0.0004716540862943,-0.5626464268097888,MEFISTO,batch_002
k__Bacteria|p__Firmicutes|c__Clostridia|o__Coriobacteriales|f__Coriobacteriaceae|g__Collinsella,0.3996158821370402,-0.3785150715238692,0.0037390556517778,-0.6855365400940391,1.3403199099944818,MEFISTO,batch_002
k__Bacteria|p__Firmicutes|c__Clostridia|o__Coriobacteriales|f__|g__Unknown_027,-0.9016323634254376,-0.6049454386370989,0.4146376451527773,0.2935129111472083,-0.5156758149505173,MEFISTO,batch_002
k__Bacteria|p__Firmicutes|c__Clostridia|o__|f__|g__Unknown_029,-0.7891290568317626,-0.5254821469875319,0.2379523142815297,0.0002174357441607,-0.8404073608886254,MEFISTO,batch_002
k__Bacteria|p__Firmicutes|c__Erysipelotrichi|o__Erysipelotrichales|f__[Coprobacillaceae]|g__Unknown_031,-0.1173410981417636,-0.6582303389403197,0.0002372613066467,-0.4110472745189364,-0.9230361616875158,MEFISTO,batch_002
k__Bacteria|p__Proteobacteria|c__Betaproteobacteria|o__Burkholderiales|f__Alcaligenaceae|g__Sutterella,-1.4475203918899973,1.8179498822439224,0.7479011962456819,-0.2822977046716813,0.5477613798670004,MEFISTO,batch_002
k__Bacteria|p__Proteobacteria|c__Gammaproteobacteria|o__Enterobacteriales|f__Enterobacteriaceae|g__Escherichia,2.214521909941384,1.059116124043317,0.3218604531264464,0.6010712562344063,-0.932133722894839,MEFISTO,batch_002
k__Bacteria|p__Proteobacteria|c__Gammaproteobacteria|o__Enterobacteriales|f__Enterobacteriaceae|g__Unknown_042,2.1823918208748285,0.7812113713145517,-0.1722008563308676,0.6691415495802673,-0.9622141974450656,MEFISTO,batch_002
k__Bacteria|p__Proteobacteria|c__Gammaproteobacteria|o__Pasteurellales|f__Pasteurellaceae|g__Haemophilus,-0.3935834889126828,1.4135886823867825,0.8773981919816388,-0.5380733383453655,-0.4242479998725638,MEFISTO,batch_002
k__Bacteria|p__Verrucomicrobia|c__Verrucomicrobiae|o__Verrucomicrobiales|f__Verrucomicrobiaceae|g__Akkermansia,-0.003547072076793,-0.5578214670838499,0.0020910847117335,0.8546861918088672,1.5918498559546717,MEFISTO,batch_002
k__Bacteria|p__Actinobacteria|c__Actinobacteria|o__Bifidobacteriales|f__Bifidobacteriaceae|g__Bifidobacterium,0.248497854910185,-0.160369505071268,-0.218624102476519,0.153568741400028,-0.0003992465930689,TEMPTED,batch_003
k__Bacteria|p__Bacteroidetes|c__Bacteroidia|o__Bacteroidales|f__Bacteroidaceae|g__Bacteroides,-0.0343661433883418,0.419976651645282,-0.161235432308493,0.181782641147736,0.212318617680611,TEMPTED,batch_003
k__Bacteria|p__Bacteroidetes|c__Bacteroidia|o__Bacteroidales|f__Bacteroidaceae|g__Unknown_003,-0.0197461634339272,0.293199911023507,0.028304689629251,0.235044154392133,0.145545850459893,TEMPTED,batch_003
k__Bacteria|p__Bacteroidetes|c__Bacteroidia|o__Bacteroidales|f__Porphyromonadaceae|g__Parabacteroides,-0.0315948335431747,0.441540866625544,-0.207957928914356,0.163083435750017,0.236840100185902,TEMPTED,batch_003
k__Bacteria|p__Bacteroidetes|c__Bacteroidia|o__Bacteroidales|f__Prevotellaceae|g__Prevotella,0.0136239335273324,-0.026319896872751,0.0143119098821544,-0.12730665803933,0.242755271417242,TEMPTED,batch_003
k__Bacteria|p__Bacteroidetes|c__Bacteroidia|o__Bacteroidales|f__Rikenellaceae|g__Unknown_004,-0.169711667617733,0.104715865973331,-0.314084648553907,0.0402573437721455,0.346412530778158,TEMPTED,batch_003
k__Bacteria|p__Bacteroidetes|c__Bacteroidia|o__Bacteroidales|f__[Barnesiellaceae]|g__Unknown_006,-0.0278273166661493,0.0779257752452317,-0.140696123606454,0.0825596908305034,0.332757510420491,TEMPTED,batch_003
k__Bacteria|p__Firmicutes|c__Bacilli|o__Lactobacillales|f__Carnobacteriaceae|g__Granulicatella,0.294242913586931,-0.366231271650357,-0.0599961510284744,0.323117836178165,-0.172378092803366,TEMPTED,batch_003
k__Bacteria|p__Firmicutes|c__Bacilli|o__Lactobacillales|f__Lactobacillaceae|g__Lactobacillus,0.33670654878781,-0.282236113864713,0.0548880826446096,0.276162883745055,0.023433911922453,TEMPTED,batch_003
k__Bacteria|p__Firmicutes|c__Bacilli|o__Lactobacillales|f__Streptococcaceae|g__Streptococcus,0.212332179177084,-0.132154831074865,0.0537486272794574,0.0769343666255604,0.0353234925200969,TEMPTED,batch_003
k__Bacteria|p__Firmicutes|c__Clostridia|o__Clostridiales|f__Lachnospiraceae|g__Blautia,-0.0839909801921902,-0.058931726711561,-0.022712649476926,-0.0712493817433454,-0.304243669658192,TEMPTED,batch_003
k__Bacteria|p__Firmicutes|c__Clostridia|o__Clostridiales|f__Lachnospiraceae|g__Coprococcus,-0.104133139244106,-0.0831002987591195,-0.064325448437675,-0.10020947468588,-0.192829484417774,TEMPTED,batch_003
k__Bacteria|p__Firmicutes|c__Clostridia|o__Clostridiales|f__Lachnospiraceae|g__Lachnospira,-0.115376116154352,0.0141904942608166,0.217640342184632,-0.269053752023985,-0.105027612510865,TEMPTED,batch_003
k__Bacteria|p__Firmicutes|c__Clostridia|o__Clostridiales|f__Lachnospiraceae|g__Roseburia,-0.158109121834932,-0.11069923741185,0.0556717434667089,-0.293266206386886,0.0393492823175642,TEMPTED,batch_003
k__Bacteria|p__Firmicutes|c__Clostridia|o__Clostridiales|f__Lachnospiraceae|g__[Ruminococcus],-0.0310179748663809,-0.0879188120570314,-0.0185965066882695,-0.0330393124359591,-0.310751655986947,TEMPTED,batch_003
k__Bacteria|p__Firmicutes|c__Clostridia|o__Clostridiales|f__Lachnospiraceae|g__Unknown_020,-0.143202984696518,-0.0403134662519176,0.0119993626231475,-0.093332272393446,-0.221877816312156,TEMPTED,batch_003
k__Bacteria|p__Firmicutes|c__Clostridia|o__Clostridiales|f__Ruminococcaceae|g__Faecalibacterium,-0.219959231315288,0.0004678337484811,-0.14707047225874,-0.337352419511566,0.0238995461398064,TEMPTED,batch_003
k__Bacteria|p__Firmicutes|c__Clostridia|o__Clostridiales|f__Ruminococcaceae|g__Oscillospira,-0.120547926140137,-0.0045996669257665,0.0357915278988591,0.0703180468832357,-0.0707352224247296,TEMPTED,batch_003
k__Bacteria|p__Firmicutes|c__Clostridia|o__Clostridiales|f__Ruminococcaceae|g__Ruminococcus,-0.191053957476901,-0.0884296350038332,-0.128602438807946,-0.118068692374824,-0.0302124826622345,TEMPTED,batch_003
k__Bacteria|p__Firmicutes|c__Clostridia|o__Clostridiales|f__Ruminococcaceae|g__Unknown_023,-0.195244533079118,-0.118820083065658,-0.179718031391313,-0.178245562723618,-0.0791689110750092,TEMPTED,batch_003
k__Bacteria|p__Firmicutes|c__Clostridia|o__Clostridiales|f__Veillonellaceae|g__Veillonella,0.271769828998162,0.110594565861052,0.457338532444972,0.0724506071896718,0.0373342463100267,TEMPTED,batch_003
k__Bacteria|p__Firmicutes|c__Clostridia|o__Clostridiales|f__Veillonellaceae|g__Unknown_024,-0.0616192507334536,-0.0018074920753006,0.0598323177101413,-0.0073252919305537,0.23010376172246,TEMPTED,batch_003
k__Bacteria|p__Firmicutes|c__Clostridia|o__Clostridiales|f__|g__Unknown_025,-0.0605856191461416,-0.0605332265522401,0.0696485519653379,-0.106068199755981,-0.164109029785573,TEMPTED,batch_003
k__Bacteria|p__Firmicutes|c__Clostridia|o__Coriobacteriales|f__Coriobacteriaceae|g__Collinsella,0.121586647483393,0.0597418645162674,-0.290175710628025,-0.149697597354128,0.0964987393665224,TEMPTED,batch_003
k__Bacteria|p__Firmicutes|c__Clostridia|o__Coriobacteriales|f__|g__Unknown_027,-0.164495650920705,-0.0764977262208172,-0.0062519349739639,-0.181122563651545,-0.108754676755024,TEMPTED,batch_003
k__Bacteria|p__Firmicutes|c__Clostridia|o__|f__|g__Unknown_029,-0.133881170075193,-0.0930599620805422,0.0271357744346871,-0.1227104995195,-0.178385694243708,TEMPTED,batch_003
k__Bacteria|p__Firmicutes|c__Erysipelotrichi|o__Erysipelotrichales|f__[Coprobacillaceae]|g__Unknown_031,-0.0528134848884648,-0.138756186710263,-0.0134842636641887,-0.0250331919448223,-0.30055747965924,TEMPTED,batch_003
k__Bacteria|p__Proteobacteria|c__Betaproteobacteria|o__Burkholderiales|f__Alcaligenaceae|g__Sutterella,-0.104311823665635,0.344203021706799,0.171978862973205,-0.125039734127553,0.100400976794216,TEMPTED,batch_003
k__Bacteria|p__Proteobacteria|c__Gammaproteobacteria|o__Enterobacteriales|f__Enterobacteriaceae|g__Escherichia,0.353365152806549,-0.051476077575443,0.283857752927405,0.236940959969983,0.0883756200047677,TEMPTED,batch_003
k__Bacteria|p__Proteobacteria|c__Gammaproteobacteria|o__Enterobacteriales|f__Enterobacteriaceae|g__Unknown_042,0.378835342711851,-0.103288947932743,0.186091752779117,0.266008343106165,0.101617221225912,TEMPTED,batch_003
k__Bacteria|p__Proteobacteria|c__Gammaproteobacteria|o__Pasteurellales|f__Pasteurellaceae|g__Haemophilus,0.102370437638585,0.158713188775951,0.39562555304421,-0.0928915779422354,-0.0530011540655043,TEMPTED,batch_003
k__Bacteria|p__Verrucomicrobia|c__Verrucomicrobiae|o__Verrucomicrobiales|f__Verrucomicrobiaceae|g__Akkermansia,-0.109741750549041,0.0602741244857773,-0.150333540672645,0.252783337554758,-0.0005344503127313,TEMPTED,batch_003
k__Bacteria|p__Actinobacteria|c__Actinobacteria|o__Bifidobacteriales|f__Bifidobacteriaceae|g__Bifidobacterium,1.7548554574088049,-0.2997794196014029,-2.5307023699982767,-0.3179017773346108,-0.0009915158920498,MEFISTO,batch_003
k__Bacteria|p__Bacteroidetes|c__Bacteroidia|o__Bacteroidales|f__Bacteroidaceae|g__Bacteroides,-1.2468021248095902,1.1062643538062744,-1.0557484956388763,0.2127284959664024,0.1238627909610675,MEFISTO,batch_003
k__Bacteria|p__Bacteroidetes|c__Bacteroidia|o__Bacteroidales|f__Bacteroidaceae|g__Unknown_003,-0.812535738203407,1.0168483583523469,1.307281149082063,0.0011638462636317,-0.0007149032464264,MEFISTO,batch_003
k__Bacteria|p__Bacteroidetes|c__Bacteroidia|o__Bacteroidales|f__Porphyromonadaceae|g__Parabacteroides,-1.521747758117734,1.0813608785163984,1.4302892598689176,-0.0007417983304058,0.9239360233726278,MEFISTO,batch_003
k__Bacteria|p__Bacteroidetes|c__Bacteroidia|o__Bacteroidales|f__Prevotellaceae|g__Prevotella,0.8587252818120011,3.404086668592973e-05,1.5089293620739408,0.0004035891837379,0.0007762990803393,MEFISTO,batch_003
k__Bacteria|p__Bacteroidetes|c__Bacteroidia|o__Bacteroidales|f__Rikenellaceae|g__Unknown_004,-1.6539379436498791,-0.3470039157095564,1.6237291551694364,0.001124810699789,1.5805139789747091,MEFISTO,batch_003
k__Bacteria|p__Bacteroidetes|c__Bacteroidia|o__Bacteroidales|f__[Barnesiellaceae]|g__Unknown_006,-1.3273279386358698,-0.6243277091342534,2.0183256981324225,0.002734235062783,1.7902125368081636,MEFISTO,batch_003
k__Bacteria|p__Firmicutes|c__Bacilli|o__Lactobacillales|f__Carnobacteriaceae|g__Granulicatella,2.382775977146381,-0.4545165485294392,0.0009370226840095,-0.3480851669702965,-0.3063831839751028,MEFISTO,batch_003
k__Bacteria|p__Firmicutes|c__Bacilli|o__Lactobacillales|f__Lactobacillaceae|g__Lactobacillus,2.6988964491245,-0.2668252945707097,0.0003750096193029,-0.5366593171616142,0.0002555439264251,MEFISTO,batch_003
k__Bacteria|p__Firmicutes|c__Bacilli|o__Lactobacillales|f__Streptococcaceae|g__Streptococcus,1.5774365117978308,-0.1048818052424629,-0.7220218057475728,-0.3685294199923838,-0.4754484104890259,MEFISTO,batch_003
k__Bacteria|p__Firmicutes|c__Clostridia|o__Clostridiales|f__Lachnospiraceae|g__Blautia,-0.397465257124134,0.1687963477298727,-1.773661059021385,-0.0003953740469908,-1.5409365027562962,MEFISTO,batch_003
k__Bacteria|p__Firmicutes|c__Clostridia|o__Clostridiales|f__Lachnospiraceae|g__Coprococcus,-0.3638849416477653,-0.5474662970784234,-0.2257380197757281,8.543605195434218e-05,-1.185183004286025,MEFISTO,batch_003
k__Bacteria|p__Firmicutes|c__Clostridia|o__Clostridiales|f__Lachnospiraceae|g__Lachnospira,-1.130634377418969,0.7399174691192623,0.8912743618210832,-0.0007088777080026,-0.5050964622580437,MEFISTO,batch_003
k__Bacteria|p__Firmicutes|c__Clostridia|o__Clostridiales|f__Lachnospiraceae|g__Roseburia,-0.9377232380795328,-0.8637246224452055,0.3048853169137392,-0.0003946493954143,-0.1410797229965713,MEFISTO,batch_003
k__Bacteria|p__Firmicutes|c__Clostridia|o__Clostridiales|f__Lachnospiraceae|g__[Ruminococcus],0.171218058398479,-0.0006301256624247,-0.92941828353257,0.0003391636890633,-1.4711828881572409,MEFISTO,batch_003
k__Bacteria|p__Firmicutes|c__Clostridia|o__Clostridiales|f__Lachnospiraceae|g__Unknown_020,-0.973780074127315,-6.086344712720885e-05,-1.057413679617902,0.1184663539367997,-1.141082771787705,MEFISTO,batch_003
k__Bacteria|p__Firmicutes|c__Clostridia|o__Clostridiales|f__Ruminococcaceae|g__Faecalibacterium,-1.4331036167874598,-0.4053179938649592,0.1513827545110207,9.342123843978586e-05,0.0001524573277711,MEFISTO,batch_003
k__Bacteria|p__Firmicutes|c__Clostridia|o__Clostridiales|f__Ruminococcaceae|g__Oscillospira,-0.9489754499802042,0.0006392707958272,0.541257689795947,0.1958077834671721,-0.000576048529402,MEFISTO,batch_003
k__Bacteria|p__Firmicutes|c__Clostridia|o__Clostridiales|f__Ruminococcaceae|g__Ruminococcus,-0.9892296447644268,-0.9903206061880776,-0.0002059871618713,-8.466070278334311e-05,0.0005964429770923,MEFISTO,batch_003
k__Bacteria|p__Firmicutes|c__Clostridia|o__Clostridiales|f__Ruminococcaceae|g__Unknown_023,-0.7461943533926629,-1.1620956500544886,-0.3180594859987761,0.0001151620514681,-0.0007267396559087,MEFISTO,batch_003
k__Bacteria|p__Firmicutes|c__Clostridia|o__Clostridiales|f__Veillonellaceae|g__Veillonella,0.9518163453657702,1.5117202704112516,0.0017167577987354,0.1955137762815982,-0.8742498432088958,MEFISTO,batch_003
k__Bacteria|p__Firmicutes|c__Clostridia|o__Clostridiales|f__Veillonellaceae|g__Unknown_024,-0.9326517206334548,-0.6648969513426926,0.910628192219996,0.2994880228240157,0.9450211683980064,MEFISTO,batch_003
k__Bacteria|p__Firmicutes|c__Clostridia|o__Clostridiales|f__|g__Unknown_025,0.0009869771964899,-0.2725748916887416,-0.4153631969992077,0.0006072473902412,-0.9196226787862086,MEFISTO,batch_003
k__Bacteria|p__Firmicutes|c__Clostridia|o__Coriobacteriales|f__Coriobacteriaceae|g__Collinsella,0.6385337293571087,0.0824521449211802,0.9456015462232502,-0.6328250877579705,0.9657403268008902,MEFISTO,batch_003
k__Bacteria|p__Firmicutes|c__Clostridia|o__Coriobacteriales|f__|g__Unknown_027,-0.7876287266182853,-0.6069742709991605,0.0005273349926678,0.0588505076393182,-0.771623068352125,MEFISTO,batch_003
k__Bacteria|p__Firmicutes|c__Clostridia|o__|f__|g__Unknown_029,-0.4617109735721438,-0.3793448894676894,-0.5265089753278968,0.0001308554741994,-1.1380907892918444,MEFISTO,batch_003
k__Bacteria|p__Firmicutes|c__Erysipelotrichi|o__Erysipelotrichales|f__[Coprobacillaceae]|g__Unknown_031,0.4423549938818996,-0.2311738756971115,-1.0289991198103572,-0.1329373900624312,-1.4295889848782453,MEFISTO,batch_003
k__Bacteria|p__Proteobacteria|c__Betaproteobacteria|o__Burkholderiales|f__Alcaligenaceae|g__Sutterella,-1.6411710580807908,1.665324321663355,1.1461277947695376,0.0003815659339195,0.0007704260245578,MEFISTO,batch_003
k__Bacteria|p__Proteobacteria|c__Gammaproteobacteria|o__Enterobacteriales|f__Enterobacteriaceae|g__Escherichia,1.6511635284013713,0.1908816004750328,4.177645656195631e-05,1.548115604080562,0.0002703416103126,MEFISTO,batch_003
k__Bacteria|p__Proteobacteria|c__Gammaproteobacteria|o__Enterobacteriales|f__Enterobacteriaceae|g__Unknown_042,1.6153301009115786,-0.0008741361562682,-0.7593598194757942,1.4982941765281632,-1.5678797967590623e-05,MEFISTO,batch_003
k__Bacteria|p__Proteobacteria|c__Gammaproteobacteria|o__Pasteurellales|f__Pasteurellaceae|g__Haemophilus,-0.1679792251552792,1.512510098504544,0.8084262525631858,-0.0016774510565048,-0.3807966681810583,MEFISTO,batch_003
k__Bacteria|p__Verrucomicrobia|c__Verrucomicrobiae|o__Verrucomicrobiales|f__Verrucomicrobiaceae|g__Akkermansia,-1.039399813660499,-0.9866996077446292,1.7648718189197792,0.0057718233153933,1.8647891317627128,MEFISTO,batch_003
k__Bacteria|p__Actinobacteria|c__Actinobacteria|o__Bifidobacteriales|f__Bifidobacteriaceae|g__Bifidobacterium,0.244242181760936,-0.182813339234315,-0.299786339621799,-0.107859844668467,0.238930121345947,TEMPTED,batch_004
k__Bacteria|p__Bacteroidetes|c__Bacteroidia|o__Bacteroidales|f__Bacteroidaceae|g__Bacteroides,-0.0247753739706996,0.431094698659093,-0.279326271652168,-0.0161978863962387,0.0014480677665702,TEMPTED,batch_004
k__Bacteria|p__Bacteroidetes|c__Bacteroidia|o__Bacteroidales|f__Bacteroidaceae|g__Unknown_003,0.0021316870363236,0.29399639570012,-0.302858029995899,0.0055100214596385,-0.250208967988286,TEMPTED,batch_004
k__Bacteria|p__Bacteroidetes|c__Bacteroidia|o__Bacteroidales|f__Porphyromonadaceae|g__Parabacteroides,-0.0126162381619833,0.480070940134711,-0.174379549974766,-0.170489555306781,0.0621556647799564,TEMPTED,batch_004
k__Bacteria|p__Bacteroidetes|c__Bacteroidia|o__Bacteroidales|f__Prevotellaceae|g__Prevotella,0.0018484526420152,0.0580429070437392,0.0077405358518426,0.252473007203797,0.818981335966113,TEMPTED,batch_004
k__Bacteria|p__Bacteroidetes|c__Bacteroidia|o__Bacteroidales|f__Rikenellaceae|g__Unknown_004,-0.160227254989164,0.101634275728107,0.0006320488103782,-0.279137256991706,-0.0012820408651682,TEMPTED,batch_004
k__Bacteria|p__Firmicutes|c__Bacilli|o__Lactobacillales|f__Carnobacteriaceae|g__Granulicatella,0.275324018379307,-0.360526088478592,-0.355378496813468,0.0106510970355743,-0.0927278889214984,TEMPTED,batch_004
k__Bacteria|p__Firmicutes|c__Bacilli|o__Lactobacillales|f__Lactobacillaceae|g__Lactobacillus,0.326308069158342,-0.275782211028682,-0.275787977586128,0.091274078532115,0.0183655534718268,TEMPTED,batch_004
k__Bacteria|p__Firmicutes|c__Bacilli|o__Lactobacillales|f__Streptococcaceae|g__Streptococcus,0.205897087074395,-0.12434920121022,-0.160083647950544,0.113320645282418,0.0109428825440035,TEMPTED,batch_004
k__Bacteria|p__Firmicutes|c__Clostridia|o__Clostridiales|f__Lachnospiraceae|g__Blautia,-0.0966267912856688,-0.0521136551996703,0.116172471374346,-0.0181502503654697,0.0436642691257798,TEMPTED,batch_004
k__Bacteria|p__Firmicutes|c__Clostridia|o__Clostridiales|f__Lachnospiraceae|g__Coprococcus,-0.117615245317231,-0.0752711091299048,0.150672862142721,-0.0922455290604755,-0.0132669250408069,TEMPTED,batch_004
k__Bacteria|p__Firmicutes|c__Clostridia|o__Clostridiales|f__Lachnospiraceae|g__Lachnospira,-0.110748319397384,0.0093734977115474,0.299785943244314,-0.0130673516747139,-0.107351968244717,TEMPTED,batch_004
k__Bacteria|p__Firmicutes|c__Clostridia|o__Clostridiales|f__Lachnospiraceae|g__Roseburia,-0.162983211133168,-0.0722608053634901,0.19327720990897,-0.12209059546159,-0.0049659748705525,TEMPTED,batch_004
k__Bacteria|p__Firmicutes|c__Clostridia|o__Clostridiales|f__Lachnospiraceae|g__[Ruminococcus],-0.0449963286303457,-0.0740042397645492,0.105167582991243,0.0035811540745834,-0.0183608098899022,TEMPTED,batch_004
k__Bacteria|p__Firmicutes|c__Clostridia|o__Clostridiales|f__Lachnospiraceae|g__Unknown_020,-0.160149316091134,-0.0111328780601138,0.163375758484725,-0.0254219069524486,0.0062719196607579,TEMPTED,batch_004
k__Bacteria|p__Firmicutes|c__Clostridia|o__Clostridiales|f__Ruminococcaceae|g__Faecalibacterium,-0.222517574837152,-0.0118142900508196,0.135256223698277,-0.256135020368895,0.02645408631543,TEMPTED,batch_004
k__Bacteria|p__Firmicutes|c__Clostridia|o__Clostridiales|f__Ruminococcaceae|g__Oscillospira,-0.116532363204133,-0.0038725883188685,0.110616600640779,-0.0381169224527544,-0.0997727616207102,TEMPTED,batch_004
k__Bacteria|p__Firmicutes|c__Clostridia|o__Clostridiales|f__Ruminococcaceae|g__Ruminococcus,-0.206178991266135,-0.0729949940020277,0.0920875986936404,-0.247564129489187,-0.0755616650638912,TEMPTED,batch_004
k__Bacteria|p__Firmicutes|c__Clostridia|o__Clostridiales|f__Ruminococcaceae|g__Unknown_023,-0.210024294956288,-0.108213154226033,0.0540913724951382,-0.233155603767306,-0.0216848811848176,TEMPTED,batch_004
k__Bacteria|p__Firmicutes|c__Clostridia|o__Clostridiales|f__Veillonellaceae|g__Veillonella,0.287577823765593,0.108123404647655,0.187410313811264,0.375722338483518,-0.0888976191262485,TEMPTED,batch_004
k__Bacteria|p__Firmicutes|c__Clostridia|o__Clostridiales|f__Veillonellaceae|g__Unknown_024,-0.0688572872772517,0.0232186202652661,-0.0456100733972657,0.147464203831788,-0.0175967455816361,TEMPTED,batch_004
k__Bacteria|p__Firmicutes|c__Clostridia|o__Clostridiales|f__|g__Unknown_025,-0.0692066718678646,-0.0512552215667261,0.136074382061661,0.0299382401820881,-0.0214824036036917,TEMPTED,batch_004
k__Bacteria|p__Firmicutes|c__Clostridia|o__Coriobacteriales|f__Coriobacteriaceae|g__Collinsella,0.110315501607729,0.0610496212490748,-0.161223031302161,-0.259746536903196,0.241472558147764,TEMPTED,batch_004
k__Bacteria|p__Firmicutes|c__Clostridia|o__Coriobacteriales|f__|g__Unknown_027,-0.170931301014889,-0.081533697909428,0.177764848975225,-0.111547729401804,-0.0524530204565462,TEMPTED,batch_004
k__Bacteria|p__Firmicutes|c__Clostridia|o__|f__|g__Unknown_029,-0.138759370231092,-0.0978516373258915,0.187682150921489,-0.0146582390446503,-0.0121140191805598,TEMPTED,batch_004
k__Bacteria|p__Firmicutes|c__Erysipelotrichi|o__Erysipelotrichales|f__[Coprobacillaceae]|g__Unknown_031,-0.0723492135327607,-0.137481273156838,0.0459553922694014,-0.0213548226903008,-0.0864892561343133,TEMPTED,batch_004
k__Bacteria|p__Proteobacteria|c__Betaproteobacteria|o__Burkholderiales|f__Alcaligenaceae|g__Sutterella,-0.0880432825161289,0.313532147624911,0.0608850854234483,0.140968028893993,0.0558298466189668,TEMPTED,batch_004
k__Bacteria|p__Proteobacteria|c__Gammaproteobacteria|o__Enterobacteriales|f__Enterobacteriaceae|g__Escherichia,0.360125665377751,-0.0795443871771401,-0.109990738531429,0.355002124972505,-0.143855451512285,TEMPTED,batch_004
k__Bacteria|p__Proteobacteria|c__Gammaproteobacteria|o__Enterobacteriales|f__Enterobacteriaceae|g__Unknown_042,0.375053804681122,-0.125582986040663,-0.161464591459633,0.297304064280161,-0.102848446463047,TEMPTED,batch_004
k__Bacteria|p__Proteobacteria|c__Gammaproteobacteria|o__Pasteurellales|f__Pasteurellaceae|g__Haemophilus,0.108436720394644,0.133469708519884,0.194095262947898,0.313224859085054,-0.107346219724773,TEMPTED,batch_004
k__Bacteria|p__Verrucomicrobia|c__Verrucomicrobiae|o__Verrucomicrobiales|f__Verrucomicrobiaceae|g__Akkermansia,-0.0431225821976822,-0.015208460040135,-0.0928548964614993,-0.109494682321247,-0.206249240269666,TEMPTED,batch_004
k__Bacteria|p__Actinobacteria|c__Actinobacteria|o__Bifidobacteriales|f__Bifidobacteriaceae|g__Bifidobacterium,1.6144098070859627,-0.39559388551453,-1.860699382079642,-6.635669359611991e-05,-0.5357888919719779,MEFISTO,batch_004
k__Bacteria|p__Bacteroidetes|c__Bacteroidia|o__Bacteroidales|f__Bacteroidaceae|g__Bacteroides,-1.398019280130103,1.664078926065707,-0.2121176291956689,3.3725945719622975e-05,0.0011786961242906,MEFISTO,batch_004
k__Bacteria|p__Bacteroidetes|c__Bacteroidia|o__Bacteroidales|f__Bacteroidaceae|g__Unknown_003,-0.9656076954877522,1.3845048688424737,1.3426271959860712,-0.00037973306579,-0.0067231175896053,MEFISTO,batch_004
k__Bacteria|p__Bacteroidetes|c__Bacteroidia|o__Bacteroidales|f__Porphyromonadaceae|g__Parabacteroides,-1.0208295165672083,1.8947012084908244,1.0237939704595351,-0.4554488810930444,0.7152288835277233,MEFISTO,batch_004
k__Bacteria|p__Bacteroidetes|c__Bacteroidia|o__Bacteroidales|f__Prevotellaceae|g__Prevotella,0.9101776611076294,-0.1521908980733807,0.8464804787032776,-0.0003898306606481,-0.0004318442663614,MEFISTO,batch_004
k__Bacteria|p__Bacteroidetes|c__Bacteroidia|o__Bacteroidales|f__Rikenellaceae|g__Unknown_004,-1.1351394824997458,-0.3836722777792504,0.3255705888870228,-0.000275725558607,1.4307537510075792,MEFISTO,batch_004
k__Bacteria|p__Firmicutes|c__Bacilli|o__Lactobacillales|f__Carnobacteriaceae|g__Granulicatella,2.0767151538191952,-0.6206006796420102,3.128918972238597e-05,3.249524406746896e-05,-0.4876365764030506,MEFISTO,batch_004
k__Bacteria|p__Firmicutes|c__Bacilli|o__Lactobacillales|f__Lactobacillaceae|g__Lactobacillus,2.4322286587451254,-0.3659083956924338,-0.0806247000649522,-0.179662348228153,-0.3667198829644948,MEFISTO,batch_004
k__Bacteria|p__Firmicutes|c__Bacilli|o__Lactobacillales|f__Streptococcaceae|g__Streptococcus,1.4044564981154917,-0.5068539484747033,-0.4952435678022135,0.0001470402907002,-0.5347199223088545,MEFISTO,batch_004
k__Bacteria|p__Firmicutes|c__Clostridia|o__Clostridiales|f__Lachnospiraceae|g__Blautia,-0.9943667088005524,-0.0027118365938768,-0.3522734498568456,-2.194712034714524e-05,-0.9553225574124696,MEFISTO,batch_004
k__Bacteria|p__Firmicutes|c__Clostridia|o__Clostridiales|f__Lachnospiraceae|g__Coprococcus,-0.4655838338277269,-1.2411112703532163,0.00017184909484,-0.0001469733866999,-0.5607594244066094,MEFISTO,batch_004
k__Bacteria|p__Firmicutes|c__Clostridia|o__Clostridiales|f__Lachnospiraceae|g__Lachnospira,-1.324061262520555,0.493191051593823,1.0045805679599786,-0.0001939191008126,-6.499434478635925e-05,MEFISTO,batch_004
k__Bacteria|p__Firmicutes|c__Clostridia|o__Clostridiales|f__Lachnospiraceae|g__Roseburia,-0.8958516928384651,-1.3694656553708344,-6.002093037497921e-05,0.2099266095189957,0.7641480551182647,MEFISTO,batch_004
k__Bacteria|p__Firmicutes|c__Clostridia|o__Clostridiales|f__Lachnospiraceae|g__[Ruminococcus],-0.2174612950888289,-0.2875851183298482,1.354233713403765e-05,-4.622692763465621e-06,-1.04437995405021,MEFISTO,batch_004
k__Bacteria|p__Firmicutes|c__Clostridia|o__Clostridiales|f__Lachnospiraceae|g__Unknown_020,-1.438451255330966,-0.0804949466390643,-2.6659206847414034e-05,-4.95494948690012e-06,-0.537988149423048,MEFISTO,batch_004
k__Bacteria|p__Firmicutes|c__Clostridia|o__Clostridiales|f__Ruminococcaceae|g__Faecalibacterium,-1.330869387168682,-0.7854260794508438,7.377859379133863e-05,-0.0001087992085424,0.5826556965281039,MEFISTO,batch_004
k__Bacteria|p__Firmicutes|c__Clostridia|o__Clostridiales|f__Ruminococcaceae|g__Oscillospira,-0.8712065157706708,0.0056072900159093,0.4204081749553058,0.0002474094012912,0.008507421294407,MEFISTO,batch_004
k__Bacteria|p__Firmicutes|c__Clostridia|o__Clostridiales|f__Ruminococcaceae|g__Ruminococcus,-0.7997105147393233,-1.457253205441,-0.339584703587048,-9.724112214557082e-05,0.523045682883706,MEFISTO,batch_004
k__Bacteria|p__Firmicutes|c__Clostridia|o__Clostridiales|f__Ruminococcaceae|g__Unknown_023,-0.775104528669404,-1.511412843329685,-0.4128237747237721,-1.9739333424001843e-05,0.3550500800912118,MEFISTO,batch_004
k__Bacteria|p__Firmicutes|c__Clostridia|o__Clostridiales|f__Veillonellaceae|g__Veillonella,0.285258284110543,1.5631781442448422,0.7541807634171908,0.4427339838665182,-0.7733789682693494,MEFISTO,batch_004
k__Bacteria|p__Firmicutes|c__Clostridia|o__Clostridiales|f__Veillonellaceae|g__Unknown_024,-0.4337130374839193,-0.5434815757670316,2.3803268595516172e-05,-5.412190392412769e-05,1.0847998148623113,MEFISTO,batch_004
k__Bacteria|p__Firmicutes|c__Clostridia|o__Clostridiales|f__|g__Unknown_025,-0.3637386832508389,-0.4074770112446986,0.1446178632259281,-0.0003200972370038,-0.3529424763578428,MEFISTO,batch_004
k__Bacteria|p__Firmicutes|c__Clostridia|o__Coriobacteriales|f__Coriobacteriaceae|g__Collinsella,1.8578097832355525,0.2835081374912698,0.0005635770444842,-1.3153656470260124,0.0038787909970271,MEFISTO,batch_004
k__Bacteria|p__Firmicutes|c__Clostridia|o__Coriobacteriales|f__|g__Unknown_027,-0.9338923182317732,-0.9796292172288792,0.1819075947551402,-1.077768849374671e-05,-0.0037455553331445,MEFISTO,batch_004
k__Bacteria|p__Firmicutes|c__Clostridia|o__|f__|g__Unknown_029,-0.7247687567509365,-0.8896518338104549,1.10337376019236e-06,4.6395090370180406e-05,-0.6468749632617071,MEFISTO,batch_004
k__Bacteria|p__Firmicutes|c__Erysipelotrichi|o__Erysipelotrichales|f__[Coprobacillaceae]|g__Unknown_031,-0.1674787506674308,-0.4675496278880182,6.500474600268278e-06,0.0001072995981213,-1.1529000244408143,MEFISTO,batch_004
k__Bacteria|p__Proteobacteria|c__Betaproteobacteria|o__Burkholderiales|f__Alcaligenaceae|g__Sutterella,-1.4834925799903846,1.8148442941823608,1.2516122720207588,-0.3164045873425909,0.4122334157056664,MEFISTO,batch_004
k__Bacteria|p__Proteobacteria|c__Gammaproteobacteria|o__Enterobacteriales|f__Enterobacteriaceae|g__Escherichia,0.7314308968630099,0.2509410671807283,4.889255596036711e-05,2.0164881148069096,0.000118814034985,MEFISTO,batch_004
k__Bacteria|p__Proteobacteria|c__Gammaproteobacteria|o__Enterobacteriales|f__Enterobacteriaceae|g__Unknown_042,0.6332696128337686,0.108892662276322,-0.4734396885763698,1.9811512485379743,-0.0007111707969793,MEFISTO,batch_004
k__Bacteria|p__Proteobacteria|c__Gammaproteobacteria|o__Pasteurellales|f__Pasteurellaceae|g__Haemophilus,-0.2300899675509969,1.3190464970496745,0.8516579200401365,0.0002891831985963,-0.326919177731289,MEFISTO,batch_004
k__Bacteria|p__Verrucomicrobia|c__Verrucomicrobiae|o__Verrucomicrobiales|f__Verrucomicrobiaceae|g__Akkermansia,0.5413258556743981,-0.8572280515459292,0.0029242998647337,-0.5341315720299077,1.2096630817852414,MEFISTO,batch_004
k__Bacteria|p__Actinobacteria|c__Actinobacteria|o__Bifidobacteriales|f__Bifidobacteriaceae|g__Bifidobacterium,0.258455310168201,-0.15047134273323,-0.269165533824781,0.0136725369280769,-0.0647579444087855,TEMPTED,batch_005
k__Bacteria|p__Bacteroidetes|c__Bacteroidia|o__Bacteroidales|f__Bacteroidaceae|g__Bacteroides,-0.0188865837934325,0.438280984699769,-0.258927122870984,0.233009769769175,0.204485847610667,TEMPTED,batch_005
k__Bacteria|p__Bacteroidetes|c__Bacteroidia|o__Bacteroidales|f__Bacteroidaceae|g__Unknown_003,-1.70290567326247e-05,0.343094673597486,-0.145975225036977,0.229848436162759,0.164099749617975,TEMPTED,batch_005
k__Bacteria|p__Bacteroidetes|c__Bacteroidia|o__Bacteroidales|f__Porphyromonadaceae|g__Parabacteroides,-0.0175675301725543,0.460832639376156,-0.186135036192854,-0.0886722369296265,0.32855151365516,TEMPTED,batch_005
k__Bacteria|p__Bacteroidetes|c__Bacteroidia|o__Bacteroidales|f__Prevotellaceae|g__Prevotella,0.0307894647546397,-0.0305588410416976,0.111287932710054,-0.0374372273793407,0.254431705508564,TEMPTED,batch_005
k__Bacteria|p__Bacteroidetes|c__Bacteroidia|o__Bacteroidales|f__Rikenellaceae|g__Unknown_004,-0.167677660981824,0.139179113334168,-0.196468408132163,-0.0940119350868528,0.459093037498233,TEMPTED,batch_005
k__Bacteria|p__Firmicutes|c__Bacilli|o__Lactobacillales|f__Carnobacteriaceae|g__Granulicatella,0.275839954800392,-0.333154740819339,-0.238100048222494,0.210868723817233,-0.228272839479146,TEMPTED,batch_005
k__Bacteria|p__Firmicutes|c__Bacilli|o__Lactobacillales|f__Lactobacillaceae|g__Lactobacillus,0.332692844545984,-0.239457776130735,-0.170699274125387,0.249365489957153,0.0001873909314299,TEMPTED,batch_005
k__Bacteria|p__Firmicutes|c__Bacilli|o__Lactobacillales|f__Streptococcaceae|g__Streptococcus,0.216588146909437,-0.130480822227332,-0.0198730395683844,0.0903231049498584,0.0044779132108018,TEMPTED,batch_005
k__Bacteria|p__Firmicutes|c__Clostridia|o__Clostridiales|f__Lachnospiraceae|g__Blautia,-0.0808530527147732,-0.0519460872037705,0.030036591788559,-0.0624406903310964,-0.236371998105694,TEMPTED,batch_005
k__Bacteria|p__Firmicutes|c__Clostridia|o__Clostridiales|f__Lachnospiraceae|g__Coprococcus,-0.105568045491142,-0.0746738917664776,-0.0294793861341602,-0.151902547450638,-0.146103171627683,TEMPTED,batch_005
k__Bacteria|p__Firmicutes|c__Clostridia|o__Clostridiales|f__Lachnospiraceae|g__Lachnospira,-0.122845924301962,0.0209280033290544,0.242523614532392,-0.151458086248203,-0.100624837086691,TEMPTED,batch_005
k__Bacteria|p__Firmicutes|c__Clostridia|o__Clostridiales|f__Lachnospiraceae|g__Roseburia,-0.160140340003917,-0.0899647245617949,0.106357390516541,-0.238312829266953,-0.0011591757106794,TEMPTED,batch_005
k__Bacteria|p__Firmicutes|c__Clostridia|o__Clostridiales|f__Lachnospiraceae|g__[Ruminococcus],-0.0302430345058551,-0.0892237535764929,0.0303953664706049,-0.0178051398613251,-0.246450998896579,TEMPTED,batch_005
k__Bacteria|p__Firmicutes|c__Clostridia|o__Clostridiales|f__Lachnospiraceae|g__Unknown_020,-0.142247716762545,-0.0319347659128576,0.0700590922919914,-0.0999072910708892,-0.172214097310601,TEMPTED,batch_005
k__Bacteria|p__Firmicutes|c__Clostridia|o__Clostridiales|f__Ruminococcaceae|g__Faecalibacterium,-0.22796226245946,0.0252280846596225,-0.082947000023675,-0.34611202944397,0.0539022295048152,TEMPTED,batch_005
k__Bacteria|p__Firmicutes|c__Clostridia|o__Clostridiales|f__Ruminococcaceae|g__Oscillospira,-0.114159380235462,-0.0117225231010448,0.0735632477671758,0.0391255963361283,-0.0647133866882198,TEMPTED,batch_005
k__Bacteria|p__Firmicutes|c__Clostridia|o__Clostridiales|f__Ruminococcaceae|g__Ruminococcus,-0.201552004295478,-0.0905722590370896,-0.104710142454208,-0.184337031863027,-0.0229036654437854,TEMPTED,batch_005
k__Bacteria|p__Firmicutes|c__Clostridia|o__Clostridiales|f__Ruminococcaceae|g__Unknown_023,-0.209356499687694,-0.114550271698777,-0.14734622839712,-0.228525243660667,-0.0402669862598116,TEMPTED,batch_005
k__Bacteria|p__Firmicutes|c__Clostridia|o__Clostridiales|f__Veillonellaceae|g__Veillonella,0.27870767625465,0.0743193640173201,0.469375376202044,0.233692024071019,0.0165365740687186,TEMPTED,batch_005
k__Bacteria|p__Firmicutes|c__Clostridia|o__Clostridiales|f__Veillonellaceae|g__Unknown_024,-0.0607645024373187,0.039113339425796,0.0192659870095543,-0.0039262178675377,0.157771729727428,TEMPTED,batch_005
k__Bacteria|p__Firmicutes|c__Clostridia|o__Clostridiales|f__|g__Unknown_025,-0.0706497117681014,-0.0806797244322848,0.091723425736576,-0.0295582266215564,-0.184830846720806,TEMPTED,batch_005
k__Bacteria|p__Firmicutes|c__Clostridia|o__Coriobacteriales|f__Coriobacteriaceae|g__Collinsella,0.0815678438681585,0.0902779863603637,-0.195250846682941,-0.133016092724486,-0.0111146113845248,TEMPTED,batch_005
k__Bacteria|p__Firmicutes|c__Clostridia|o__Coriobacteriales|f__|g__Unknown_027,-0.167704575498493,-0.0817790218528667,0.0444813548852231,-0.168734685854777,-0.0755671400585233,TEMPTED,batch_005
k__Bacteria|p__Firmicutes|c__Clostridia|o__|f__|g__Unknown_029,-0.136635453588854,-0.107836862171149,0.0968824822809053,-0.116958222377612,-0.15995847091054,TEMPTED,batch_005
k__Bacteria|p__Firmicutes|c__Erysipelotrichi|o__Erysipelotrichales|f__[Coprobacillaceae]|g__Unknown_031,-0.0753961461515945,-0.148221462298673,-0.006671618190217,-0.04944934607701,-0.331236954151503,TEMPTED,batch_005
k__Bacteria|p__Proteobacteria|c__Betaproteobacteria|o__Burkholderiales|f__Alcaligenaceae|g__Sutterella,-0.100687806926511,0.313964125234889,0.215863456899413,-0.0998717608841477,0.205025837597985,TEMPTED,batch_005
k__Bacteria|p__Proteobacteria|c__Gammaproteobacteria|o__Enterobacteriales|f__Enterobacteriaceae|g__Escherichia,0.347900305183797,-0.081197815053305,0.146488660092653,0.354884113936892,0.0007372489016225,TEMPTED,batch_005
k__Bacteria|p__Proteobacteria|c__Gammaproteobacteria|o__Enterobacteriales|f__Enterobacteriaceae|g__Unknown_042,0.380705749205387,-0.140542331295383,0.0947366612408455,0.352640428701186,0.075842775402522,TEMPTED,batch_005
k__Bacteria|p__Proteobacteria|c__Gammaproteobacteria|o__Pasteurellales|f__Pasteurellaceae|g__Haemophilus,0.101652951264951,0.120622324144209,0.393492285883796,0.0648291250213218,-0.0663131902910918,TEMPTED,batch_005
k__Bacteria|p__Verrucomicrobia|c__Verrucomicrobiae|o__Verrucomicrobiales|f__Verrucomicrobiaceae|g__Akkermansia,-0.0939849861218944,0.0131283787354641,-0.184784016451984,0.230177491348913,0.227716761298743,TEMPTED,batch_005
k__Bacteria|p__Actinobacteria|c__Actinobacteria|o__Bifidobacteriales|f__Bifidobacteriaceae|g__Bifidobacterium,1.437786600539515,-0.1994580604206679,-1.9771475527429825,-6.959745805646107e-05,-0.6722287485290234,MEFISTO,batch_005
k__Bacteria|p__Bacteroidetes|c__Bacteroidia|o__Bacteroidales|f__Bacteroidaceae|g__Bacteroides,-0.919300802903614,1.100033918523946,-1.054863039021623,0.0001248910696633,0.5332932201837067,MEFISTO,batch_005
k__Bacteria|p__Bacteroidetes|c__Bacteroidia|o__Bacteroidales|f__Bacteroidaceae|g__Unknown_003,-0.4338543242360497,1.0981111921461697,0.9763179992437084,-0.1960082158891471,0.4494911261829794,MEFISTO,batch_005
k__Bacteria|p__Bacteroidetes|c__Bacteroidia|o__Bacteroidales|f__Porphyromonadaceae|g__Parabacteroides,0.001752400946354,0.6222357033033679,0.0061292151019298,-0.8039177991428361,1.3861438027140127,MEFISTO,batch_005
k__Bacteria|p__Bacteroidetes|c__Bacteroidia|o__Bacteroidales|f__Prevotellaceae|g__Prevotella,1.139996918933945,-0.1899370354253124,0.9572865750090724,-0.0001192774283037,-0.0204470735804401,MEFISTO,batch_005
k__Bacteria|p__Bacteroidetes|c__Bacteroidia|o__Bacteroidales|f__Rikenellaceae|g__Unknown_004,-1.254764272345757,-0.7802789917392796,0.4627159414947662,-0.0009766007629692,1.3423859621217318,MEFISTO,batch_005
k__Bacteria|p__Firmicutes|c__Bacilli|o__Lactobacillales|f__Carnobacteriaceae|g__Granulicatella,2.2678797994066096,-0.4801494718625839,0.0004793279507947,-8.76892702185183e-05,-0.6976404328900963,MEFISTO,batch_005
k__Bacteria|p__Firmicutes|c__Bacilli|o__Lactobacillales|f__Lactobacillaceae|g__Lactobacillus,2.521779514343638,-0.1800930846481835,0.0001281751849277,-0.0001978544443225,-0.4444522451513176,MEFISTO,batch_005
k__Bacteria|p__Firmicutes|c__Bacilli|o__Lactobacillales|f__Streptococcaceae|g__Streptococcus,1.303753940718832,-0.0018253901364417,-0.2579392496084523,-0.0002788673259088,-0.7514557746729689,MEFISTO,batch_005
k__Bacteria|p__Firmicutes|c__Clostridia|o__Clostridiales|f__Lachnospiraceae|g__Blautia,-0.9398125330442,0.3569194911944949,-0.3507297833193329,-3.752829319662012e-05,-0.9432358541223732,MEFISTO,batch_005
k__Bacteria|p__Firmicutes|c__Clostridia|o__Clostridiales|f__Lachnospiraceae|g__Coprococcus,-0.5970866666483112,-0.7019160221944193,0.4500618226268763,-7.328539830334663e-05,-0.8248747301716731,MEFISTO,batch_005
k__Bacteria|p__Firmicutes|c__Clostridia|o__Clostridiales|f__Lachnospiraceae|g__Lachnospira,-1.3542229209012282,0.9289796963951484,1.2720171647727074,-0.0003243368671291,0.0038143783706465,MEFISTO,batch_005
k__Bacteria|p__Firmicutes|c__Clostridia|o__Clostridiales|f__Lachnospiraceae|g__Roseburia,-1.1319786207200309,-0.6856938436265475,0.5443220094340572,0.0003758856694873,0.0085951580395384,MEFISTO,batch_005
k__Bacteria|p__Firmicutes|c__Clostridia|o__Clostridiales|f__Lachnospiraceae|g__[Ruminococcus],-0.15629126630664,0.0017174247488893,-5.478446550314661e-06,0.08442332488631,-0.9965684983293992,MEFISTO,batch_005
k__Bacteria|p__Firmicutes|c__Clostridia|o__Clostridiales|f__Lachnospiraceae|g__Unknown_020,-1.3798011922752236,0.2921649890006417,1.992065618511717e-05,-2.6177966237048184e-05,-0.4970098297107153,MEFISTO,batch_005
k__Bacteria|p__Firmicutes|c__Clostridia|o__Clostridiales|f__Ruminococcaceae|g__Faecalibacterium,-1.5589829856915427,-0.3223887722816381,0.3231117048432539,-0.0007996966160362,0.2412239914306134,MEFISTO,batch_005
k__Bacteria|p__Firmicutes|c__Clostridia|o__Clostridiales|f__Ruminococcaceae|g__Oscillospira,-0.8204642313527312,0.0029313877453679,0.4299459103283236,0.0001085540860639,0.1602314324932095,MEFISTO,batch_005
k__Bacteria|p__Firmicutes|c__Clostridia|o__Clostridiales|f__Ruminococcaceae|g__Ruminococcus,-1.02644979670701,-1.1139867793792664,4.195565378610155e-05,-3.748451764245448e-05,0.0015460914229939,MEFISTO,batch_005
k__Bacteria|p__Firmicutes|c__Clostridia|o__Clostridiales|f__Ruminococcaceae|g__Unknown_023,-0.8842964094995125,-1.1679234221698327,-0.198862724548565,-8.985842548303405e-05,-0.1791511454677953,MEFISTO,batch_005
k__Bacteria|p__Firmicutes|c__Clostridia|o__Clostridiales|f__Veillonellaceae|g__Veillonella,0.3751669427744371,1.9546136029434704,0.6762781280959942,0.5108268639964233,-0.3640072437099994,MEFISTO,batch_005
k__Bacteria|p__Firmicutes|c__Clostridia|o__Clostridiales|f__Veillonellaceae|g__Unknown_024,-0.4858984203593651,-1.0838389677201723,0.0014972923065666,0.0004943695676929,0.8806043263005596,MEFISTO,batch_005
k__Bacteria|p__Firmicutes|c__Clostridia|o__Clostridiales|f__|g__Unknown_025,-0.5279683601648179,-0.1454740157620447,0.37372868362973,9.949020142314026e-05,-0.5921061580936181,MEFISTO,batch_005
k__Bacteria|p__Firmicutes|c__Clostridia|o__Coriobacteriales|f__Coriobacteriaceae|g__Collinsella,1.3682928763530429,-0.6119391686896678,0.0006221102500075,-0.9642806181616412,0.4084149429353181,MEFISTO,batch_005
k__Bacteria|p__Firmicutes|c__Clostridia|o__Coriobacteriales|f__|g__Unknown_027,-1.1825384966940915,-0.4256520165030066,0.661678534422111,-8.120885779632592e-06,-0.3633075165618905,MEFISTO,batch_005
k__Bacteria|p__Firmicutes|c__Clostridia|o__|f__|g__Unknown_029,-0.9492453115601504,-0.1635033129531541,0.4453868706221596,2.818303861989309e-05,-0.7215952124561533,MEFISTO,batch_005
k__Bacteria|p__Firmicutes|c__Erysipelotrichi|o__Erysipelotrichales|f__[Coprobacillaceae]|g__Unknown_031,0.0004693040161851,-0.2980750141611293,0.000540048360021,-0.0007161487912923,-1.1952039283784328,MEFISTO,batch_005
k__Bacteria|p__Proteobacteria|c__Betaproteobacteria|o__Burkholderiales|f__Alcaligenaceae|g__Sutterella,-1.2469488619556413,1.4846444945815422,1.0330680170238111,-0.2629784710846842,0.8251394265801573,MEFISTO,batch_005
k__Bacteria|p__Proteobacteria|c__Gammaproteobacteria|o__Enterobacteriales|f__Enterobacteriaceae|g__Escherichia,0.7293690841190944,0.1531572178664787,0.0001792042609671,2.0997381255250884,0.1187337785481116,MEFISTO,batch_005
k__Bacteria|p__Proteobacteria|c__Gammaproteobacteria|o__Enterobacteriales|f__Enterobacteriaceae|g__Unknown_042,0.6133750498998687,0.0005673813988565,-0.5153224152504517,2.060619209188859,-5.584754296478511e-06,MEFISTO,batch_005
k__Bacteria|p__Proteobacteria|c__Gammaproteobacteria|o__Pasteurellales|f__Pasteurellaceae|g__Haemophilus,-0.009605133256615,1.7775072377383094,0.8748031369050385,-0.1601667375450116,0.0043830848736548,MEFISTO,batch_005
k__Bacteria|p__Verrucomicrobia|c__Verrucomicrobiae|o__Verrucomicrobiales|f__Verrucomicrobiaceae|g__Akkermansia,-0.0026884471854852,-1.836463905656812,-0.1772246289516798,-0.0003473646247093,1.3187057664903945,MEFISTO,batch_005
k__Bacteria|p__Actinobacteria|c__Actinobacteria|o__Bifidobacteriales|f__Bifidobacteriaceae|g__Bifidobacterium,0.231330121519741,-0.174987986449517,-0.32267666212485,0.11190265241264,0.134282424269241,TEMPTED,batch_006
k__Bacteria|p__Bacteroidetes|c__Bacteroidia|o__Bacteroidales|f__Bacteroidaceae|g__Bacteroides,-0.0215377535750264,0.476237181109201,-0.252098957432737,0.134316104941864,0.0136438864759391,TEMPTED,batch_006
k__Bacteria|p__Bacteroidetes|c__Bacteroidia|o__Bacteroidales|f__Bacteroidaceae|g__Unknown_003,-0.0026887074483441,0.353787029029295,-0.162702564252873,0.231005651185831,-0.244149285352905,TEMPTED,batch_006
k__Bacteria|p__Bacteroidetes|c__Bacteroidia|o__Bacteroidales|f__Porphyromonadaceae|g__Parabacteroides,-0.0395247556705081,0.404600641840706,-0.177137247591508,0.0097850320505797,0.186601396261377,TEMPTED,batch_006
k__Bacteria|p__Bacteroidetes|c__Bacteroidia|o__Bacteroidales|f__Prevotellaceae|g__Prevotella,0.0017284014192287,-0.0022581751542098,0.0310352150730667,0.0586358051430351,0.866786091895356,TEMPTED,batch_006
k__Bacteria|p__Bacteroidetes|c__Bacteroidia|o__Bacteroidales|f__Rikenellaceae|g__Unknown_004,-0.171144299582676,0.0591122450402219,-0.104057830016464,-0.267618325376194,0.0654385160154535,TEMPTED,batch_006
k__Bacteria|p__Firmicutes|c__Bacilli|o__Lactobacillales|f__Carnobacteriaceae|g__Granulicatella,0.274291319385399,-0.358776760812348,-0.220509343272973,0.273327126894222,-0.0655228271682832,TEMPTED,batch_006
k__Bacteria|p__Firmicutes|c__Bacilli|o__Lactobacillales|f__Lactobacillaceae|g__Lactobacillus,0.315341916103565,-0.261453683503164,-0.207451249637923,0.247467337810895,0.0284367179681737,TEMPTED,batch_006
k__Bacteria|p__Firmicutes|c__Bacilli|o__Lactobacillales|f__Streptococcaceae|g__Streptococcus,0.194394471685953,-0.131359766592986,-0.0622178988731334,0.174787947645482,0.005729418975413,TEMPTED,batch_006
k__Bacteria|p__Firmicutes|c__Clostridia|o__Clostridiales|f__Clostridiaceae|g__Clostridium,0.208297408089761,-0.0160564133980639,0.448291780979301,0.0922963742857842,-0.133851878502654,TEMPTED,batch_006
k__Bacteria|p__Firmicutes|c__Clostridia|o__Clostridiales|f__Lachnospiraceae|g__Blautia,-0.0896819444508695,-0.0600649534699987,0.0660583140103983,-0.048291535018767,0.0224599307780678,TEMPTED,batch_006
k__Bacteria|p__Firmicutes|c__Clostridia|o__Clostridiales|f__Lachnospiraceae|g__Coprococcus,-0.110982393521338,-0.077779463945237,0.0093744305967716,-0.129232407533341,-0.0395407069194445,TEMPTED,batch_006
k__Bacteria|p__Firmicutes|c__Clostridia|o__Clostridiales|f__Lachnospiraceae|g__Lachnospira,-0.119769573836933,-0.0058745454672187,0.131087493793595,-0.189384894343646,-0.120795552039499,TEMPTED,batch_006
k__Bacteria|p__Firmicutes|c__Clostridia|o__Clostridiales|f__Lachnospiraceae|g__Roseburia,-0.168008356746438,-0.089006825857564,-0.0237612688491963,-0.199372364944199,-0.0513797486882106,TEMPTED,batch_006
k__Bacteria|p__Firmicutes|c__Clostridia|o__Clostridiales|f__Lachnospiraceae|g__[Ruminococcus],-0.0471047417435656,-0.0682217393464486,0.0836821635634013,-0.0274098879334939,-0.0381482072682408,TEMPTED,batch_006
k__Bacteria|p__Firmicutes|c__Clostridia|o__Clostridiales|f__Lachnospiraceae|g__Unknown_020,-0.151029795551289,-0.0311179507266793,0.0833868977443373,-0.118210927762931,-0.0115744575842956,TEMPTED,batch_006
k__Bacteria|p__Firmicutes|c__Clostridia|o__Clostridiales|f__Ruminococcaceae|g__Faecalibacterium,-0.224870356294554,-0.0059830893983955,-0.131640704924721,-0.296078722175873,0.0602642303742778,TEMPTED,batch_006
k__Bacteria|p__Firmicutes|c__Clostridia|o__Clostridiales|f__Ruminococcaceae|g__Oscillospira,-0.118507121714883,-0.0022499867271173,0.121702703153403,-0.0516842284144221,-0.062524615222281,TEMPTED,batch_006
k__Bacteria|p__Firmicutes|c__Clostridia|o__Clostridiales|f__Ruminococcaceae|g__Ruminococcus,-0.192761516137855,-0.0953825716313313,-0.11733776207598,-0.21445459037271,-0.073207028315351,TEMPTED,batch_006
k__Bacteria|p__Firmicutes|c__Clostridia|o__Clostridiales|f__Ruminococcaceae|g__Unknown_023,-0.214418662431735,-0.136474114138186,-0.127815308271974,-0.217367560742601,-0.0487396861017062,TEMPTED,batch_006
k__Bacteria|p__Firmicutes|c__Clostridia|o__Clostridiales|f__Veillonellaceae|g__Veillonella,0.264389044109235,0.118870602828028,0.411188957796126,0.163663830149564,-0.0262478606719727,TEMPTED,batch_006
k__Bacteria|p__Firmicutes|c__Clostridia|o__Clostridiales|f__Veillonellaceae|g__Unknown_024,-0.0815668144114972,0.0272780551403466,-0.0769934000009076,0.163240037127309,0.0213575562738826,TEMPTED,batch_006
k__Bacteria|p__Firmicutes|c__Clostridia|o__Clostridiales|f__|g__Unknown_025,-0.0674579467232395,-0.0616301006279541,0.144320366214758,-0.0845242520619745,-0.0153099339710227,TEMPTED,batch_006
k__Bacteria|p__Firmicutes|c__Clostridia|o__Coriobacteriales|f__Coriobacteriaceae|g__Collinsella,0.108554876909571,0.106282208396255,-0.210994761010026,-0.161766516499903,0.0365356819157786,TEMPTED,batch_006
k__Bacteria|p__Firmicutes|c__Clostridia|o__Coriobacteriales|f__|g__Unknown_027,-0.168550375024175,-0.0980132779694662,0.0308723564574582,-0.194786126636568,-0.0593270101172789,TEMPTED,batch_006
k__Bacteria|p__Firmicutes|c__Clostridia|o__|f__|g__Unknown_029,-0.13872350592597,-0.118061222772654,0.0791194146774581,-0.0978040942211347,-0.0531277056406318,TEMPTED,batch_006
k__Bacteria|p__Firmicutes|c__Erysipelotrichi|o__Erysipelotrichales|f__[Coprobacillaceae]|g__Unknown_031,-0.078347089547188,-0.134365637118661,0.0637770455801907,-0.0119345751839422,-0.097373282349315,TEMPTED,batch_006
k__Bacteria|p__Proteobacteria|c__Betaproteobacteria|o__Burkholderiales|f__Alcaligenaceae|g__Sutterella,-0.109748096220194,0.312308840875342,0.046660184649082,-0.0455691920513737,0.0568696420372039,TEMPTED,batch_006
k__Bacteria|p__Proteobacteria|c__Gammaproteobacteria|o__Enterobacteriales|f__Enterobacteriaceae|g__Escherichia,0.34292841805061,0.0039623468745241,0.0993467111392014,0.34070174755539,-0.08617282440803,TEMPTED,batch_006
k__Bacteria|p__Proteobacteria|c__Gammaproteobacteria|o__Enterobacteriales|f__Enterobacteriaceae|g__Unknown_042,0.36453555401151,-0.0607602554809899,0.0962682677539402,0.323177063578992,-0.0410550845392653,TEMPTED,batch_006
k__Bacteria|p__Proteobacteria|c__Gammaproteobacteria|o__Pasteurellales|f__Pasteurellaceae|g__Haemophilus,0.0899763534771321,0.106650430020209,0.303492072755713,0.103556750515194,-0.0282269891924289,TEMPTED,batch_006
k__Bacteria|p__Verrucomicrobia|c__Verrucomicrobiae|o__Verrucomicrobiales|f__Verrucomicrobiaceae|g__Akkermansia,-0.0793440782034259,0.0207889394340616,-0.052269417602935,-0.0723732600237083,-0.202130809187348,TEMPTED,batch_006
k__Bacteria|p__Actinobacteria|c__Actinobacteria|o__Bifidobacteriales|f__Bifidobacteriaceae|g__Bifidobacterium,1.734721048529156,-0.6148706706509603,-2.508096192747872,-0.1414992542786112,-0.2288938922230598,MEFISTO,batch_006
k__Bacteria|p__Bacteroidetes|c__Bacteroidia|o__Bacteroidales|f__Bacteroidaceae|g__Bacteroides,-1.037438158764413,1.0748251780816822,-0.979055269647916,0.2864889975217648,0.2660030029797569,MEFISTO,batch_006
k__Bacteria|p__Bacteroidetes|c__Bacteroidia|o__Bacteroidales|f__Bacteroidaceae|g__Unknown_003,-0.6519964205456857,1.1350834853231495,1.2984616870345518,-0.0002044163601602,0.2120888922944492,MEFISTO,batch_006
k__Bacteria|p__Bacteroidetes|c__Bacteroidia|o__Bacteroidales|f__Porphyromonadaceae|g__Parabacteroides,-1.4129742154370244,0.5757117144736603,1.1219123124798898,-0.0007943671033219,1.3920672591043584,MEFISTO,batch_006
k__Bacteria|p__Bacteroidetes|c__Bacteroidia|o__Bacteroidales|f__Prevotellaceae|g__Prevotella,0.6959705794124175,-0.1818340984514067,1.311424220308177,-0.0006588055228653,0.1874627507380984,MEFISTO,batch_006
k__Bacteria|p__Bacteroidetes|c__Bacteroidia|o__Bacteroidales|f__Rikenellaceae|g__Unknown_004,-1.675174965560473,-0.4967467540913782,1.1352528553888392,0.0003081647214884,1.4132967717220866,MEFISTO,batch_006
k__Bacteria|p__Firmicutes|c__Bacilli|o__Lactobacillales|f__Carnobacteriaceae|g__Granulicatella,2.14507904638878,-0.522857574660593,0.0003151732942008,-0.2583317938832859,-0.3944724605721733,MEFISTO,batch_006
k__Bacteria|p__Firmicutes|c__Bacilli|o__Lactobacillales|f__Lactobacillaceae|g__Lactobacillus,2.410944786550185,-0.4286251004386247,0.0008102764003761,-0.6208641920360228,-9.8294071747514e-05,MEFISTO,batch_006
k__Bacteria|p__Firmicutes|c__Bacilli|o__Lactobacillales|f__Streptococcaceae|g__Streptococcus,1.541663781354197,-0.4622936923021773,-0.7442608870750506,-0.2539260047380284,-0.4698090089867383,MEFISTO,batch_006
k__Bacteria|p__Firmicutes|c__Clostridia|o__Clostridiales|f__Clostridiaceae|g__Clostridium,0.9581455969785108,0.812960981043584,0.8787743184976192,-0.1838253150277339,-0.6224838378404685,MEFISTO,batch_006
k__Bacteria|p__Firmicutes|c__Clostridia|o__Clostridiales|f__Lachnospiraceae|g__Blautia,-0.522790289893315,0.2808908820439095,-1.137418888488858,-5.977223893719531e-05,-1.3178557396335426,MEFISTO,batch_006
k__Bacteria|p__Firmicutes|c__Clostridia|o__Clostridiales|f__Lachnospiraceae|g__Coprococcus,-0.4556122398587729,-0.5180976237824093,0.0005098424726416,-7.843097222469732e-05,-1.138682797420207,MEFISTO,batch_006
k__Bacteria|p__Firmicutes|c__Clostridia|o__Clostridiales|f__Lachnospiraceae|g__Lachnospira,-1.078723526752284,0.5552728472015894,0.9929514330922004,0.0001972116194464,0.0076341898365524,MEFISTO,batch_006
k__Bacteria|p__Firmicutes|c__Clostridia|o__Clostridiales|f__Lachnospiraceae|g__Roseburia,-1.110702278812446,-0.7974227986444196,0.408811603923376,8.572166476900459e-05,-0.0002141745971306,MEFISTO,batch_006
k__Bacteria|p__Firmicutes|c__Clostridia|o__Clostridiales|f__Lachnospiraceae|g__[Ruminococcus],7.436178555484004e-05,0.1653695829759821,-0.3832160416993329,4.5598550674496806e-05,-1.3197731198058626,MEFISTO,batch_006
k__Bacteria|p__Firmicutes|c__Clostridia|o__Clostridiales|f__Lachnospiraceae|g__Unknown_020,-1.0956990771821002,0.2916903982682028,-0.5460764996825572,0.0001653373800705,-0.8603272148248244,MEFISTO,batch_006
k__Bacteria|p__Firmicutes|c__Clostridia|o__Clostridiales|f__Ruminococcaceae|g__Faecalibacterium,-1.4910956341126804,-0.3649448163810392,0.1853870541745453,0.0001559532351986,0.0063481900962897,MEFISTO,batch_006
k__Bacteria|p__Firmicutes|c__Clostridia|o__Clostridiales|f__Ruminococcaceae|g__Oscillospira,-0.9038824466352948,0.0991387887021354,0.4875282283107402,0.1583997250768414,-0.006882308800748,MEFISTO,batch_006
k__Bacteria|p__Firmicutes|c__Clostridia|o__Clostridiales|f__Ruminococcaceae|g__Ruminococcus,-1.0768551289909414,-1.062818405110586,-6.367926786677704e-05,6.354129143810227e-05,-8.347999805110521e-05,MEFISTO,batch_006
k__Bacteria|p__Firmicutes|c__Clostridia|o__Clostridiales|f__Ruminococcaceae|g__Unknown_023,-0.8864902298670898,-1.0894730732317817,-0.2848295737366057,0.0003469092508696,-0.2226991825729371,MEFISTO,batch_006
k__Bacteria|p__Firmicutes|c__Clostridia|o__Clostridiales|f__Veillonellaceae|g__Veillonella,0.9233196558887324,1.3796036181297755,0.288410101740473,0.0050865930024914,-0.4392141001361223,MEFISTO,batch_006
k__Bacteria|p__Firmicutes|c__Clostridia|o__Clostridiales|f__Veillonellaceae|g__Unknown_024,-1.0883026529494246,-0.5784584516989174,0.6918609491710733,0.4564642286644583,0.8826899760334459,MEFISTO,batch_006
k__Bacteria|p__Firmicutes|c__Clostridia|o__Clostridiales|f__|g__Unknown_025,-0.1920609147509258,-7.736984045236029e-05,-1.480972630416521e-05,-0.000660142741825,-0.8953027112174312,MEFISTO,batch_006
k__Bacteria|p__Firmicutes|c__Clostridia|o__Coriobacteriales|f__Coriobacteriaceae|g__Collinsella,0.664146007039081,0.0085454637006214,0.8859046625056384,-1.070506359298283,0.8780896858840985,MEFISTO,batch_006
k__Bacteria|p__Firmicutes|c__Clostridia|o__Coriobacteriales|f__|g__Unknown_027,-0.9590793391815728,-0.4399097207306343,0.2895818951735813,6.792628707054481e-05,-0.5298379004883751,MEFISTO,batch_006
k__Bacteria|p__Firmicutes|c__Clostridia|o__|f__|g__Unknown_029,-0.6682534937052658,-0.2428615478030401,-0.1360156240976388,0.0001482772991487,-1.1386754855472585,MEFISTO,batch_006
k__Bacteria|p__Firmicutes|c__Erysipelotrichi|o__Erysipelotrichales|f__[Coprobacillaceae]|g__Unknown_031,0.00089337759236,0.1176683666940642,-0.307402416773275,-0.00016987196189,-1.484117793453828,MEFISTO,batch_006
k__Bacteria|p__Proteobacteria|c__Betaproteobacteria|o__Burkholderiales|f__Alcaligenaceae|g__Sutterella,-1.3705259868469115,1.3541239517193897,1.1280447425098683,-9.93973510821152e-05,0.7237967989901407,MEFISTO,batch_006
k__Bacteria|p__Proteobacteria|c__Gammaproteobacteria|o__Enterobacteriales|f__Enterobacteriaceae|g__Escherichia,1.444984550968609,0.1379888713500927,0.0001420511096045,1.6394946512216508,0.0032381993816584,MEFISTO,batch_006
k__Bacteria|p__Proteobacteria|c__Gammaproteobacteria|o__Enterobacteriales|f__Enterobacteriaceae|g__Unknown_042,1.3503187380236643,-0.0013695437147427,-0.6128771582601624,1.6098748025629774,-0.0039311084496343,MEFISTO,batch_006
k__Bacteria|p__Proteobacteria|c__Gammaproteobacteria|o__Pasteurellales|f__Pasteurellaceae|g__Haemophilus,-0.0035435233768027,1.2461736369777536,0.7280917353697496,0.0001862915829626,-0.0022856720850728,MEFISTO,batch_006
k__Bacteria|p__Verrucomicrobia|c__Verrucomicrobiae|o__Verrucomicrobiales|f__Verrucomicrobiaceae|g__Akkermansia,-0.970880911147455,-0.4440673701803915,1.306208307677139,-0.0003699599145209,1.466530747597778,MEFISTO,batch_006
k__Bacteria|p__Actinobacteria|c__Actinobacteria|o__Bifidobacteriales|f__Bifidobacteriaceae|g__Bifidobacterium,0.24981836513225,-0.132647136474192,-0.318949208894662,0.0890188833397493,-0.0049263022595951,TEMPTED,batch_007
k__Bacteria|p__Bacteroidetes|c__Bacteroidia|o__Bacteroidales|f__Bacteroidaceae|g__Bacteroides,-0.049772868041239,0.435955228789728,-0.293308442332953,0.14359127812138,0.289236124927729,TEMPTED,batch_007
k__Bacteria|p__Bacteroidetes|c__Bacteroidia|o__Bacteroidales|f__Bacteroidaceae|g__Unknown_003,-0.0151963356120768,0.337989450612238,-0.158074459843624,0.199198391829619,0.122983980098478,TEMPTED,batch_007
k__Bacteria|p__Bacteroidetes|c__Bacteroidia|o__Bacteroidales|f__Porphyromonadaceae|g__Parabacteroides,-0.0316696146981004,0.503325976765173,-0.177821783373014,0.0308491543819584,0.205841945052375,TEMPTED,batch_007
k__Bacteria|p__Bacteroidetes|c__Bacteroidia|o__Bacteroidales|f__Prevotellaceae|g__Prevotella,0.008142462093795,8.3401546618754e-05,0.0811515202104259,-0.0191376492298923,0.224172844860482,TEMPTED,batch_007
k__Bacteria|p__Bacteroidetes|c__Bacteroidia|o__Bacteroidales|f__Rikenellaceae|g__Unknown_004,-0.164663199612061,0.0792340560391794,-0.148148792835643,-0.112863278759843,0.304070692705739,TEMPTED,batch_007
k__Bacteria|p__Firmicutes|c__Bacilli|o__Lactobacillales|f__Carnobacteriaceae|g__Granulicatella,0.291206106703962,-0.336930935142625,-0.230379754065569,0.277049188230643,-0.165634656957479,TEMPTED,batch_007
k__Bacteria|p__Firmicutes|c__Bacilli|o__Lactobacillales|f__Lactobacillaceae|g__Lactobacillus,0.33776126742272,-0.24451077060176,-0.1827383306608,0.28585163975298,-0.0402420083497474,TEMPTED,batch_007
k__Bacteria|p__Firmicutes|c__Bacilli|o__Lactobacillales|f__Streptococcaceae|g__Streptococcus,0.21145476197627,-0.125709436692287,-0.0003741459822503,0.108796553178168,0.0267626306197238,TEMPTED,batch_007
k__Bacteria|p__Firmicutes|c__Clostridia|o__Clostridiales|f__Lachnospiraceae|g__Blautia,-0.0786100458895263,-0.0366616467027887,0.0382658881648301,-0.0937706138131907,-0.293602698564322,TEMPTED,batch_007
k__Bacteria|p__Firmicutes|c__Clostridia|o__Clostridiales|f__Lachnospiraceae|g__Coprococcus,-0.102769677031839,-0.0682861072481399,-0.0146662709445624,-0.154706618146551,-0.213458057775905,TEMPTED,batch_007
k__Bacteria|p__Firmicutes|c__Clostridia|o__Clostridiales|f__Lachnospiraceae|g__Lachnospira,-0.113696200143147,0.0176367779668193,0.216037577690989,-0.180703903559384,-0.0321372054373099,TEMPTED,batch_007
k__Bacteria|p__Firmicutes|c__Clostridia|o__Clostridiales|f__Lachnospiraceae|g__Roseburia,-0.155740028960412,-0.121032182328279,0.0910087170660858,-0.243605670258313,0.0324694010091645,TEMPTED,batch_007
k__Bacteria|p__Firmicutes|c__Clostridia|o__Clostridiales|f__Lachnospiraceae|g__[Ruminococcus],-0.0235721460605776,-0.0903709001075577,0.0505466504037609,-0.0041734111295196,-0.329845676408276,TEMPTED,batch_007
k__Bacteria|p__Firmicutes|c__Clostridia|o__Clostridiales|f__Lachnospiraceae|g__Unknown_020,-0.146462545106434,-0.0196418591963409,0.0921323318164728,-0.112026087451978,-0.188307298698739,TEMPTED,batch_007
k__Bacteria|p__Firmicutes|c__Clostridia|o__Clostridiales|f__Ruminococcaceae|g__Faecalibacterium,-0.224037787279889,-0.0011982096114557,-0.0922545978656977,-0.357028902639004,0.0631248244456177,TEMPTED,batch_007
k__Bacteria|p__Firmicutes|c__Clostridia|o__Clostridiales|f__Ruminococcaceae|g__Oscillospira,-0.119072647626225,-0.0304473502460298,0.0814330247644704,0.0124516635991867,-0.0849976684322671,TEMPTED,batch_007
k__Bacteria|p__Firmicutes|c__Clostridia|o__Clostridiales|f__Ruminococcaceae|g__Ruminococcus,-0.201483370054763,-0.103670187992752,-0.127871776198847,-0.186623404025737,-0.0032462690508356,TEMPTED,batch_007
k__Bacteria|p__Firmicutes|c__Clostridia|o__Clostridiales|f__Ruminococcaceae|g__Unknown_023,-0.200060259731855,-0.107705322162847,-0.144722269282646,-0.255969931798653,-0.0324048977670688,TEMPTED,batch_007
k__Bacteria|p__Firmicutes|c__Clostridia|o__Clostridiales|f__Veillonellaceae|g__Veillonella,0.275429329763667,0.0792716341710111,0.470456501027675,0.228905899469278,0.112085599475102,TEMPTED,batch_007
k__Bacteria|p__Firmicutes|c__Clostridia|o__Clostridiales|f__Veillonellaceae|g__Unknown_024,-0.0604477141897952,0.0289693622701638,0.0190857527970158,0.0543183122416434,0.286254546913349,TEMPTED,batch_007
k__Bacteria|p__Firmicutes|c__Clostridia|o__Clostridiales|f__|g__Unknown_025,-0.0597268014034509,-0.0782734804521343,0.128571944835771,-0.0356059427080869,-0.177491508778716,TEMPTED,batch_007
k__Bacteria|p__Firmicutes|c__Clostridia|o__Coriobacteriales|f__Coriobacteriaceae|g__Collinsella,0.0958111898907323,0.0555308614292917,-0.166168637694836,-0.203056021199744,0.0441141971627337,TEMPTED,batch_007
k__Bacteria|p__Firmicutes|c__Clostridia|o__Coriobacteriales|f__|g__Unknown_027,-0.164024855093079,-0.0904600323276167,0.055884389563404,-0.189179886807214,-0.0852155326958969,TEMPTED,batch_007
k__Bacteria|p__Firmicutes|c__Clostridia|o__|f__|g__Unknown_029,-0.130904624772447,-0.0866871837653023,0.0857825884911052,-0.124384293276951,-0.184383200877064,TEMPTED,batch_007
k__Bacteria|p__Firmicutes|c__Erysipelotrichi|o__Erysipelotrichales|f__[Coprobacillaceae]|g__Unknown_031,-0.0510043713389267,-0.134198341974038,0.0106650977341557,-0.0341495793001906,-0.385962038197646,TEMPTED,batch_007
k__Bacteria|p__Proteobacteria|c__Betaproteobacteria|o__Burkholderiales|f__Alcaligenaceae|g__Sutterella,-0.102621572640458,0.304990310801114,0.145307163197995,-0.0200718810436044,0.192345330612315,TEMPTED,batch_007
k__Bacteria|p__Proteobacteria|c__Gammaproteobacteria|o__Enterobacteriales|f__Enterobacteriaceae|g__Escherichia,0.357922976014211,-0.0556127517817395,0.163312455860265,0.326508274716353,0.0504258257335955,TEMPTED,batch_007
k__Bacteria|p__Proteobacteria|c__Gammaproteobacteria|o__Enterobacteriales|f__Enterobacteriaceae|g__Unknown_042,0.380808030754891,-0.109601299777919,0.0988459819032317,0.287255116667855,0.067240126354185,TEMPTED,batch_007
k__Bacteria|p__Proteobacteria|c__Gammaproteobacteria|o__Pasteurellales|f__Pasteurellaceae|g__Haemophilus,0.0924366216201513,0.135643915731083,0.397014519312852,0.10822483171103,0.0179878405357596,TEMPTED,batch_007
k__Bacteria|p__Verrucomicrobia|c__Verrucomicrobiae|o__Verrucomicrobiales|f__Verrucomicrobiaceae|g__Akkermansia,-0.105254446086348,-0.0049858415366163,-0.170023634865399,0.175037887908015,0.182739109744518,TEMPTED,batch_007
k__Bacteria|p__Actinobacteria|c__Actinobacteria|o__Bifidobacteriales|f__Bifidobacteriaceae|g__Bifidobacterium,1.459994513515445,-0.5612450422487291,-2.4634032774610835,-0.464300550577104,-0.1712090587533887,MEFISTO,batch_007
k__Bacteria|p__Bacteroidetes|c__Bacteroidia|o__Bacteroidales|f__Bacteroidaceae|g__Bacteroides,-0.7954209248411931,1.4472307883615183,-1.163398665279455,0.2849141764421972,-0.1582079691062986,MEFISTO,batch_007
k__Bacteria|p__Bacteroidetes|c__Bacteroidia|o__Bacteroidales|f__Bacteroidaceae|g__Unknown_003,-0.5332491897741735,1.4112117104538655,1.325830004094796,-0.0010224938322667,-0.219660752039187,MEFISTO,batch_007
k__Bacteria|p__Bacteroidetes|c__Bacteroidia|o__Bacteroidales|f__Porphyromonadaceae|g__Parabacteroides,-1.0737580400870594,1.79705851838692,1.0413160804946269,-0.0109552991138098,0.575028023948761,MEFISTO,batch_007
k__Bacteria|p__Bacteroidetes|c__Bacteroidia|o__Bacteroidales|f__Prevotellaceae|g__Prevotella,0.8573575394669597,0.0002634856973071,1.5081814160063118,-0.1933491609490709,0.0435258192889102,MEFISTO,batch_007
k__Bacteria|p__Bacteroidetes|c__Bacteroidia|o__Bacteroidales|f__Rikenellaceae|g__Unknown_004,-1.5831435633373323,0.0035870211560479,0.9690076989905284,0.3431458513688751,1.0393988054554035,MEFISTO,batch_007
k__Bacteria|p__Firmicutes|c__Bacilli|o__Lactobacillales|f__Carnobacteriaceae|g__Granulicatella,2.172983414591013,-0.8848824302237899,0.0003266798539663,-0.5191875379316422,-0.0059921437663283,MEFISTO,batch_007
k__Bacteria|p__Firmicutes|c__Bacilli|o__Lactobacillales|f__Lactobacillaceae|g__Lactobacillus,2.2093149127442464,-0.5476757089379398,0.0019562593683982,-0.8839114900034266,0.1548396464750476,MEFISTO,batch_007
k__Bacteria|p__Firmicutes|c__Bacilli|o__Lactobacillales|f__Streptococcaceae|g__Streptococcus,1.2257102924662704,-0.4499869182174936,-0.4298808311049136,-0.4168346858574154,-0.391417795115981,MEFISTO,batch_007
k__Bacteria|p__Firmicutes|c__Clostridia|o__Clostridiales|f__Lachnospiraceae|g__Blautia,-0.6672426982536667,-3.75390896131528e-05,-0.9730811700292964,-0.0003475829817853,-1.163731803693874,MEFISTO,batch_007
k__Bacteria|p__Firmicutes|c__Clostridia|o__Clostridiales|f__Lachnospiraceae|g__Coprococcus,-0.6558602782786455,-0.8008861881404744,0.3277004464452292,0.0004047487520122,-0.7859152370436122,MEFISTO,batch_007
k__Bacteria|p__Firmicutes|c__Clostridia|o__Clostridiales|f__Lachnospiraceae|g__Lachnospira,-0.8615815579464897,0.9077119388697292,1.0941974209169476,0.0020542215407093,0.011966580320535,MEFISTO,batch_007
k__Bacteria|p__Firmicutes|c__Clostridia|o__Clostridiales|f__Lachnospiraceae|g__Roseburia,-1.0510770754456462,-1.1976240248069088,0.3805786456532336,0.350642794297087,0.5556971400184204,MEFISTO,batch_007
k__Bacteria|p__Firmicutes|c__Clostridia|o__Clostridiales|f__Lachnospiraceae|g__[Ruminococcus],-0.0001634428249057,-0.2056713594393745,-0.2163834885517002,-0.0001975922115749,-1.117019568089889,MEFISTO,batch_007
k__Bacteria|p__Firmicutes|c__Clostridia|o__Clostridiales|f__Lachnospiraceae|g__Unknown_020,-1.1374939697990667,0.0014543069520286,-0.4172222212731921,0.1956369165078098,-0.7427972420295145,MEFISTO,batch_007
k__Bacteria|p__Firmicutes|c__Clostridia|o__Clostridiales|f__Ruminococcaceae|g__Faecalibacterium,-1.4623394601391688,-0.4661695495419988,0.2336172416527138,0.2268575826456005,0.431771790358498,MEFISTO,batch_007
k__Bacteria|p__Firmicutes|c__Clostridia|o__Clostridiales|f__Ruminococcaceae|g__Oscillospira,-0.7768696433053803,0.2247548052094661,0.5281105574679146,0.2616072926159006,-0.1198222404665767,MEFISTO,batch_007
k__Bacteria|p__Firmicutes|c__Clostridia|o__Clostridiales|f__Ruminococcaceae|g__Ruminococcus,-1.14945342482006,-1.1106271914244146,9.57077707317168e-05,0.2421016310092407,0.4044432250449055,MEFISTO,batch_007
k__Bacteria|p__Firmicutes|c__Clostridia|o__Clostridiales|f__Ruminococcaceae|g__Unknown_023,-1.118026830749174,-0.9660294149325308,-0.0003388161744164,0.2662699933207509,0.197300203047232,MEFISTO,batch_007
k__Bacteria|p__Firmicutes|c__Clostridia|o__Clostridiales|f__Veillonellaceae|g__Veillonella,1.0256072814015484,1.342410423713993,0.4488731021032715,0.2717845956018471,-0.7674388209957096,MEFISTO,batch_007
k__Bacteria|p__Firmicutes|c__Clostridia|o__Clostridiales|f__Veillonellaceae|g__Unknown_024,-0.836806318628387,-0.0157224567913005,0.680178551208862,0.2804861974551739,0.6851680656674662,MEFISTO,batch_007
k__Bacteria|p__Firmicutes|c__Clostridia|o__Clostridiales|f__|g__Unknown_025,-0.2515108270914515,-0.5711363067714799,0.0005585075350746,0.0047336323370178,-0.5466639931596112,MEFISTO,batch_007
k__Bacteria|p__Firmicutes|c__Clostridia|o__Coriobacteriales|f__Coriobacteriaceae|g__Collinsella,0.5080419237898,0.002373095145813,0.5572404703046365,-1.12242590688102,0.5919309257251144,MEFISTO,batch_007
k__Bacteria|p__Firmicutes|c__Clostridia|o__Coriobacteriales|f__|g__Unknown_027,-1.000061755301702,-0.5980411806654315,0.462299700759649,0.1780636916430877,-0.3384710551971615,MEFISTO,batch_007
k__Bacteria|p__Firmicutes|c__Clostridia|o__|f__|g__Unknown_029,-0.6808311215295078,-0.4986010349374072,0.0005266424645445,0.0036416099338337,-0.714104083365785,MEFISTO,batch_007
k__Bacteria|p__Firmicutes|c__Erysipelotrichi|o__Erysipelotrichales|f__[Coprobacillaceae]|g__Unknown_031,0.0096586045823606,-0.5930907896610118,-0.2245175132130135,-0.228993091709197,-1.1779127922062995,MEFISTO,batch_007
k__Bacteria|p__Proteobacteria|c__Betaproteobacteria|o__Burkholderiales|f__Alcaligenaceae|g__Sutterella,-1.1001147408506702,1.8438137132017047,1.1369220986965225,0.0154356964829659,0.2883954918075905,MEFISTO,batch_007
k__Bacteria|p__Proteobacteria|c__Gammaproteobacteria|o__Enterobacteriales|f__Enterobacteriaceae|g__Escherichia,2.1594710451566472,0.1339501863057904,9.121434092329671e-06,1.3158749674973145,-0.1639699111129372,MEFISTO,batch_007
k__Bacteria|p__Proteobacteria|c__Gammaproteobacteria|o__Enterobacteriales|f__Enterobacteriaceae|g__Unknown_042,2.0252516322956446,-0.0002533127169723,-0.7421147299992039,1.2617302867838478,-0.1601853363668127,MEFISTO,batch_007
k__Bacteria|p__Proteobacteria|c__Gammaproteobacteria|o__Pasteurellales|f__Pasteurellaceae|g__Haemophilus,-0.0012165120526252,1.466738308211892,0.8780092742849773,0.0001206131486302,-0.3658102535235965,MEFISTO,batch_007
k__Bacteria|p__Verrucomicrobia|c__Verrucomicrobiae|o__Verrucomicrobiales|f__Verrucomicrobiaceae|g__Akkermansia,-0.8025017351872166,-0.8091137641179075,0.7495504285020365,0.0029576759458543,1.0402390838964586,MEFISTO,batch_007
k__Bacteria|p__Actinobacteria|c__Actinobacteria|o__Bifidobacteriales|f__Bifidobacteriaceae|g__Bifidobacterium,0.245932621562196,-0.123979008549173,-0.337283926530797,0.0757468334029972,-0.0700037291993147,TEMPTED,batch_008
k__Bacteria|p__Bacteroidetes|c__Bacteroidia|o__Bacteroidales|f__Bacteroidaceae|g__Bacteroides,-0.0310369471585627,0.419052906208025,-0.267657076529519,0.156381369793339,0.241662811594152,TEMPTED,batch_008
k__Bacteria|p__Bacteroidetes|c__Bacteroidia|o__Bacteroidales|f__Bacteroidaceae|g__Unknown_003,-0.0408255433706717,0.339416730517396,-0.198901813290667,0.180468453452648,0.208966636965531,TEMPTED,batch_008
k__Bacteria|p__Bacteroidetes|c__Bacteroidia|o__Bacteroidales|f__Porphyromonadaceae|g__Parabacteroides,-0.0402119295295459,0.480548657836187,-0.121290934075441,-0.0374375361923503,0.302160005441542,TEMPTED,batch_008
k__Bacteria|p__Bacteroidetes|c__Bacteroidia|o__Bacteroidales|f__Prevotellaceae|g__Prevotella,0.0298826622202042,0.0305314728004424,0.0771050636565884,-0.0206080907156308,0.216086933079026,TEMPTED,batch_008
k__Bacteria|p__Bacteroidetes|c__Bacteroidia|o__Bacteroidales|f__Rikenellaceae|g__Unknown_004,-0.168363950325688,0.0864680232533948,-0.141540032703139,-0.161506520599515,0.476515449700104,TEMPTED,batch_008
k__Bacteria|p__Firmicutes|c__Bacilli|o__Lactobacillales|f__Carnobacteriaceae|g__Granulicatella,0.254194753009188,-0.346729298273804,-0.312717350689633,0.222914624506108,-0.129593631143034,TEMPTED,batch_008
k__Bacteria|p__Firmicutes|c__Bacilli|o__Lactobacillales|f__Lactobacillaceae|g__Lactobacillus,0.307506801830544,-0.21790394439293,-0.284015375765549,0.16574585948672,0.0282842164941734,TEMPTED,batch_008
k__Bacteria|p__Firmicutes|c__Bacilli|o__Lactobacillales|f__Streptococcaceae|g__Streptococcus,0.191940301324878,-0.0999458329954211,-0.0638697912477837,0.121824817936489,0.0544466638373886,TEMPTED,batch_008
k__Bacteria|p__Firmicutes|c__Clostridia|o__Clostridiales|f__Lachnospiraceae|g__Blautia,-0.0822855590779173,-0.0515983829909555,0.0807079735165861,-0.0099754181644747,-0.252364956585533,TEMPTED,batch_008
k__Bacteria|p__Firmicutes|c__Clostridia|o__Clostridiales|f__Lachnospiraceae|g__Coprococcus,-0.113770494541786,-0.06594758976998,0.0429433347636233,-0.15604534536044,-0.146008771091887,TEMPTED,batch_008
k__Bacteria|p__Firmicutes|c__Clostridia|o__Clostridiales|f__Lachnospiraceae|g__Lachnospira,-0.129218123713651,0.0206585659357493,0.199770559449674,-0.195676028229381,-0.225075596134316,TEMPTED,batch_008
k__Bacteria|p__Firmicutes|c__Clostridia|o__Clostridiales|f__Lachnospiraceae|g__Roseburia,-0.157497191390811,-0.0809728797539162,0.056322469681684,-0.262151139484277,-0.0698719198046853,TEMPTED,batch_008
k__Bacteria|p__Firmicutes|c__Clostridia|o__Clostridiales|f__Lachnospiraceae|g__[Ruminococcus],-0.0406176437091018,-0.0660625889526822,0.0808093975339109,-0.0083051421136476,-0.221678587818595,TEMPTED,batch_008
k__Bacteria|p__Firmicutes|c__Clostridia|o__Clostridiales|f__Lachnospiraceae|g__Unknown_020,-0.147684404012618,-0.0631626637749292,0.117509784242409,-0.0621965642925431,-0.209682258387938,TEMPTED,batch_008
k__Bacteria|p__Firmicutes|c__Clostridia|o__Clostridiales|f__Ruminococcaceae|g__Faecalibacterium,-0.216753024465595,-0.0004406820846638,-0.0630066835161996,-0.353675201523656,-0.0278279047299539,TEMPTED,batch_008
k__Bacteria|p__Firmicutes|c__Clostridia|o__Clostridiales|f__Ruminococcaceae|g__Oscillospira,-0.124562121643245,-0.0345540187325856,0.113263107445253,0.0232635752718209,-0.0534933566075815,TEMPTED,batch_008
k__Bacteria|p__Firmicutes|c__Clostridia|o__Clostridiales|f__Ruminococcaceae|g__Ruminococcus,-0.199837550917779,-0.119258281456596,-0.0672728727409586,-0.227456773801959,-0.0578721385654154,TEMPTED,batch_008
k__Bacteria|p__Firmicutes|c__Clostridia|o__Clostridiales|f__Ruminococcaceae|g__Unknown_023,-0.201267717832429,-0.107848390997374,-0.0830791100568881,-0.257010666514482,-0.0420342468292744,TEMPTED,batch_008
k__Bacteria|p__Firmicutes|c__Clostridia|o__Clostridiales|f__Veillonellaceae|g__Veillonella,0.249207116078377,0.106611018323746,0.437487479677721,0.245923186209852,-0.0086140776454471,TEMPTED,batch_008
k__Bacteria|p__Firmicutes|c__Clostridia|o__Clostridiales|f__Veillonellaceae|g__Unknown_024,-0.0742113952702306,0.0020844652035931,-0.0378304277199653,0.0502844222265924,0.146160718808916,TEMPTED,batch_008
k__Bacteria|p__Firmicutes|c__Clostridia|o__Clostridiales|f__|g__Unknown_025,-0.0732187027067456,-0.0824804838638177,0.145492549935866,-0.0705738203533091,-0.142239710168157,TEMPTED,batch_008
k__Bacteria|p__Firmicutes|c__Clostridia|o__Coriobacteriales|f__Coriobacteriaceae|g__Collinsella,0.0944623059546553,0.134413665090625,-0.220581320168605,-0.215429258723882,-0.0041981330252831,TEMPTED,batch_008
k__Bacteria|p__Firmicutes|c__Clostridia|o__Coriobacteriales|f__|g__Unknown_027,-0.165896934398434,-0.0868564886797201,0.0729446214453849,-0.179206650990853,-0.090514726727681,TEMPTED,batch_008
k__Bacteria|p__Firmicutes|c__Clostridia|o__|f__|g__Unknown_029,-0.141267686915291,-0.106273593619367,0.0893763527918138,-0.101415260585996,-0.200175798696827,TEMPTED,batch_008
k__Bacteria|p__Firmicutes|c__Erysipelotrichi|o__Erysipelotrichales|f__[Coprobacillaceae]|g__Unknown_031,-0.0700818895216175,-0.120701222544998,0.0387590597722753,0.0242477831113186,-0.240064918172025,TEMPTED,batch_008
k__Bacteria|p__Proteobacteria|c__Betaproteobacteria|o__Burkholderiales|f__Alcaligenaceae|g__Sutterella,-0.131894294496977,0.340140535184117,0.0857931543452848,0.0021411986319251,0.0912922590058577,TEMPTED,batch_008
k__Bacteria|p__Proteobacteria|c__Gammaproteobacteria|o__Enterobacteriales|f__Enterobacteriaceae|g__Enterobacter,0.316148792541281,-0.0951881175626321,0.201248251316932,0.218161487241031,0.0536625115893669,TEMPTED,batch_008
k__Bacteria|p__Proteobacteria|c__Gammaproteobacteria|o__Enterobacteriales|f__Enterobacteriaceae|g__Escherichia,0.309663940871987,-0.0625318903298892,0.0433378274521413,0.314830781830209,0.0446244630598468,TEMPTED,batch_008
k__Bacteria|p__Proteobacteria|c__Gammaproteobacteria|o__Enterobacteriales|f__Enterobacteriaceae|g__Unknown_042,0.352150391110829,-0.136237970025136,0.0521076790450473,0.330372577110377,0.120379754563433,TEMPTED,batch_008
k__Bacteria|p__Proteobacteria|c__Gammaproteobacteria|o__Pasteurellales|f__Pasteurellaceae|g__Haemophilus,0.0734009203654979,0.102371079641169,0.34063045156989,0.155998229203153,-0.0812425562498917,TEMPTED,batch_008
k__Bacteria|p__Verrucomicrobia|c__Verrucomicrobiae|o__Verrucomicrobiales|f__Verrucomicrobiaceae|g__Akkermansia,-0.0739875018709386,0.0063762093561271,-0.0765624026069399,0.0303642182318147,0.288314593443505,TEMPTED,batch_008
k__Bacteria|p__Actinobacteria|c__Actinobacteria|o__Bifidobacteriales|f__Bifidobacteriaceae|g__Bifidobacterium,1.2677970191179202,-0.345201888538702,-1.882507630943404,9.679417645852664e-06,-0.8622219936620117,MEFISTO,batch_008
k__Bacteria|p__Bacteroidetes|c__Bacteroidia|o__Bacteroidales|f__Bacteroidaceae|g__Bacteroides,-0.6199808994567823,1.075790146400324,-1.1081110339009226,0.0005780893934017,0.7215723907414759,MEFISTO,batch_008
k__Bacteria|p__Bacteroidetes|c__Bacteroidia|o__Bacteroidales|f__Bacteroidaceae|g__Unknown_003,-0.5355301805740909,0.8905280204272314,0.9834204993707464,-0.0008944227650431,0.6988738151143812,MEFISTO,batch_008
k__Bacteria|p__Bacteroidetes|c__Bacteroidia|o__Bacteroidales|f__Porphyromonadaceae|g__Parabacteroides,0.0236038567303504,0.3395702603150964,0.0013202817317311,-0.4965774817650447,1.5640877561441382,MEFISTO,batch_008
k__Bacteria|p__Bacteroidetes|c__Bacteroidia|o__Bacteroidales|f__Prevotellaceae|g__Prevotella,0.6995556010319876,-0.0003218693283892,1.2882652683493123,-8.964307571219187e-05,-0.1890700869709078,MEFISTO,batch_008
k__Bacteria|p__Bacteroidetes|c__Bacteroidia|o__Bacteroidales|f__Rikenellaceae|g__Unknown_004,-0.615798026667045,-1.1605836872349846,0.0001777163828967,-0.000787045133162,1.5195437405311427,MEFISTO,batch_008
k__Bacteria|p__Firmicutes|c__Bacilli|o__Lactobacillales|f__Carnobacteriaceae|g__Granulicatella,1.966515606400912,-0.788779025694228,0.0003525480878416,4.054258724950326e-05,-0.9073391560072782,MEFISTO,batch_008
k__Bacteria|p__Firmicutes|c__Bacilli|o__Lactobacillales|f__Lactobacillaceae|g__Lactobacillus,2.269550284176281,-0.677577205388417,0.0001527606359427,-0.332084457297336,-0.7690126309663755,MEFISTO,batch_008
k__Bacteria|p__Firmicutes|c__Bacilli|o__Lactobacillales|f__Streptococcaceae|g__Streptococcus,0.8267612704382052,0.0030617561782921,-0.0014719009356396,-0.0001632336116014,-0.909109439113025,MEFISTO,batch_008
k__Bacteria|p__Firmicutes|c__Clostridia|o__Clostridiales|f__Lachnospiraceae|g__Blautia,-1.0830042490574556,0.4498202703950651,-0.4329133557963019,-1.1635866483083903e-05,-0.7364188571382585,MEFISTO,batch_008
k__Bacteria|p__Firmicutes|c__Clostridia|o__Clostridiales|f__Lachnospiraceae|g__Coprococcus,-1.259720882904871,-0.2520752711620315,0.7113023605648902,0.0944079918189179,-0.6942254217201781,MEFISTO,batch_008
k__Bacteria|p__Firmicutes|c__Clostridia|o__Clostridiales|f__Lachnospiraceae|g__Lachnospira,-1.119757730315484,1.1160969879430502,1.136022334736518,-0.2193122756762091,0.0064099300165111,MEFISTO,batch_008
k__Bacteria|p__Firmicutes|c__Clostridia|o__Clostridiales|f__Lachnospiraceae|g__Roseburia,-1.246332798201609,-0.4228634229973763,0.4713539497576979,-0.0001705498536586,0.1515365374974377,MEFISTO,batch_008
k__Bacteria|p__Firmicutes|c__Clostridia|o__Clostridiales|f__Lachnospiraceae|g__[Ruminococcus],-0.346565889566043,-9.510793575360596e-05,9.049473736412916e-05,0.0001141516779193,-0.9620507160072156,MEFISTO,batch_008
k__Bacteria|p__Firmicutes|c__Clostridia|o__Clostridiales|f__Lachnospiraceae|g__Unknown_020,-1.4689937777235689,0.4286600714299462,-3.338009010246807e-06,-5.763764354167352e-05,-0.3375509909266552,MEFISTO,batch_008
k__Bacteria|p__Firmicutes|c__Clostridia|o__Clostridiales|f__Ruminococcaceae|g__Faecalibacterium,-1.494672181442657,-0.002803364951574,0.2089252401073213,-9.378771415750806e-05,0.3912063275898142,MEFISTO,batch_008
k__Bacteria|p__Firmicutes|c__Clostridia|o__Clostridiales|f__Ruminococcaceae|g__Oscillospira,-0.7472747496833826,0.0005465695324086,0.3059984639646851,0.0004453747086487,0.3125730089998388,MEFISTO,batch_008
k__Bacteria|p__Firmicutes|c__Clostridia|o__Clostridiales|f__Ruminococcaceae|g__Ruminococcus,-1.2635268075177497,-0.9904159883407933,-6.04075997322594e-06,1.4776904471627908e-05,0.1037360591584421,MEFISTO,batch_008
k__Bacteria|p__Firmicutes|c__Clostridia|o__Clostridiales|f__Ruminococcaceae|g__Unknown_023,-1.2885885747087336,-0.7548578532135882,-2.441935422786393e-05,-1.5532864357478651e-06,9.629199916175257e-05,MEFISTO,batch_008
k__Bacteria|p__Firmicutes|c__Clostridia|o__Clostridiales|f__Veillonellaceae|g__Veillonella,0.4769585514184662,1.7501404703901968,0.8007167120797782,0.4418864659396121,-0.3860120954224393,MEFISTO,batch_008
k__Bacteria|p__Firmicutes|c__Clostridia|o__Clostridiales|f__Veillonellaceae|g__Unknown_024,-0.3790739953980973,-0.714102836872269,0.000298468264359,3.0018794057719185e-05,0.8443648243558196,MEFISTO,batch_008
k__Bacteria|p__Firmicutes|c__Clostridia|o__Clostridiales|f__|g__Unknown_025,-0.7513873043857512,-0.0004089527586806,0.419251597975631,0.0001310260810091,-0.416992250774519,MEFISTO,batch_008
k__Bacteria|p__Firmicutes|c__Clostridia|o__Coriobacteriales|f__Coriobacteriaceae|g__Collinsella,1.638742483885365,-0.3962907442901502,0.0004199353535746,-1.206419911691638,0.0001482856396065,MEFISTO,batch_008
k__Bacteria|p__Firmicutes|c__Clostridia|o__Coriobacteriales|f__|g__Unknown_027,-1.3444740433489832,-0.2988657960376046,0.5690832944149208,3.266208651291111e-05,-0.2049999862883021,MEFISTO,batch_008
k__Bacteria|p__Firmicutes|c__Clostridia|o__|f__|g__Unknown_029,-1.2014754081385448,-0.071658161614216,0.4024171371064889,8.282368059668768e-05,-0.644442366529028,MEFISTO,batch_008
k__Bacteria|p__Firmicutes|c__Erysipelotrichi|o__Erysipelotrichales|f__[Coprobacillaceae]|g__Unknown_031,-0.3275361830830659,-0.1864389278585254,0.0008110727490384,-0.0002080151909846,-0.945516659328781,MEFISTO,batch_008
k__Bacteria|p__Proteobacteria|c__Betaproteobacteria|o__Burkholderiales|f__Alcaligenaceae|g__Sutterella,-0.6314571715884,1.5778916382842685,0.7043675064473794,-0.4569620929049413,1.01708907242032,MEFISTO,batch_008
k__Bacteria|p__Proteobacteria|c__Gammaproteobacteria|o__Enterobacteriales|f__Enterobacteriaceae|g__Enterobacter,1.5205606204543385,0.3975975590153242,0.7852088232497961,0.4491591864303572,-0.3295749180336288,MEFISTO,batch_008
k__Bacteria|p__Proteobacteria|c__Gammaproteobacteria|o__Enterobacteriales|f__Enterobacteriaceae|g__Escherichia,0.8204156347667284,0.0009658848950573,5.91015816339741e-05,2.0426804028671928,0.0006202436364116,MEFISTO,batch_008
k__Bacteria|p__Proteobacteria|c__Gammaproteobacteria|o__Enterobacteriales|f__Enterobacteriaceae|g__Unknown_042,0.688817280002654,-0.0003158691923434,-0.5011356124298114,2.0183858331196225,-0.0026324890442067,MEFISTO,batch_008
k__Bacteria|p__Proteobacteria|c__Gammaproteobacteria|o__Pasteurellales|f__Pasteurellaceae|g__Haemophilus,0.0010199379683482,1.6936969962175266,0.9998095429426238,0.0001744547296438,-0.0031708201633186,MEFISTO,batch_008
k__Bacteria|p__Verrucomicrobia|c__Verrucomicrobiae|o__Verrucomicrobiales|f__Verrucomicrobiaceae|g__Akkermansia,-0.0258657369111667,-1.231995575133688,-0.0003176776326783,-0.0008801161744058,1.3160605576087865,MEFISTO,batch_008
k__Bacteria|p__Actinobacteria|c__Actinobacteria|o__Bifidobacteriales|f__Bifidobacteriaceae|g__Bifidobacterium,0.243135469854659,-0.159524787209386,-0.290514570005597,0.062644673197895,0.189992926708277,TEMPTED,batch_009
k__Bacteria|p__Bacteroidetes|c__Bacteroidia|o__Bacteroidales|f__Bacteroidaceae|g__Bacteroides,-0.0094623375473801,0.347268886662973,-0.261636517251777,0.222383829447391,-0.0506230719808963,TEMPTED,batch_009
k__Bacteria|p__Bacteroidetes|c__Bacteroidia|o__Bacteroidales|f__Bacteroidaceae|g__Unknown_003,-0.0042440771676663,0.256621304892853,-0.19886270865311,0.282754596089672,-0.157092455104752,TEMPTED,batch_009
k__Bacteria|p__Bacteroidetes|c__Bacteroidia|o__Bacteroidales|f__Porphyromonadaceae|g__Parabacteroides,-0.0164997153907546,0.455355232183503,-0.254252821771918,0.152680622932907,0.190804136850643,TEMPTED,batch_009
k__Bacteria|p__Bacteroidetes|c__Bacteroidia|o__Bacteroidales|f__Prevotellaceae|g__Prevotella,0.0095601618304512,0.0972021808070591,0.130922255173177,-0.0927621372936916,0.85151672593077,TEMPTED,batch_009
k__Bacteria|p__Bacteroidetes|c__Bacteroidia|o__Bacteroidales|f__Rikenellaceae|g__Unknown_004,-0.165262274911202,0.113277430946216,-0.119159389763248,0.002774633721298,-0.0961461914323143,TEMPTED,batch_009
k__Bacteria|p__Firmicutes|c__Bacilli|o__Lactobacillales|f__Carnobacteriaceae|g__Granulicatella,0.279956607063155,-0.378974256304209,-0.113522145357,0.238796202760703,0.0140130260713149,TEMPTED,batch_009
k__Bacteria|p__Firmicutes|c__Bacilli|o__Lactobacillales|f__Lactobacillaceae|g__Lactobacillus,0.312029916437255,-0.215921084635545,-0.0336201547548295,0.196721244924703,0.0911791901676158,TEMPTED,batch_009
k__Bacteria|p__Firmicutes|c__Bacilli|o__Lactobacillales|f__Streptococcaceae|g__Streptococcus,0.208644145874474,-0.125617240547872,0.0241855228368308,0.0895590432223248,0.0510069161912928,TEMPTED,batch_009
k__Bacteria|p__Firmicutes|c__Clostridia|o__Clostridiales|f__Lachnospiraceae|g__Blautia,-0.0985046260538606,-0.0445932741839519,0.0098260602183542,-0.0809748228676223,0.0594255797912079,TEMPTED,batch_009
k__Bacteria|p__Firmicutes|c__Clostridia|o__Clostridiales|f__Lachnospiraceae|g__Coprococcus,-0.112611098338842,-0.057310449957113,-0.0070239085708234,-0.114401179849651,-0.0338117746629878,TEMPTED,batch_009
k__Bacteria|p__Firmicutes|c__Clostridia|o__Clostridiales|f__Lachnospiraceae|g__Lachnospira,-0.124461590237099,0.066842686351723,0.191720804789009,-0.21176081504034,-0.185065479381095,TEMPTED,batch_009
k__Bacteria|p__Firmicutes|c__Clostridia|o__Clostridiales|f__Lachnospiraceae|g__Roseburia,-0.165305797420573,-0.0602448289900566,0.0586537310523388,-0.28293473081798,-0.108592562947781,TEMPTED,batch_009
k__Bacteria|p__Firmicutes|c__Clostridia|o__Clostridiales|f__Lachnospiraceae|g__[Ruminococcus],-0.0414126423216464,-0.0842716915559204,0.0664570524618119,-0.0244240916815679,0.0325356947694128,TEMPTED,batch_009
k__Bacteria|p__Firmicutes|c__Clostridia|o__Clostridiales|f__Lachnospiraceae|g__Unknown_020,-0.165084606260605,-0.0282519550535092,0.0380810354001738,-0.112966870114732,-0.0189271994522498,TEMPTED,batch_009
k__Bacteria|p__Firmicutes|c__Clostridia|o__Clostridiales|f__Ruminococcaceae|g__Faecalibacterium,-0.231057038215732,0.0179788917168692,-0.128278182300227,-0.299697004838023,-0.0691515726130799,TEMPTED,batch_009
k__Bacteria|p__Firmicutes|c__Clostridia|o__Clostridiales|f__Ruminococcaceae|g__Oscillospira,-0.113631616594289,-0.0013985696273916,0.117105249157864,-0.0109090808972778,-0.0525745606344153,TEMPTED,batch_009
k__Bacteria|p__Firmicutes|c__Clostridia|o__Clostridiales|f__Ruminococcaceae|g__Ruminococcus,-0.198126562342795,-0.117974003488739,-0.134147776234596,-0.179103607626351,-0.108886734794306,TEMPTED,batch_009
k__Bacteria|p__Firmicutes|c__Clostridia|o__Clostridiales|f__Ruminococcaceae|g__Unknown_023,-0.206274590521171,-0.131992275803815,-0.172220613023349,-0.208325929941109,-0.0585245382696661,TEMPTED,batch_009
k__Bacteria|p__Firmicutes|c__Clostridia|o__Clostridiales|f__Veillonellaceae|g__Veillonella,0.277580512445778,0.163800476923139,0.46483763288875,0.1224661915833,-0.0094228688679896,TEMPTED,batch_009
k__Bacteria|p__Firmicutes|c__Clostridia|o__Clostridiales|f__Veillonellaceae|g__Unknown_024,-0.0696273438864788,0.0384020857742252,0.0005639498253587,-0.0095505063000984,-0.0063522947914785,TEMPTED,batch_009
k__Bacteria|p__Firmicutes|c__Clostridia|o__Clostridiales|f__|g__Unknown_025,-0.0693278961653408,-0.0540995964219035,0.109329128629869,-0.0923184796397135,0.0119326323713437,TEMPTED,batch_009
k__Bacteria|p__Firmicutes|c__Clostridia|o__Coriobacteriales|f__Coriobacteriaceae|g__Collinsella,0.117681481940775,0.0877510780908647,-0.238646702078556,-0.221733434823281,0.105121988174658,TEMPTED,batch_009
k__Bacteria|p__Firmicutes|c__Clostridia|o__Coriobacteriales|f__Coriobacteriaceae|g__Eggerthella,0.108784972599417,-0.292217233734715,-0.116011959449443,0.230080879610113,-0.175713391363261,TEMPTED,batch_009
k__Bacteria|p__Firmicutes|c__Clostridia|o__Coriobacteriales|f__|g__Unknown_027,-0.170182879614211,-0.065964219876874,0.0293396836158534,-0.186727315333808,-0.0650378138202001,TEMPTED,batch_009
k__Bacteria|p__Firmicutes|c__Clostridia|o__|f__|g__Unknown_029,-0.136969341807014,-0.0748339210690069,0.0703753195070791,-0.147957135648175,-0.0260297331631064,TEMPTED,batch_009
k__Bacteria|p__Firmicutes|c__Erysipelotrichi|o__Erysipelotrichales|f__[Coprobacillaceae]|g__Unknown_031,-0.083675465068507,-0.128919984738028,0.0276865486526367,-0.0029003245589967,-0.0288201489211025,TEMPTED,batch_009
k__Bacteria|p__Proteobacteria|c__Betaproteobacteria|o__Burkholderiales|f__Alcaligenaceae|g__Sutterella,-0.115134325944294,0.329393475993864,0.0332230483218399,-0.107509653587104,-0.0756501680950763,TEMPTED,batch_009
k__Bacteria|p__Proteobacteria|c__Gammaproteobacteria|o__Enterobacteriales|f__Enterobacteriaceae|g__Escherichia,0.352858084418112,-0.0360476876223912,0.281672577502778,0.311856798412997,-0.0477434922706538,TEMPTED,batch_009
k__Bacteria|p__Proteobacteria|c__Gammaproteobacteria|o__Enterobacteriales|f__Enterobacteriaceae|g__Unknown_042,0.370017168018782,-0.0941464284754192,0.21983491845595,0.289544129139999,-0.0057239752962091,TEMPTED,batch_009
k__Bacteria|p__Proteobacteria|c__Gammaproteobacteria|o__Pasteurellales|f__Pasteurellaceae|g__Haemophilus,0.0776995775644645,0.172995483165828,0.342354970014124,0.0043002054460692,-0.0986999168944111,TEMPTED,batch_009
k__Bacteria|p__Verrucomicrobia|c__Verrucomicrobiae|o__Verrucomicrobiales|f__Verrucomicrobiaceae|g__Akkermansia,-0.0610922722378596,0.0054142757867292,-0.148272039289322,0.180394070370148,-0.118938872269504,TEMPTED,batch_009
k__Bacteria|p__Actinobacteria|c__Actinobacteria|o__Bifidobacteriales|f__Bifidobacteriaceae|g__Bifidobacterium,1.4566082264047613,-0.3948584718431399,-1.5020734568791565,-0.3359355025973814,-0.6220302782491282,MEFISTO,batch_009
k__Bacteria|p__Bacteroidetes|c__Bacteroidia|o__Bacteroidales|f__Bacteroidaceae|g__Bacteroides,-0.977967265625988,1.3208458771715363,-0.8276458713711472,-0.0002277591573055,0.4940712528068963,MEFISTO,batch_009
k__Bacteria|p__Bacteroidetes|c__Bacteroidia|o__Bacteroidales|f__Bacteroidaceae|g__Unknown_003,-0.6757636152100462,1.0459631351762626,0.7487228011150768,-0.1553109629041595,0.5416747473444222,MEFISTO,batch_009
k__Bacteria|p__Bacteroidetes|c__Bacteroidia|o__Bacteroidales|f__Porphyromonadaceae|g__Parabacteroides,-0.7359113286060687,0.9207404278829208,-1.356416152188088e-05,-0.312694125872145,1.6393703048640131,MEFISTO,batch_009
k__Bacteria|p__Bacteroidetes|c__Bacteroidia|o__Bacteroidales|f__Prevotellaceae|g__Prevotella,0.7728821443759591,-0.0017320902124154,0.9791242032599028,-0.1594125542633601,-0.0119507418705377,MEFISTO,batch_009
k__Bacteria|p__Bacteroidetes|c__Bacteroidia|o__Bacteroidales|f__Rikenellaceae|g__Unknown_004,-0.782804440334863,-0.5286717997402471,-0.1505487947499645,0.4541162186766018,1.3103102336637604,MEFISTO,batch_009
k__Bacteria|p__Firmicutes|c__Bacilli|o__Lactobacillales|f__Carnobacteriaceae|g__Granulicatella,2.287867938457889,-0.8468698897232877,7.055047014884804e-05,-0.3482241597618958,-0.7859079149709771,MEFISTO,batch_009
k__Bacteria|p__Firmicutes|c__Bacilli|o__Lactobacillales|f__Lactobacillaceae|g__Lactobacillus,2.2371845902254366,-0.7440242567653673,0.0002413799023771,-0.5761010904927669,-0.3053998719101831,MEFISTO,batch_009
k__Bacteria|p__Firmicutes|c__Bacilli|o__Lactobacillales|f__Streptococcaceae|g__Streptococcus,1.0990664202261615,-0.1502144822463954,-0.0001637564026026,-0.3237877877170577,-0.7220142933053258,MEFISTO,batch_009
k__Bacteria|p__Firmicutes|c__Clostridia|o__Clostridiales|f__Lachnospiraceae|g__Blautia,-1.2373210911967003,0.4027939882461011,-5.194871413318293e-05,-0.2496562794497649,-1.0010333964429143,MEFISTO,batch_009
k__Bacteria|p__Firmicutes|c__Clostridia|o__Clostridiales|f__Lachnospiraceae|g__Coprococcus,-1.0014687461770415,-0.2845976006234905,0.7156096827987394,-4.364533298733818e-05,-0.8823534406296197,MEFISTO,batch_009
k__Bacteria|p__Firmicutes|c__Clostridia|o__Clostridiales|f__Lachnospiraceae|g__Lachnospira,-1.092351428707394,0.3299755074378783,0.6230660939851577,0.1876107743602153,0.3679669840614252,MEFISTO,batch_009
k__Bacteria|p__Firmicutes|c__Clostridia|o__Clostridiales|f__Lachnospiraceae|g__Roseburia,-0.6564584013567828,-1.2936896862494438,5.7994627766626125e-05,0.8802273255322021,0.157497766886819,MEFISTO,batch_009
k__Bacteria|p__Firmicutes|c__Clostridia|o__Clostridiales|f__Lachnospiraceae|g__[Ruminococcus],-0.6502207448245277,0.3706338027098882,0.5207883099211966,-0.2610293316165553,-1.0911285110789324,MEFISTO,batch_009
k__Bacteria|p__Firmicutes|c__Clostridia|o__Clostridiales|f__Lachnospiraceae|g__Unknown_020,-1.426599959402565,0.2342774237338607,0.0686560332612333,0.0003509940226881,-0.5018132699697325,MEFISTO,batch_009
k__Bacteria|p__Firmicutes|c__Clostridia|o__Clostridiales|f__Ruminococcaceae|g__Faecalibacterium,-1.2879444409338958,-0.4488719471716754,-0.0004417729925812,0.4873685395996913,0.3327518825014232,MEFISTO,batch_009
k__Bacteria|p__Firmicutes|c__Clostridia|o__Clostridiales|f__Ruminococcaceae|g__Oscillospira,-0.8166451512058347,0.222953131035421,0.3293337598474244,0.0138733455337891,0.0632828413801699,MEFISTO,batch_009
k__Bacteria|p__Firmicutes|c__Clostridia|o__Clostridiales|f__Ruminococcaceae|g__Ruminococcus,-0.8297510888737474,-1.2192790489742868,-0.1478910650257225,0.399782107136035,-0.0012128635285727,MEFISTO,batch_009
k__Bacteria|p__Firmicutes|c__Clostridia|o__Clostridiales|f__Ruminococcaceae|g__Unknown_023,-0.680970449591394,-1.361990904592233,-0.2835846543471882,0.4245215002167347,-0.2383925790934692,MEFISTO,batch_009
k__Bacteria|p__Firmicutes|c__Clostridia|o__Clostridiales|f__Veillonellaceae|g__Veillonella,0.2488222539857624,2.070035140165696,0.8156389543497526,-0.0043429907177644,-0.1538334816704656,MEFISTO,batch_009
k__Bacteria|p__Firmicutes|c__Clostridia|o__Clostridiales|f__Veillonellaceae|g__Unknown_024,-0.3865405008956459,-0.5530107270783599,0.0002234753373586,0.4726193987652463,0.6450472205559057,MEFISTO,batch_009
k__Bacteria|p__Firmicutes|c__Clostridia|o__Clostridiales|f__|g__Unknown_025,-0.5269662324995897,-0.1412433218319697,0.3502209318391853,0.0009966970603602,-0.5666239606396297,MEFISTO,batch_009
k__Bacteria|p__Firmicutes|c__Clostridia|o__Coriobacteriales|f__Coriobacteriaceae|g__Collinsella,0.6561607266221215,-0.0132629816976156,0.0007270286830939,-1.0062806746863944,0.9988357451280292,MEFISTO,batch_009
k__Bacteria|p__Firmicutes|c__Clostridia|o__Coriobacteriales|f__Coriobacteriaceae|g__Eggerthella,1.6914561952579938,-0.9640510242855584,-0.055437180005845,-0.2362875959005329,-0.9166841992255024,MEFISTO,batch_009
k__Bacteria|p__Firmicutes|c__Clostridia|o__Coriobacteriales|f__|g__Unknown_027,-1.0479928599740618,-0.5698418443944783,0.4271396019258207,0.2616598506864415,-0.30862260305387,MEFISTO,batch_009
k__Bacteria|p__Firmicutes|c__Clostridia|o__|f__|g__Unknown_029,-1.0657610836798532,-0.1955155965623774,0.4554688574587401,0.0002626119167686,-0.7189582370367535,MEFISTO,batch_009
k__Bacteria|p__Firmicutes|c__Erysipelotrichi|o__Erysipelotrichales|f__[Coprobacillaceae]|g__Unknown_031,-0.4580522424435083,-0.1416113537937745,0.4036887596506136,-0.3700140298351735,-1.1592566392625048,MEFISTO,batch_009
k__Bacteria|p__Proteobacteria|c__Betaproteobacteria|o__Burkholderiales|f__Alcaligenaceae|g__Sutterella,-1.3091226621391248,1.229321297571938,0.3717860609093933,-0.0012107600204531,1.1930345387339287,MEFISTO,batch_009
k__Bacteria|p__Proteobacteria|c__Gammaproteobacteria|o__Enterobacteriales|f__Enterobacteriaceae|g__Escherichia,1.6203589537040783,1.3586142578113354,0.4319258773256772,0.997788286547396,-0.7131107591511378,MEFISTO,batch_009
k__Bacteria|p__Proteobacteria|c__Gammaproteobacteria|o__Enterobacteriales|f__Enterobacteriaceae|g__Unknown_042,1.577219463890639,1.124564459562543,-7.165278322113883e-05,0.9903527496898914,-0.8375613610693288,MEFISTO,batch_009
k__Bacteria|p__Proteobacteria|c__Gammaproteobacteria|o__Pasteurellales|f__Pasteurellaceae|g__Haemophilus,-0.6677214163607557,1.6033119752943046,0.9018316472350948,-0.0081005906368913,0.1293484846386145,MEFISTO,batch_009
k__Bacteria|p__Verrucomicrobia|c__Verrucomicrobiae|o__Verrucomicrobiales|f__Verrucomicrobiaceae|g__Akkermansia,-0.1583304898262066,-0.388524951045834,5.107668058636537e-05,-0.0120452696453369,1.3630444825273536,MEFISTO,batch_009
k__Bacteria|p__Actinobacteria|c__Actinobacteria|o__Bifidobacteriales|f__Bifidobacteriaceae|g__Bifidobacterium,0.259570258442957,-0.127788628233405,-0.287002965896082,-0.0900505930440036,-0.0138439675974349,TEMPTED,batch_010
k__Bacteria|p__Bacteroidetes|c__Bacteroidia|o__Bacteroidales|f__Bacteroidaceae|g__Bacteroides,-0.0392146853467399,0.49332970314596,-0.219003016279054,0.0482537882468349,0.261711892169722,TEMPTED,batch_010
k__Bacteria|p__Bacteroidetes|c__Bacteroidia|o__Bacteroidales|f__Bacteroidaceae|g__Unknown_003,-0.0181162937773196,0.315662626110326,-0.220713107526154,0.171384702963025,0.126535269161631,TEMPTED,batch_010
k__Bacteria|p__Bacteroidetes|c__Bacteroidia|o__Bacteroidales|f__Porphyromonadaceae|g__Parabacteroides,-0.0504836705031894,0.442523984696571,-0.104210580014258,-0.057905148422283,0.274842345166473,TEMPTED,batch_010
k__Bacteria|p__Bacteroidetes|c__Bacteroidia|o__Bacteroidales|f__Prevotellaceae|g__Prevotella,-0.0013686871696488,-0.0072066211436493,0.097513021773745,0.0267675981703353,0.303871688879889,TEMPTED,batch_010
k__Bacteria|p__Bacteroidetes|c__Bacteroidia|o__Bacteroidales|f__Rikenellaceae|g__Unknown_004,-0.169446503373497,0.0999575883099356,-0.114236784288415,-0.200578739049107,0.39408944289179,TEMPTED,batch_010
k__Bacteria|p__Firmicutes|c__Bacilli|o__Lactobacillales|f__Carnobacteriaceae|g__Granulicatella,0.289860277963472,-0.320187594481634,-0.387923423157074,0.172711662051311,-0.141371824158405,TEMPTED,batch_010
k__Bacteria|p__Firmicutes|c__Bacilli|o__Lactobacillales|f__Lactobacillaceae|g__Lactobacillus,0.337973864051972,-0.235505840063099,-0.279025857987159,0.152609459261828,-0.0453012049133495,TEMPTED,batch_010
k__Bacteria|p__Firmicutes|c__Bacilli|o__Lactobacillales|f__Streptococcaceae|g__Streptococcus,0.211022026377594,-0.124011080347346,-0.097846431177699,0.106875511293868,0.026904974870636,TEMPTED,batch_010
k__Bacteria|p__Firmicutes|c__Clostridia|o__Clostridiales|f__Lachnospiraceae|g__Blautia,-0.0895149384042844,-0.0636918131051148,0.0686044099406186,-0.0816070628798074,-0.284231682667106,TEMPTED,batch_010
k__Bacteria|p__Firmicutes|c__Clostridia|o__Clostridiales|f__Lachnospiraceae|g__Coprococcus,-0.102879807938848,-0.0758115056975916,0.064269494411323,-0.128694862179863,-0.198531756197171,TEMPTED,batch_010
k__Bacteria|p__Firmicutes|c__Clostridia|o__Clostridiales|f__Lachnospiraceae|g__Lachnospira,-0.111472216808856,-0.0179446739498969,0.332607631487368,-0.0475942041192844,-0.129127789665511,TEMPTED,batch_010
k__Bacteria|p__Firmicutes|c__Clostridia|o__Clostridiales|f__Lachnospiraceae|g__Roseburia,-0.152038793580108,-0.101060137858514,0.191541760584747,-0.166992969343661,-0.0269906266914001,TEMPTED,batch_010
k__Bacteria|p__Firmicutes|c__Clostridia|o__Clostridiales|f__Lachnospiraceae|g__[Ruminococcus],-0.031855677047578,-0.0998683391084517,0.0535952925191997,-0.0281321352316247,-0.277148873393662,TEMPTED,batch_010
k__Bacteria|p__Firmicutes|c__Clostridia|o__Clostridiales|f__Lachnospiraceae|g__Unknown_020,-0.152571337344363,-0.0411122922233093,0.126118453754066,-0.0718166270982386,-0.187638487303143,TEMPTED,batch_010
k__Bacteria|p__Firmicutes|c__Clostridia|o__Clostridiales|f__Ruminococcaceae|g__Faecalibacterium,-0.222735159815872,0.0017583033013555,0.086399179369751,-0.3167364783072,0.0005678800178228,TEMPTED,batch_010
k__Bacteria|p__Firmicutes|c__Clostridia|o__Clostridiales|f__Ruminococcaceae|g__Oscillospira,-0.107904357985335,-0.0125661022477963,0.0370374425883494,0.0241187389847078,-0.0756290935645439,TEMPTED,batch_010
k__Bacteria|p__Firmicutes|c__Clostridia|o__Clostridiales|f__Ruminococcaceae|g__Ruminococcus,-0.189312091184823,-0.0967601451646002,-0.0453597410351448,-0.20916757008742,-0.0382593241018606,TEMPTED,batch_010
k__Bacteria|p__Firmicutes|c__Clostridia|o__Clostridiales|f__Ruminococcaceae|g__Unknown_023,-0.19943255802792,-0.102946536191018,-0.0429047527255229,-0.272667379770781,-0.0640342203877239,TEMPTED,batch_010
k__Bacteria|p__Firmicutes|c__Clostridia|o__Clostridiales|f__Veillonellaceae|g__Veillonella,0.272752996634589,0.0406699080059685,0.327470524174463,0.346498353430743,0.0577797168586985,TEMPTED,batch_010
k__Bacteria|p__Firmicutes|c__Clostridia|o__Clostridiales|f__Veillonellaceae|g__Unknown_024,-0.0734166552872674,0.0293347299806043,-0.0114304483399091,0.0966129571963108,0.286429923198827,TEMPTED,batch_010
k__Bacteria|p__Firmicutes|c__Clostridia|o__Clostridiales|f__|g__Unknown_025,-0.0556173585429225,-0.0888909377227657,0.121218570120353,-0.0392762391203648,-0.159048296078717,TEMPTED,batch_010
k__Bacteria|p__Firmicutes|c__Clostridia|o__Coriobacteriales|f__Coriobacteriaceae|g__Collinsella,0.118873384680012,0.100288636398923,-0.164643249280186,-0.225062644965615,-0.0038123632389494,TEMPTED,batch_010
k__Bacteria|p__Firmicutes|c__Clostridia|o__Coriobacteriales|f__|g__Unknown_027,-0.160810446885844,-0.0964724076027326,0.138839824354857,-0.145826526218726,-0.105124264387689,TEMPTED,batch_010
k__Bacteria|p__Firmicutes|c__Clostridia|o__|f__|g__Unknown_029,-0.1260070461891,-0.120301525578772,0.14887960778751,-0.0651039759411778,-0.183481789674781,TEMPTED,batch_010
k__Bacteria|p__Firmicutes|c__Erysipelotrichi|o__Erysipelotrichales|f__[Coprobacillaceae]|g__Unknown_031,-0.0554126627634469,-0.134314028201227,-0.0151275269912576,-0.0256400125546917,-0.278098831808368,TEMPTED,batch_010
k__Bacteria|p__Proteobacteria|c__Betaproteobacteria|o__Burkholderiales|f__Alcaligenaceae|g__Sutterella,-0.112961715401679,0.344628199932713,0.131543426500651,-0.0003761305938494,0.188548645474286,TEMPTED,batch_010
k__Bacteria|p__Proteobacteria|c__Gammaproteobacteria|o__Enterobacteriales|f__Enterobacteriaceae|g__Escherichia,0.355633247883935,-0.0698730531615616,0.0221026043473681,0.418994314698152,0.0754897638656654,TEMPTED,batch_010
k__Bacteria|p__Proteobacteria|c__Gammaproteobacteria|o__Enterobacteriales|f__Enterobacteriaceae|g__Unknown_042,0.378927510568877,-0.0929732866905106,-0.053665448880853,0.348106768707883,0.0860099012735164,TEMPTED,batch_010
k__Bacteria|p__Proteobacteria|c__Gammaproteobacteria|o__Pasteurellales|f__Pasteurellaceae|g__Haemophilus,0.090577411147122,0.109936459819615,0.317764948577843,0.261787258350117,-0.0323766274694755,TEMPTED,batch_010
k__Bacteria|p__Verrucomicrobia|c__Verrucomicrobiae|o__Verrucomicrobiales|f__Verrucomicrobiaceae|g__Akkermansia,-0.0926183143718881,0.0511964090710232,-0.222412858713447,-0.0014918144274173,0.161269579470332,TEMPTED,batch_010
k__Bacteria|p__Actinobacteria|c__Actinobacteria|o__Bifidobacteriales|f__Bifidobacteriaceae|g__Bifidobacterium,1.3022373667347915,-0.4885599450958819,-1.1666858054269766,-0.5284900948852445,-0.7033939419389846,MEFISTO,batch_010
k__Bacteria|p__Bacteroidetes|c__Bacteroidia|o__Bacteroidales|f__Bacteroidaceae|g__Bacteroides,-0.5738880451790954,0.8511550531264528,-1.5856970214105954,0.2840330363685119,0.5778440491358563,MEFISTO,batch_010
k__Bacteria|p__Bacteroidetes|c__Bacteroidia|o__Bacteroidales|f__Bacteroidaceae|g__Unknown_003,-0.2123327001826807,0.9430005487650188,0.0007200279716003,-0.0018012691767367,0.940898982872068,MEFISTO,batch_010
k__Bacteria|p__Bacteroidetes|c__Bacteroidia|o__Bacteroidales|f__Porphyromonadaceae|g__Parabacteroides,-0.6643705767417509,0.6028156591444455,-0.5213579009435998,-0.0021659641108978,1.5157736629724672,MEFISTO,batch_010
k__Bacteria|p__Bacteroidetes|c__Bacteroidia|o__Bacteroidales|f__Prevotellaceae|g__Prevotella,0.909666732272544,-0.0047658784454585,1.11644309105801,-0.2452077988952545,0.0008373600248619,MEFISTO,batch_010
k__Bacteria|p__Bacteroidetes|c__Bacteroidia|o__Bacteroidales|f__Rikenellaceae|g__Unknown_004,-1.4686633834035658,-0.2320147781509473,-0.0001543651162828,0.3574707203237765,1.3698112759696914,MEFISTO,batch_010
k__Bacteria|p__Firmicutes|c__Bacilli|o__Lactobacillales|f__Carnobacteriaceae|g__Granulicatella,1.8121512106407056,-0.3735023034040582,0.8890489439947511,-0.4369196445181836,-0.7452433721885044,MEFISTO,batch_010
k__Bacteria|p__Firmicutes|c__Bacilli|o__Lactobacillales|f__Lactobacillaceae|g__Lactobacillus,1.880941015728265,-0.3305280669286485,0.503504062772736,-0.8881399328580302,-0.0027066454122192,MEFISTO,batch_010
k__Bacteria|p__Firmicutes|c__Bacilli|o__Lactobacillales|f__Streptococcaceae|g__Streptococcus,1.1392822891839396,-0.229827878929119,0.2474176546344455,-0.3889201933418437,-0.7363678687974367,MEFISTO,batch_010
k__Bacteria|p__Firmicutes|c__Clostridia|o__Clostridiales|f__Lachnospiraceae|g__Blautia,-0.8197946392915492,0.4549521849722359,-4.110926876891351e-05,-0.0006146175736408,-1.325693907005114,MEFISTO,batch_010
k__Bacteria|p__Firmicutes|c__Clostridia|o__Clostridiales|f__Lachnospiraceae|g__Coprococcus,-0.8629106347988299,-0.1438336777791276,1.0703985756848815,0.0004162171521779,-1.1618761630664862,MEFISTO,batch_010
k__Bacteria|p__Firmicutes|c__Clostridia|o__Clostridiales|f__Lachnospiraceae|g__Lachnospira,-0.8009639793206882,0.6169378395401963,0.2982129498438903,0.0024886607957041,0.3531552344289375,MEFISTO,batch_010
k__Bacteria|p__Firmicutes|c__Clostridia|o__Clostridiales|f__Lachnospiraceae|g__Roseburia,-1.2385666347760402,-0.6195573357390832,0.5388126940158854,0.0111380962786763,0.0003783273896797,MEFISTO,batch_010
k__Bacteria|p__Firmicutes|c__Clostridia|o__Clostridiales|f__Lachnospiraceae|g__[Ruminococcus],-0.2626342657764248,0.3040497795289868,0.6487458891482574,-0.0001740277949455,-1.3621665546096962,MEFISTO,batch_010
k__Bacteria|p__Firmicutes|c__Clostridia|o__Clostridiales|f__Lachnospiraceae|g__Unknown_020,-1.1829606112314706,0.3549994817781362,-6.809402668596183e-05,0.1540474779327304,-0.6869612494171958,MEFISTO,batch_010
k__Bacteria|p__Firmicutes|c__Clostridia|o__Clostridiales|f__Ruminococcaceae|g__Faecalibacterium,-1.5197104278617133,-0.3756709634079306,0.0455959721609705,0.0045891425272367,0.4062871089143608,MEFISTO,batch_010
k__Bacteria|p__Firmicutes|c__Clostridia|o__Clostridiales|f__Ruminococcaceae|g__Oscillospira,-0.5216619116800261,0.2112517527220832,0.0009103003697182,0.1976687731257629,0.2977556249427399,MEFISTO,batch_010
k__Bacteria|p__Firmicutes|c__Clostridia|o__Clostridiales|f__Ruminococcaceae|g__Ruminococcus,-1.316448450047435,-0.639358585543409,0.3032125345177948,0.22340624108902,1.3716979939383105e-05,MEFISTO,batch_010
k__Bacteria|p__Firmicutes|c__Clostridia|o__Clostridiales|f__Ruminococcaceae|g__Unknown_023,-1.3164956990722647,-0.7215174326516753,0.3066813080832823,0.1679736084441448,-0.1504966134038605,MEFISTO,batch_010
k__Bacteria|p__Firmicutes|c__Clostridia|o__Clostridiales|f__Veillonellaceae|g__Veillonella,1.385566013618605,0.8818380033135469,0.0002502485439635,0.0164748844585092,-0.3186708201295209,MEFISTO,batch_010
k__Bacteria|p__Firmicutes|c__Clostridia|o__Clostridiales|f__Veillonellaceae|g__Unknown_024,-0.6435808196043121,-0.4761116468682799,-2.120699517504506e-05,0.1906069287921684,0.8488724552228618,MEFISTO,batch_010
k__Bacteria|p__Firmicutes|c__Clostridia|o__Clostridiales|f__|g__Unknown_025,-0.4092335838999247,-0.0068083632618834,0.5856442598021956,0.0007735960823431,-0.7380776678055975,MEFISTO,batch_010
k__Bacteria|p__Firmicutes|c__Clostridia|o__Coriobacteriales|f__Coriobacteriaceae|g__Collinsella,0.6138688006656277,0.0130009202829206,0.0014319936092418,-0.8859072982938011,1.0460188829501211,MEFISTO,batch_010
k__Bacteria|p__Firmicutes|c__Clostridia|o__Coriobacteriales|f__|g__Unknown_027,-1.203467709235827,-0.1665152892712026,0.7617325589947784,0.1805135639747726,-0.5235503712846825,MEFISTO,batch_010
k__Bacteria|p__Firmicutes|c__Clostridia|o__|f__|g__Unknown_029,-0.8980041228435118,-0.0009892439198781,0.711221890870595,0.0013373426922902,-1.0430910773856883,MEFISTO,batch_010
k__Bacteria|p__Firmicutes|c__Erysipelotrichi|o__Erysipelotrichales|f__[Coprobacillaceae]|g__Unknown_031,-0.1507931229974342,0.1411797317251058,0.7244124892270741,-0.3090453544417046,-1.4910491538532031,MEFISTO,batch_010
k__Bacteria|p__Proteobacteria|c__Betaproteobacteria|o__Burkholderiales|f__Alcaligenaceae|g__Sutterella,-0.69316636977777,0.854601665307414,-0.474946285589164,0.0032008297406195,1.3565979558602488,MEFISTO,batch_010
k__Bacteria|p__Proteobacteria|c__Gammaproteobacteria|o__Enterobacteriales|f__Enterobacteriaceae|g__Escherichia,2.1379877476829154,0.0006242558901769,2.580084207350266e-06,1.1836099619449427,-0.4230186886767203,MEFISTO,batch_010
k__Bacteria|p__Proteobacteria|c__Gammaproteobacteria|o__Enterobacteriales|f__Enterobacteriaceae|g__Unknown_042,2.017584217726529,-0.0041490919452047,-0.3974115981273242,1.1126224168055563,-0.5539972543021587,MEFISTO,batch_010
k__Bacteria|p__Proteobacteria|c__Gammaproteobacteria|o__Pasteurellales|f__Pasteurellaceae|g__Haemophilus,0.2929929981752714,0.908638224014414,-0.0002156492024947,0.000454689130959,0.3262959564983101,MEFISTO,batch_010
k__Bacteria|p__Verrucomicrobia|c__Verrucomicrobiae|o__Verrucomicrobiales|f__Verrucomicrobiaceae|g__Akkermansia,-0.6849760034737777,-0.202588800830279,-0.0001979948018536,0.005780263745933,1.4912195514562248,MEFISTO,batch_010
k__Bacteria|p__Actinobacteria|c__Actinobacteria|o__Bifidobacteriales|f__Bifidobacteriaceae|g__Bifidobacterium,0.253192415261291,-0.169593209570313,-0.262987164909402,0.057182095932101,0.165711644092457,TEMPTED,batch_011
k__Bacteria|p__Bacteroidetes|c__Bacteroidia|o__Bacteroidales|f__Bacteroidaceae|g__Bacteroides,-0.0303984662529575,0.44219626892838,-0.29547667055849,0.0645578799184328,-0.0193290588526232,TEMPTED,batch_011
k__Bacteria|p__Bacteroidetes|c__Bacteroidia|o__Bacteroidales|f__Bacteroidaceae|g__Unknown_003,-0.0376082099633698,0.354218548217837,-0.264545145093192,0.109358056659793,-0.179351255274014,TEMPTED,batch_011
k__Bacteria|p__Bacteroidetes|c__Bacteroidia|o__Bacteroidales|f__Porphyromonadaceae|g__Parabacteroides,-0.0531557829319893,0.450667882312464,-0.212301982098401,-0.0901927764258175,0.114016841697777,TEMPTED,batch_011
k__Bacteria|p__Bacteroidetes|c__Bacteroidia|o__Bacteroidales|f__Prevotellaceae|g__Prevotella,-0.0158465103835367,0.0432409026827239,0.0935552075454208,0.0294753070714456,0.891943917358445,TEMPTED,batch_011
k__Bacteria|p__Bacteroidetes|c__Bacteroidia|o__Bacteroidales|f__Rikenellaceae|g__Unknown_004,-0.173748566199696,0.0702855764795581,-0.102816203628125,-0.325558618069889,-0.0712162317802017,TEMPTED,batch_011
k__Bacteria|p__Firmicutes|c__Bacilli|o__Lactobacillales|f__Carnobacteriaceae|g__Granulicatella,0.277557639954031,-0.338559073003629,-0.3869978263509,0.0690011269122975,-0.0347552510454021,TEMPTED,batch_011
k__Bacteria|p__Firmicutes|c__Bacilli|o__Lactobacillales|f__Lactobacillaceae|g__Lactobacillus,0.304325525142133,-0.225940889985098,-0.28731707082358,0.151549817651807,0.0208720539117786,TEMPTED,batch_011
k__Bacteria|p__Firmicutes|c__Bacilli|o__Lactobacillales|f__Streptococcaceae|g__Streptococcus,0.199481657649525,-0.147008163188843,-0.122476559603577,0.12054120983493,0.0142449284112592,TEMPTED,batch_011
k__Bacteria|p__Firmicutes|c__Clostridia|o__Clostridiales|f__Lachnospiraceae|g__Blautia,-0.0916518444972264,-0.0643928424242709,0.104755029671781,0.0010851713679761,0.0391810059582661,TEMPTED,batch_011
k__Bacteria|p__Firmicutes|c__Clostridia|o__Clostridiales|f__Lachnospiraceae|g__Coprococcus,-0.111918331184801,-0.0739458404508064,0.0774419283171496,-0.149097877982054,-0.0208537260238753,TEMPTED,batch_011
k__Bacteria|p__Firmicutes|c__Clostridia|o__Clostridiales|f__Lachnospiraceae|g__Lachnospira,-0.116942617752066,0.0243483189339198,0.272257700221272,-0.0869867811553807,-0.135697976312791,TEMPTED,batch_011
k__Bacteria|p__Firmicutes|c__Clostridia|o__Clostridiales|f__Lachnospiraceae|g__Roseburia,-0.158605499337904,-0.0735848242840507,0.139834871156771,-0.164273856180817,-0.0652305438405845,TEMPTED,batch_011
k__Bacteria|p__Firmicutes|c__Clostridia|o__Clostridiales|f__Lachnospiraceae|g__[Ruminococcus],-0.0521995830707537,-0.0947147402932512,0.0891733738418197,-0.0163230251019865,-0.0173475809326139,TEMPTED,batch_011
k__Bacteria|p__Firmicutes|c__Clostridia|o__Clostridiales|f__Lachnospiraceae|g__Unknown_020,-0.147157288431987,-0.0424984470921422,0.114149098397527,-0.0166832986731149,0.0019227648454449,TEMPTED,batch_011
k__Bacteria|p__Firmicutes|c__Clostridia|o__Clostridiales|f__Ruminococcaceae|g__Faecalibacterium,-0.208506039330122,-0.0033983465006871,0.0940110124813781,-0.296147361083817,-0.0048438891401197,TEMPTED,batch_011
k__Bacteria|p__Firmicutes|c__Clostridia|o__Clostridiales|f__Ruminococcaceae|g__Oscillospira,-0.122417127378394,-0.0229771988806379,0.0906018796031673,0.0099529327457372,-0.0801336590367001,TEMPTED,batch_011
k__Bacteria|p__Firmicutes|c__Clostridia|o__Clostridiales|f__Ruminococcaceae|g__Ruminococcus,-0.193648666583177,-0.0828903946766334,-0.0189166634503401,-0.23580120030937,-0.080002755675161,TEMPTED,batch_011
k__Bacteria|p__Firmicutes|c__Clostridia|o__Clostridiales|f__Ruminococcaceae|g__Unknown_023,-0.193519341492689,-0.109952567400701,-0.031040221657217,-0.263327779504515,-0.0391446402554907,TEMPTED,batch_011
k__Bacteria|p__Firmicutes|c__Clostridia|o__Clostridiales|f__Veillonellaceae|g__Veillonella,0.252416601792035,0.0526304924091457,0.317220028213526,0.353808352959896,-0.064125323183036,TEMPTED,batch_011
k__Bacteria|p__Firmicutes|c__Clostridia|o__Clostridiales|f__Veillonellaceae|g__Unknown_024,-0.0766514785050434,0.0078516085361288,-0.049928581776941,0.0915819215491531,0.0451090603995678,TEMPTED,batch_011
k__Bacteria|p__Firmicutes|c__Clostridia|o__Clostridiales|f__|g__Unknown_025,-0.067803662784794,-0.0794455810093434,0.141429441625159,-0.0335493710662952,-0.0244604119458743,TEMPTED,batch_011
k__Bacteria|p__Firmicutes|c__Clostridia|o__Coriobacteriales|f__Coriobacteriaceae|g__Collinsella,0.0771021318562339,0.0985841742829176,-0.0410775428195293,-0.165703205119904,0.123294936761443,TEMPTED,batch_011
k__Bacteria|p__Firmicutes|c__Clostridia|o__Coriobacteriales|f__|g__Unknown_027,-0.166680715149194,-0.0726279357371267,0.135578963636762,-0.160569155661651,-0.0614402850114593,TEMPTED,batch_011
k__Bacteria|p__Firmicutes|c__Clostridia|o__|f__|g__Unknown_029,-0.130807101193885,-0.0811427489157588,0.138329515199092,-0.0791109268580767,-0.0159347487740445,TEMPTED,batch_011
k__Bacteria|p__Firmicutes|c__Erysipelotrichi|o__Erysipelotrichales|f__[Coprobacillaceae]|g__Unknown_031,-0.0797499465353617,-0.106732473314089,0.0389868346827933,-0.0382395930576703,-0.0656992388716771,TEMPTED,batch_011
k__Bacteria|p__Proteobacteria|c__Betaproteobacteria|o__Burkholderiales|f__Alcaligenaceae|g__Sutterella,-0.0988311043129666,0.353073978316699,0.176895497672007,0.0845969346805647,0.0243480499397523,TEMPTED,batch_011
k__Bacteria|p__Proteobacteria|c__Gammaproteobacteria|o__Enterobacteriales|f__Enterobacteriaceae|g__Enterobacter,0.30962520927021,-0.095859466275843,0.0280668890250351,0.217100240396107,-0.0739091740806801,TEMPTED,batch_011
k__Bacteria|p__Proteobacteria|c__Gammaproteobacteria|o__Enterobacteriales|f__Enterobacteriaceae|g__Escherichia,0.316283903406025,-0.0637580243809302,0.0076059412817061,0.333874580612074,-0.0990614900591165,TEMPTED,batch_011
k__Bacteria|p__Proteobacteria|c__Gammaproteobacteria|o__Enterobacteriales|f__Enterobacteriaceae|g__Unknown_042,0.351061829685259,-0.107237443846418,-0.0566225146363079,0.313855499839104,-0.0486253216121997,TEMPTED,batch_011
k__Bacteria|p__Proteobacteria|c__Gammaproteobacteria|o__Pasteurellales|f__Pasteurellaceae|g__Haemophilus,0.0737444437912461,0.117936314978888,0.270832412219047,0.265413643212433,-0.0565160099612895,TEMPTED,batch_011
k__Bacteria|p__Verrucomicrobia|c__Verrucomicrobiae|o__Verrucomicrobiales|f__Verrucomicrobiaceae|g__Akkermansia,-0.0869434745360735,0.0412261451519107,-0.198221477385411,-0.151369945093493,-0.182966631707237,TEMPTED,batch_011
k__Bacteria|p__Actinobacteria|c__Actinobacteria|o__Bifidobacteriales|f__Bifidobacteriaceae|g__Bifidobacterium,1.4894350790215445,-0.0055255857598076,-1.5610828262923484,-0.2918105485261428,-0.6681440110330377,MEFISTO,batch_011
k__Bacteria|p__Bacteroidetes|c__Bacteroidia|o__Bacteroidales|f__Bacteroidaceae|g__Bacteroides,-1.0404247945921368,1.7520213969477307,-0.3620257778008832,0.2844612337162645,0.3939740624463472,MEFISTO,batch_011
k__Bacteria|p__Bacteroidetes|c__Bacteroidia|o__Bacteroidales|f__Bacteroidaceae|g__Unknown_003,-0.7179951015253117,1.5267018821623402,1.2197609352251646,0.0015107845681266,0.3432344896511731,MEFISTO,batch_011
k__Bacteria|p__Bacteroidetes|c__Bacteroidia|o__Bacteroidales|f__Porphyromonadaceae|g__Parabacteroides,-1.0698265793167003,1.4674177333581355,0.7193025574173411,-0.0006273068438171,1.192003584127686,MEFISTO,batch_011
k__Bacteria|p__Bacteroidetes|c__Bacteroidia|o__Bacteroidales|f__Prevotellaceae|g__Prevotella,0.7041384690262533,-0.0930471751500062,0.9494772663797184,-0.0001454689702781,0.0043640631507525,MEFISTO,batch_011
k__Bacteria|p__Bacteroidetes|c__Bacteroidia|o__Bacteroidales|f__Rikenellaceae|g__Unknown_004,-1.1609748186744446,-0.8947862007983436,2.470056814796416e-05,0.0015313513153078,1.168532987065698,MEFISTO,batch_011
k__Bacteria|p__Firmicutes|c__Bacilli|o__Lactobacillales|f__Carnobacteriaceae|g__Granulicatella,2.10759135849999,-0.5413765192857488,7.862150141480882e-05,-0.5124963316387745,-0.4398718080146752,MEFISTO,batch_011
k__Bacteria|p__Firmicutes|c__Bacilli|o__Lactobacillales|f__Lactobacillaceae|g__Lactobacillus,2.286034427493225,-0.2653274900873916,4.644657154098326e-05,-0.6434056016249352,-0.1716558665496295,MEFISTO,batch_011
k__Bacteria|p__Firmicutes|c__Bacilli|o__Lactobacillales|f__Streptococcaceae|g__Streptococcus,1.2492523056864246,-0.0036248876497497,-0.1776932762709462,-0.266792521158403,-0.6797244755667631,MEFISTO,batch_011
k__Bacteria|p__Firmicutes|c__Clostridia|o__Clostridiales|f__Lachnospiraceae|g__Blautia,-0.9728406966895556,0.9081193248869988,-0.0001263612688811,-5.7138261925159385e-05,-1.0294459811647312,MEFISTO,batch_011
k__Bacteria|p__Firmicutes|c__Clostridia|o__Clostridiales|f__Lachnospiraceae|g__Coprococcus,-0.712959672299749,-0.6176599630624391,0.3170973055356852,7.332533711674148e-05,-0.8316107571996292,MEFISTO,batch_011
k__Bacteria|p__Firmicutes|c__Clostridia|o__Clostridiales|f__Lachnospiraceae|g__Lachnospira,-1.1914559582274176,1.146666571418958,1.113375229706692,-0.0008827647475338,0.0030846435093516,MEFISTO,batch_011
k__Bacteria|p__Firmicutes|c__Clostridia|o__Clostridiales|f__Lachnospiraceae|g__Roseburia,-1.0169937825360489,-1.2654188897009873,-8.69041482571616e-05,0.0004998956685578,0.0015744675900482,MEFISTO,batch_011
k__Bacteria|p__Firmicutes|c__Clostridia|o__Clostridiales|f__Lachnospiraceae|g__[Ruminococcus],-0.2735692091584704,0.0013649845803136,0.1115711335414594,-1.7694691589054125e-05,-1.1783579845406604,MEFISTO,batch_011
k__Bacteria|p__Firmicutes|c__Clostridia|o__Clostridiales|f__Lachnospiraceae|g__Unknown_020,-1.246828968517696,0.3274312181098134,2.869551369605449e-06,0.0007092415398887,-0.6282258429171683,MEFISTO,batch_011
k__Bacteria|p__Firmicutes|c__Clostridia|o__Clostridiales|f__Ruminococcaceae|g__Faecalibacterium,-1.3864316937941836,-0.5368889386854306,-4.0608766652187977e-05,0.0001220084893555,0.1408259442449249,MEFISTO,batch_011
k__Bacteria|p__Firmicutes|c__Clostridia|o__Clostridiales|f__Ruminococcaceae|g__Oscillospira,-0.869964245166903,-0.000570103399633,0.3644035251677532,0.1829658217910015,-0.004169438740061,MEFISTO,batch_011
k__Bacteria|p__Firmicutes|c__Clostridia|o__Clostridiales|f__Ruminococcaceae|g__Ruminococcus,-0.9742722344085736,-1.54300939265632,-0.3865582858054479,0.0001429547998555,0.0010117287223197,MEFISTO,batch_011
k__Bacteria|p__Firmicutes|c__Clostridia|o__Clostridiales|f__Ruminococcaceae|g__Unknown_023,-0.8880487905070484,-1.735099963813191,-0.5483519862552885,0.0839839046988541,-0.223775466453087,MEFISTO,batch_011
k__Bacteria|p__Firmicutes|c__Clostridia|o__Clostridiales|f__Veillonellaceae|g__Veillonella,0.8055749917787665,2.3735295423996416,0.9641627234519826,0.0076614090649118,-0.3740965574656634,MEFISTO,batch_011
k__Bacteria|p__Firmicutes|c__Clostridia|o__Clostridiales|f__Veillonellaceae|g__Unknown_024,-0.6613676286669266,-1.3543160003592336,-0.2582392531433244,0.4284796427399484,0.8022914380395749,MEFISTO,batch_011
k__Bacteria|p__Firmicutes|c__Clostridia|o__Clostridiales|f__|g__Unknown_025,-0.4221817744959996,-0.2091465408038155,0.2105503077499829,-0.0002106022572092,-0.5825634057667114,MEFISTO,batch_011
k__Bacteria|p__Firmicutes|c__Clostridia|o__Coriobacteriales|f__Coriobacteriaceae|g__Collinsella,0.6873107409574652,-0.6218633528987924,0.0035225012385234,-0.6319470086510386,0.8759241763015232,MEFISTO,batch_011
k__Bacteria|p__Firmicutes|c__Clostridia|o__Coriobacteriales|f__|g__Unknown_027,-1.1041084120535831,-0.691037106930186,0.2852545204577027,0.1153337871032371,-0.3837218717185771,MEFISTO,batch_011
k__Bacteria|p__Firmicutes|c__Clostridia|o__|f__|g__Unknown_029,-0.8175711879352875,-0.3359444964530822,0.176155372641461,0.0002495737992241,-0.8110988227464057,MEFISTO,batch_011
k__Bacteria|p__Firmicutes|c__Erysipelotrichi|o__Erysipelotrichales|f__[Coprobacillaceae]|g__Unknown_031,-0.0008018725097382,-0.1836840308219986,0.00014783823547,-0.2247085662619949,-1.2429726700650008,MEFISTO,batch_011
k__Bacteria|p__Proteobacteria|c__Betaproteobacteria|o__Burkholderiales|f__Alcaligenaceae|g__Sutterella,-1.320953161169374,1.938105962298076,1.0867123373554894,8.145914343906342e-05,0.877654962901458,MEFISTO,batch_011
k__Bacteria|p__Proteobacteria|c__Gammaproteobacteria|o__Enterobacteriales|f__Enterobacteriaceae|g__Enterobacter,2.046006938496466,0.0037628200360148,0.3016409423813802,0.0009702599217279,-0.1605131740888568,MEFISTO,batch_011
k__Bacteria|p__Proteobacteria|c__Gammaproteobacteria|o__Enterobacteriales|f__Enterobacteriaceae|g__Escherichia,1.6371547196880236,0.2794697285424724,0.1058551214846034,1.5087679685966988,-0.189328642866951,MEFISTO,batch_011
k__Bacteria|p__Proteobacteria|c__Gammaproteobacteria|o__Enterobacteriales|f__Enterobacteriaceae|g__Unknown_042,1.591494226304092,0.1457211119061009,-0.3982083794017835,1.448365148590688,-0.3310287543459688,MEFISTO,batch_011
k__Bacteria|p__Proteobacteria|c__Gammaproteobacteria|o__Pasteurellales|f__Pasteurellaceae|g__Haemophilus,-0.1547321298476112,2.0013916768260254,1.1194433275094853,-0.001188775872828,0.0084207517971092,MEFISTO,batch_011
k__Bacteria|p__Verrucomicrobia|c__Verrucomicrobiae|o__Verrucomicrobiales|f__Verrucomicrobiaceae|g__Akkermansia,-0.5106562278638012,-1.191797468934513,-6.801433129646779e-05,-0.0001451563715763,1.3751878494124936,MEFISTO,batch_011
k__Bacteria|p__Actinobacteria|c__Actinobacteria|o__Bifidobacteriales|f__Bifidobacteriaceae|g__Bifidobacterium,0.262677934944954,-0.142616854218139,-0.335441955501215,0.10728061480653,-0.0490874677655858,TEMPTED,batch_012
k__Bacteria|p__Bacteroidetes|c__Bacteroidia|o__Bacteroidales|f__Bacteroidaceae|g__Bacteroides,-0.0407638909082522,0.411891633302035,-0.256870859682475,0.170751799837681,0.246394882584072,TEMPTED,batch_012
k__Bacteria|p__Bacteroidetes|c__Bacteroidia|o__Bacteroidales|f__Bacteroidaceae|g__Unknown_003,-0.0146803274855783,0.279175554230861,-0.166752971878064,0.240475105368726,0.152558315940546,TEMPTED,batch_012
k__Bacteria|p__Bacteroidetes|c__Bacteroidia|o__Bacteroidales|f__Porphyromonadaceae|g__Parabacteroides,-0.0378225486494096,0.464500157297837,-0.209333404652931,0.0583142217853378,0.315967135439291,TEMPTED,batch_012
k__Bacteria|p__Bacteroidetes|c__Bacteroidia|o__Bacteroidales|f__Prevotellaceae|g__Prevotella,-0.0023960796613035,0.0189745443604756,0.0131105274968071,0.0100981091414924,0.31906853026885,TEMPTED,batch_012
k__Bacteria|p__Bacteroidetes|c__Bacteroidia|o__Bacteroidales|f__Rikenellaceae|g__Unknown_004,-0.181568652260179,0.0912505671324829,-0.156527440746428,-0.195984246538426,0.364760936152734,TEMPTED,batch_012
k__Bacteria|p__Firmicutes|c__Bacilli|o__Lactobacillales|f__Carnobacteriaceae|g__Granulicatella,0.289861271974119,-0.37998648939179,-0.266117913201678,0.227769427150687,-0.157949245269535,TEMPTED,batch_012
k__Bacteria|p__Firmicutes|c__Bacilli|o__Lactobacillales|f__Lactobacillaceae|g__Lactobacillus,0.336314337118649,-0.281581048954451,-0.136501800746011,0.147526903613148,-0.0227303903229577,TEMPTED,batch_012
k__Bacteria|p__Firmicutes|c__Bacilli|o__Lactobacillales|f__Streptococcaceae|g__Streptococcus,0.207673402343364,-0.132228267900653,-0.0317217940269618,0.127831721143095,0.0375803716766897,TEMPTED,batch_012
k__Bacteria|p__Firmicutes|c__Clostridia|o__Clostridiales|f__Lachnospiraceae|g__Blautia,-0.0783675782576949,-0.0403601836146904,0.0286126990880948,-0.0299188096167949,-0.224856908573648,TEMPTED,batch_012
k__Bacteria|p__Firmicutes|c__Clostridia|o__Clostridiales|f__Lachnospiraceae|g__Coprococcus,-0.113035194668063,-0.0717106348828485,0.0237034905331502,-0.130019292491925,-0.17233146830802,TEMPTED,batch_012
k__Bacteria|p__Firmicutes|c__Clostridia|o__Clostridiales|f__Lachnospiraceae|g__Lachnospira,-0.104361232064613,0.029563292966638,0.283464663221885,-0.203735440101498,-0.175823509220079,TEMPTED,batch_012
k__Bacteria|p__Firmicutes|c__Clostridia|o__Clostridiales|f__Lachnospiraceae|g__Roseburia,-0.150988540271878,-0.0740267295268503,0.108786646708975,-0.27646170262641,-0.0232937768924223,TEMPTED,batch_012
k__Bacteria|p__Firmicutes|c__Clostridia|o__Clostridiales|f__Lachnospiraceae|g__[Ruminococcus],-0.034821475310303,-0.0813398782598825,0.0445776169763099,0.0006628133212102,-0.245168794647518,TEMPTED,batch_012
k__Bacteria|p__Firmicutes|c__Clostridia|o__Clostridiales|f__Lachnospiraceae|g__Unknown_020,-0.146790154574145,-0.0333263088713565,0.0689905297278302,-0.0868098551839192,-0.191663099604854,TEMPTED,batch_012
k__Bacteria|p__Firmicutes|c__Clostridia|o__Clostridiales|f__Ruminococcaceae|g__Faecalibacterium,-0.217581044116365,0.0466918224666846,-0.076083115333035,-0.375785475296955,-0.0437863646769063,TEMPTED,batch_012
k__Bacteria|p__Firmicutes|c__Clostridia|o__Clostridiales|f__Ruminococcaceae|g__Oscillospira,-0.119974846775485,-0.0036121757768037,0.0889828603348528,0.0302007485526696,-0.0468019078180196,TEMPTED,batch_012
k__Bacteria|p__Firmicutes|c__Clostridia|o__Clostridiales|f__Ruminococcaceae|g__Ruminococcus,-0.18803508200584,-0.0852471551750518,-0.0776665040665635,-0.220510189036414,-0.0487249533406405,TEMPTED,batch_012
k__Bacteria|p__Firmicutes|c__Clostridia|o__Clostridiales|f__Ruminococcaceae|g__Unknown_023,-0.198201585314642,-0.083776055093633,-0.13624637398199,-0.266872032429851,-0.0546119638862506,TEMPTED,batch_012
k__Bacteria|p__Firmicutes|c__Clostridia|o__Clostridiales|f__Veillonellaceae|g__Veillonella,0.282654557249741,0.0772986875872269,0.449445334223064,0.223489075941546,0.0677992121258013,TEMPTED,batch_012
k__Bacteria|p__Firmicutes|c__Clostridia|o__Clostridiales|f__Veillonellaceae|g__Unknown_024,-0.0710854391002471,-0.0155819052518528,-0.0315402809657176,0.0632527202282584,0.269657461977842,TEMPTED,batch_012
k__Bacteria|p__Firmicutes|c__Clostridia|o__Clostridiales|f__|g__Unknown_025,-0.0636839383085976,-0.0720054222645281,0.109747072707502,-0.0894243096661268,-0.156872271728934,TEMPTED,batch_012
k__Bacteria|p__Firmicutes|c__Clostridia|o__Coriobacteriales|f__Coriobacteriaceae|g__Collinsella,0.123918794428682,0.105105497713083,-0.241152680914926,-0.168042908386523,-0.0950097808265112,TEMPTED,batch_012
k__Bacteria|p__Firmicutes|c__Clostridia|o__Coriobacteriales|f__|g__Unknown_027,-0.161098277592825,-0.0746827919651284,0.0901598666163882,-0.193574847263653,-0.107693252959603,TEMPTED,batch_012
k__Bacteria|p__Firmicutes|c__Clostridia|o__|f__|g__Unknown_029,-0.134921357925886,-0.0888281278966563,0.117168332674114,-0.0949139545527879,-0.205054138228846,TEMPTED,batch_012
k__Bacteria|p__Firmicutes|c__Erysipelotrichi|o__Erysipelotrichales|f__[Coprobacillaceae]|g__Unknown_031,-0.0504823752478522,-0.123713999876274,0.0429744878728581,0.0275685943911065,-0.304533433592847,TEMPTED,batch_012
k__Bacteria|p__Proteobacteria|c__Betaproteobacteria|o__Burkholderiales|f__Alcaligenaceae|g__Sutterella,-0.104203764258375,0.341894389510442,0.122635805490502,0.0361477793318021,0.128522467634387,TEMPTED,batch_012
k__Bacteria|p__Proteobacteria|c__Gammaproteobacteria|o__Enterobacteriales|f__Enterobacteriaceae|g__Escherichia,0.348720397853579,-0.124208170386966,0.166262671926529,0.321454940475491,0.101755374928158,TEMPTED,batch_012
k__Bacteria|p__Proteobacteria|c__Gammaproteobacteria|o__Enterobacteriales|f__Enterobacteriaceae|g__Unknown_042,0.379549601198874,-0.148935606202249,0.0893634857708246,0.309798225672982,0.13366943962163,TEMPTED,batch_012
k__Bacteria|p__Proteobacteria|c__Gammaproteobacteria|o__Pasteurellales|f__Pasteurellaceae|g__Haemophilus,0.0783468203907702,0.14611703411043,0.372596390145332,0.116253490138809,0.0097999626167549,TEMPTED,batch_012
k__Bacteria|p__Verrucomicrobia|c__Verrucomicrobiae|o__Verrucomicrobiales|f__Verrucomicrobiaceae|g__Akkermansia,-0.0948537327451997,0.045304624831608,-0.0986253858170221,0.113176772290713,0.17845863669642,TEMPTED,batch_012
k__Bacteria|p__Actinobacteria|c__Actinobacteria|o__Bifidobacteriales|f__Bifidobacteriaceae|g__Bifidobacterium,1.7962572119907827,1.713885979763902e-05,-2.696190018066075,-0.0001936622465874,-0.5256333913461625,MEFISTO,batch_012
k__Bacteria|p__Bacteroidetes|c__Bacteroidia|o__Bacteroidales|f__Bacteroidaceae|g__Bacteroides,-1.3232846408589845,0.5134242038327573,-0.9088654403470176,2.0128664865052253e-05,1.1480277986935612,MEFISTO,batch_012
k__Bacteria|p__Bacteroidetes|c__Bacteroidia|o__Bacteroidales|f__Bacteroidaceae|g__Unknown_003,-0.6984417951840917,0.6547732285980518,1.320025550034142,-0.1393495376570031,1.0152242624286807,MEFISTO,batch_012
k__Bacteria|p__Bacteroidetes|c__Bacteroidia|o__Bacteroidales|f__Porphyromonadaceae|g__Parabacteroides,-0.9395241317238158,0.0030835189182526,1.0870053740735208,-0.4858954907116457,1.8822397393399963,MEFISTO,batch_012
k__Bacteria|p__Bacteroidetes|c__Bacteroidia|o__Bacteroidales|f__Prevotellaceae|g__Prevotella,0.947469385301091,-0.154140355114698,1.2583576717983322,0.0002019699487276,0.0235779883564262,MEFISTO,batch_012
k__Bacteria|p__Bacteroidetes|c__Bacteroidia|o__Bacteroidales|f__Rikenellaceae|g__Unknown_004,-1.6072749682115892,-0.9905661485159204,1.4223740348800538,-0.0005505471792971,0.620635058708856,MEFISTO,batch_012
k__Bacteria|p__Firmicutes|c__Bacilli|o__Lactobacillales|f__Carnobacteriaceae|g__Granulicatella,2.2915717764903034,-0.0001344535373609,3.094547428913691e-05,0.0002638142064295,-0.5900918473679464,MEFISTO,batch_012
k__Bacteria|p__Firmicutes|c__Bacilli|o__Lactobacillales|f__Lactobacillaceae|g__Lactobacillus,2.6888638477274744,-0.0004672506296695,-0.1817585735969188,-0.1756892149977222,-0.276718185757269,MEFISTO,batch_012
k__Bacteria|p__Firmicutes|c__Bacilli|o__Lactobacillales|f__Streptococcaceae|g__Streptococcus,1.4335699564707278,0.2625490639761181,-0.6225863692807226,-1.0920453789473484e-05,-0.5303947496249007,MEFISTO,batch_012
k__Bacteria|p__Firmicutes|c__Clostridia|o__Clostridiales|f__Lachnospiraceae|g__Blautia,-0.5710285831845584,0.6808747544110675,-1.191787754098501,-3.822624601238923e-05,-0.9948273132503662,MEFISTO,batch_012
k__Bacteria|p__Firmicutes|c__Clostridia|o__Clostridiales|f__Lachnospiraceae|g__Coprococcus,-0.2288677112796932,0.097493757940162,0.00017987842255,-6.943248029083443e-05,-1.5662904723392772,MEFISTO,batch_012
k__Bacteria|p__Firmicutes|c__Clostridia|o__Clostridiales|f__Lachnospiraceae|g__Lachnospira,-1.3366230402003196,0.6375994497491586,1.16127517027613,-7.955301325697603e-05,0.2493429124626359,MEFISTO,batch_012
k__Bacteria|p__Firmicutes|c__Clostridia|o__Clostridiales|f__Lachnospiraceae|g__Roseburia,-1.0380946531228814,-0.4349890361977626,0.5768226128526176,0.1366801960895673,-0.6941168824816835,MEFISTO,batch_012
k__Bacteria|p__Firmicutes|c__Clostridia|o__Clostridiales|f__Lachnospiraceae|g__[Ruminococcus],0.0011327500224945,0.630854900589152,-0.4168431586527749,3.717275326362242e-05,-1.1026148065336785,MEFISTO,batch_012
k__Bacteria|p__Firmicutes|c__Clostridia|o__Clostridiales|f__Lachnospiraceae|g__Unknown_020,-1.1717719235007993,0.4015076731396542,-0.4426514508269891,3.756863314162029e-05,-0.758801589609961,MEFISTO,batch_012
k__Bacteria|p__Firmicutes|c__Clostridia|o__Clostridiales|f__Ruminococcaceae|g__Faecalibacterium,-1.4331836385141374,-0.4165168450119761,0.3794876045526906,-0.0010349215221719,-0.3333395325406854,MEFISTO,batch_012
k__Bacteria|p__Firmicutes|c__Clostridia|o__Clostridiales|f__Ruminococcaceae|g__Oscillospira,-0.963345018146936,0.0021888223418286,0.6897768043547299,0.0005252783786356,0.114798609240932,MEFISTO,batch_012
k__Bacteria|p__Firmicutes|c__Clostridia|o__Clostridiales|f__Ruminococcaceae|g__Ruminococcus,-0.9215531494699556,-0.7398031687199172,0.1802534723840786,-2.530597804684578e-05,-0.7967853141114787,MEFISTO,batch_012
k__Bacteria|p__Firmicutes|c__Clostridia|o__Clostridiales|f__Ruminococcaceae|g__Unknown_023,-0.8367622164763262,-0.6583360119641448,-8.201577130366434e-05,-9.749962611823794e-05,-0.9542337063107856,MEFISTO,batch_012
k__Bacteria|p__Firmicutes|c__Clostridia|o__Clostridiales|f__Veillonellaceae|g__Veillonella,0.5994328742900358,1.0172250971366126,0.0014239370468207,0.6256544323812011,0.4807816658901788,MEFISTO,batch_012
k__Bacteria|p__Firmicutes|c__Clostridia|o__Clostridiales|f__Veillonellaceae|g__Unknown_024,-0.8345313269521862,-0.8090426401859082,0.8345147470966116,0.0001521817228044,0.3791167339531267,MEFISTO,batch_012
k__Bacteria|p__Firmicutes|c__Clostridia|o__Clostridiales|f__|g__Unknown_025,-0.2518072086532827,0.0029557567680269,8.163231756142957e-05,3.896481339751124e-05,-0.8365626301343019,MEFISTO,batch_012
k__Bacteria|p__Firmicutes|c__Clostridia|o__Coriobacteriales|f__Coriobacteriaceae|g__Collinsella,2.0326696270540903,-0.0025842654556056,0.0044003640799548,-1.3967222161833035,0.503882275384548,MEFISTO,batch_012
k__Bacteria|p__Firmicutes|c__Clostridia|o__Coriobacteriales|f__|g__Unknown_027,-0.9564152957445472,-0.0030066844948059,0.4753841843588895,6.158910234103096e-05,-1.000546587431372,MEFISTO,batch_012
k__Bacteria|p__Firmicutes|c__Clostridia|o__|f__|g__Unknown_029,-0.5889836514822583,0.2780534523236987,-0.0940792374258024,-5.4614065850220285e-05,-1.2226267532636272,MEFISTO,batch_012
k__Bacteria|p__Firmicutes|c__Erysipelotrichi|o__Erysipelotrichales|f__[Coprobacillaceae]|g__Unknown_031,0.2831053119979244,0.4884225410417928,-0.5515636107947572,-0.0002920067066108,-1.3458686979209071,MEFISTO,batch_012
k__Bacteria|p__Proteobacteria|c__Betaproteobacteria|o__Burkholderiales|f__Alcaligenaceae|g__Sutterella,-1.4599264539872698,0.6669753920864911,1.3806355080574035,-0.3650178799944917,1.8158238518671452,MEFISTO,batch_012
k__Bacteria|p__Proteobacteria|c__Gammaproteobacteria|o__Enterobacteriales|f__Enterobacteriaceae|g__Escherichia,0.6054124193144542,0.0010259509840636,0.0001063936284326,2.125782629059102,0.2170503396704277,MEFISTO,batch_012
k__Bacteria|p__Proteobacteria|c__Gammaproteobacteria|o__Enterobacteriales|f__Enterobacteriaceae|g__Unknown_042,0.5274545745920931,5.294456010254181e-05,-0.6505249728802018,2.0941921906565018,0.0841913348450163,MEFISTO,batch_012
k__Bacteria|p__Proteobacteria|c__Gammaproteobacteria|o__Pasteurellales|f__Pasteurellaceae|g__Haemophilus,-0.5674801168824178,0.9255077578024872,0.960244972033276,0.0001346920865711,1.051537857976346,MEFISTO,batch_012
k__Bacteria|p__Verrucomicrobia|c__Verrucomicrobiae|o__Verrucomicrobiales|f__Verrucomicrobiaceae|g__Akkermansia,-0.5739735905807114,-1.398794145565856,1.26272221590572,-0.0015922493716791,0.2912851785440172,MEFISTO,batch_012
k__Bacteria|p__Actinobacteria|c__Actinobacteria|o__Bifidobacteriales|f__Bifidobacteriaceae|g__Bifidobacterium,0.245338793859298,-0.0796719384841934,-0.333221679201312,0.112114660590802,-0.0772879400748264,TEMPTED,batch_013
k__Bacteria|p__Bacteroidetes|c__Bacteroidia|o__Bacteroidales|f__Bacteroidaceae|g__Bacteroides,-0.0332666214627428,0.483906260851021,-0.243664197543637,0.149466415877345,0.264944331658312,TEMPTED,batch_013
k__Bacteria|p__Bacteroidetes|c__Bacteroidia|o__Bacteroidales|f__Bacteroidaceae|g__Unknown_003,-0.0057985557047627,0.316169149293292,-0.125134807049909,0.221262511445357,0.154284455873882,TEMPTED,batch_013
k__Bacteria|p__Bacteroidetes|c__Bacteroidia|o__Bacteroidales|f__Porphyromonadaceae|g__Parabacteroides,-0.0385729432774541,0.459049824150454,-0.15210613868412,-0.00553734722339,0.19601688380422,TEMPTED,batch_013
k__Bacteria|p__Bacteroidetes|c__Bacteroidia|o__Bacteroidales|f__Prevotellaceae|g__Prevotella,0.024449926350387,0.0112015457983706,-0.0356128474039837,-0.0947150409140811,0.196571625387403,TEMPTED,batch_013
k__Bacteria|p__Bacteroidetes|c__Bacteroidia|o__Bacteroidales|f__Rikenellaceae|g__Unknown_004,-0.182646040178799,0.108428921196783,-0.109810568595059,-0.0268087003351812,0.348131842408559,TEMPTED,batch_013
k__Bacteria|p__Bacteroidetes|c__Bacteroidia|o__Bacteroidales|f__[Barnesiellaceae]|g__Unknown_006,-0.0257051640349612,0.0878746004139316,-0.0243277117553063,0.0495469677224663,0.289285100676093,TEMPTED,batch_013
k__Bacteria|p__Firmicutes|c__Bacilli|o__Lactobacillales|f__Carnobacteriaceae|g__Granulicatella,0.294332200735498,-0.338132942727579,-0.237437043209809,0.281771139530633,-0.166996691819809,TEMPTED,batch_013
k__Bacteria|p__Firmicutes|c__Bacilli|o__Lactobacillales|f__Lactobacillaceae|g__Lactobacillus,0.343971188877061,-0.222086247695994,-0.159490368004954,0.289542227476272,-0.0695855984135797,TEMPTED,batch_013
k__Bacteria|p__Firmicutes|c__Bacilli|o__Lactobacillales|f__Streptococcaceae|g__Streptococcus,0.212869456921755,-0.126922296231557,-0.0514318923264635,0.155526921082332,0.006750925843361,TEMPTED,batch_013
k__Bacteria|p__Firmicutes|c__Clostridia|o__Clostridiales|f__Lachnospiraceae|g__Blautia,-0.0900314888699241,-0.0576252500986827,0.019690961493361,-0.0857970758975674,-0.307247909199553,TEMPTED,batch_013
k__Bacteria|p__Firmicutes|c__Clostridia|o__Clostridiales|f__Lachnospiraceae|g__Coprococcus,-0.106986694132289,-0.105753950203557,0.0024858112665154,-0.138121612982494,-0.180305193692484,TEMPTED,batch_013
k__Bacteria|p__Firmicutes|c__Clostridia|o__Clostridiales|f__Lachnospiraceae|g__Lachnospira,-0.107939308781732,-0.0056709926495556,0.216274340943089,-0.192316790052453,-0.0908805629195727,TEMPTED,batch_013
k__Bacteria|p__Firmicutes|c__Clostridia|o__Clostridiales|f__Lachnospiraceae|g__Roseburia,-0.157839079800659,-0.114762250797353,0.051996662573969,-0.217471294645864,0.046141232169671,TEMPTED,batch_013
k__Bacteria|p__Firmicutes|c__Clostridia|o__Clostridiales|f__Lachnospiraceae|g__[Ruminococcus],-0.0373468962244137,-0.123580378211435,0.0594199278846911,-0.0278452233499337,-0.311489440825574,TEMPTED,batch_013
k__Bacteria|p__Firmicutes|c__Clostridia|o__Clostridiales|f__Lachnospiraceae|g__Unknown_020,-0.149448275704737,-0.0420772137363883,0.0602891327345686,-0.11658843231173,-0.222111701114996,TEMPTED,batch_013
k__Bacteria|p__Firmicutes|c__Clostridia|o__Clostridiales|f__Ruminococcaceae|g__Faecalibacterium,-0.217423814545521,-0.0025641312835968,-0.147585353782546,-0.349300129141089,0.0797085205301618,TEMPTED,batch_013
k__Bacteria|p__Firmicutes|c__Clostridia|o__Clostridiales|f__Ruminococcaceae|g__Oscillospira,-0.105678826504662,-0.0273880543252271,0.152060243628417,0.00019465836214,-0.060807449996984,TEMPTED,batch_013
k__Bacteria|p__Firmicutes|c__Clostridia|o__Clostridiales|f__Ruminococcaceae|g__Ruminococcus,-0.18784399929229,-0.0935631795565602,-0.109809733043174,-0.192440539999801,0.0161337940920452,TEMPTED,batch_013
k__Bacteria|p__Firmicutes|c__Clostridia|o__Clostridiales|f__Ruminococcaceae|g__Unknown_023,-0.198404877179561,-0.114181087059384,-0.161143170672351,-0.208939261492597,-0.0151730850478225,TEMPTED,batch_013
k__Bacteria|p__Firmicutes|c__Clostridia|o__Clostridiales|f__Veillonellaceae|g__Veillonella,0.268895976848781,0.0573676630224143,0.475423316284524,0.179188521334761,0.0109113597350861,TEMPTED,batch_013
k__Bacteria|p__Firmicutes|c__Clostridia|o__Clostridiales|f__Veillonellaceae|g__Unknown_024,-0.0543192345784274,-0.00507101164726,-0.0505437362797525,0.0186958279798955,0.246708271169003,TEMPTED,batch_013
k__Bacteria|p__Firmicutes|c__Clostridia|o__Clostridiales|f__|g__Unknown_025,-0.0641132447764229,-0.0905000834804011,0.129412152738269,-0.0617020488306593,-0.160435544950367,TEMPTED,batch_013
k__Bacteria|p__Firmicutes|c__Clostridia|o__Coriobacteriales|f__Coriobacteriaceae|g__Collinsella,0.098982350791387,0.0330590940784395,-0.247309029813918,-0.211587355218533,0.051850130972351,TEMPTED,batch_013
k__Bacteria|p__Firmicutes|c__Clostridia|o__Coriobacteriales|f__|g__Unknown_027,-0.160283766814609,-0.0945204657043469,0.0660006462584837,-0.17774086948798,-0.0909030596616673,TEMPTED,batch_013
k__Bacteria|p__Firmicutes|c__Clostridia|o__|f__|g__Unknown_029,-0.131343669203242,-0.0971350846982343,0.0844488887437795,-0.146919587093145,-0.166886327770368,TEMPTED,batch_013
k__Bacteria|p__Firmicutes|c__Erysipelotrichi|o__Erysipelotrichales|f__[Coprobacillaceae]|g__Unknown_031,-0.0627912437209023,-0.139798636884048,0.0297063552666929,-0.0285208546488878,-0.308980340585555,TEMPTED,batch_013
k__Bacteria|p__Proteobacteria|c__Betaproteobacteria|o__Burkholderiales|f__Alcaligenaceae|g__Sutterella,-0.0957296181785513,0.321215789629085,0.141388595861412,-0.0963773588794998,0.131126100303605,TEMPTED,batch_013
k__Bacteria|p__Proteobacteria|c__Gammaproteobacteria|o__Enterobacteriales|f__Enterobacteriaceae|g__Escherichia,0.356624248381497,-0.066497488850356,0.197500713302267,0.311219067271592,-0.0168671634969845,TEMPTED,batch_013
k__Bacteria|p__Proteobacteria|c__Gammaproteobacteria|o__Enterobacteriales|f__Enterobacteriaceae|g__Unknown_042,0.381975965425535,-0.0819101057180303,0.0982463061121231,0.286644466224124,0.0373333474505804,TEMPTED,batch_013
k__Bacteria|p__Proteobacteria|c__Gammaproteobacteria|o__Pasteurellales|f__Pasteurellaceae|g__Haemophilus,0.0954305654583836,0.129813028144383,0.406125221901849,0.0809289236225001,-0.0505776904267752,TEMPTED,batch_013
k__Bacteria|p__Verrucomicrobia|c__Verrucomicrobiae|o__Verrucomicrobiales|f__Verrucomicrobiaceae|g__Akkermansia,-0.109357310682917,0.0213269134655661,-0.0018409996277157,0.242627213984668,0.220637777922584,TEMPTED,batch_013
k__Bacteria|p__Actinobacteria|c__Actinobacteria|o__Bifidobacteriales|f__Bifidobacteriaceae|g__Bifidobacterium,1.4125903556524628,-0.0021132752708969,-1.9881642547224887,-0.5621200444704629,-0.2577235148045411,MEFISTO,batch_013
k__Bacteria|p__Bacteroidetes|c__Bacteroidia|o__Bacteroidales|f__Bacteroidaceae|g__Bacteroides,-1.3150016476569228,0.910792948927594,-0.7113914818339192,0.1888878387111919,0.611310726848733,MEFISTO,batch_013
k__Bacteria|p__Bacteroidetes|c__Bacteroidia|o__Bacteroidales|f__Bacteroidaceae|g__Unknown_003,-1.0073334015064823,0.7828234502834225,1.2980614928317211,-0.2707402944607768,0.4342932066398408,MEFISTO,batch_013
k__Bacteria|p__Bacteroidetes|c__Bacteroidia|o__Bacteroidales|f__Porphyromonadaceae|g__Parabacteroides,-1.397877186401537,0.0066522173976551,0.8054599452703842,-0.005853662747664,1.4962635231821289,MEFISTO,batch_013
k__Bacteria|p__Bacteroidetes|c__Bacteroidia|o__Bacteroidales|f__Prevotellaceae|g__Prevotella,0.9349290407572094,-0.2846527689288127,1.0216154168177385,-0.3013788137773555,0.1962988177524101,MEFISTO,batch_013
k__Bacteria|p__Bacteroidetes|c__Bacteroidia|o__Bacteroidales|f__Rikenellaceae|g__Unknown_004,-1.179392800889971,-0.833266929066144,0.4927511769587215,0.5439790366060021,0.946721523158641,MEFISTO,batch_013
k__Bacteria|p__Bacteroidetes|c__Bacteroidia|o__Bacteroidales|f__[Barnesiellaceae]|g__Unknown_006,-0.7648187060960413,-1.0773170536666048,0.662032094774063,0.6489093483762631,1.2663420015032327,MEFISTO,batch_013
k__Bacteria|p__Firmicutes|c__Bacilli|o__Lactobacillales|f__Carnobacteriaceae|g__Granulicatella,2.234615680331495,-0.339135415256053,0.0001836388291784,-0.5147777201861052,-0.3675261290417978,MEFISTO,batch_013
k__Bacteria|p__Firmicutes|c__Bacilli|o__Lactobacillales|f__Lactobacillaceae|g__Lactobacillus,2.362370549754915,-0.3049535238022544,0.0003284070186124,-0.8317109792709041,0.002817422547105,MEFISTO,batch_013
k__Bacteria|p__Firmicutes|c__Bacilli|o__Lactobacillales|f__Streptococcaceae|g__Streptococcus,1.4324875147827802,3.8477662249499845e-05,-0.4053432838747768,-0.5167108597884197,-0.4731363713367033,MEFISTO,batch_013
k__Bacteria|p__Firmicutes|c__Clostridia|o__Clostridiales|f__Lachnospiraceae|g__Blautia,-0.5902058131531813,0.5389084781749581,-0.7591147981539709,-0.1648220773361597,-1.1128872107786183,MEFISTO,batch_013
k__Bacteria|p__Firmicutes|c__Clostridia|o__Clostridiales|f__Lachnospiraceae|g__Coprococcus,-0.1286568488697803,-0.2659409245290902,0.0001058085896347,-0.0005709142520458,-1.3537630184688902,MEFISTO,batch_013
k__Bacteria|p__Firmicutes|c__Clostridia|o__Clostridiales|f__Lachnospiraceae|g__Lachnospira,-1.6165226970573456,0.8962080683157008,1.330438988571292,0.004046108488942,-0.0016070264793994,MEFISTO,batch_013
k__Bacteria|p__Firmicutes|c__Clostridia|o__Clostridiales|f__Lachnospiraceae|g__Roseburia,-0.7595215461434581,-0.5605086508902846,0.2326001680494927,0.5302746804280178,-0.3719704281459083,MEFISTO,batch_013
k__Bacteria|p__Firmicutes|c__Clostridia|o__Clostridiales|f__Lachnospiraceae|g__[Ruminococcus],0.0002949748066978,0.4537747949323951,-0.1240655077730912,-0.1800868225841303,-1.272264260615587,MEFISTO,batch_013
k__Bacteria|p__Firmicutes|c__Clostridia|o__Clostridiales|f__Lachnospiraceae|g__Unknown_020,-1.039391384652148,0.3748325935233956,-0.3396147064281717,0.0077852935850638,-0.8520356286809834,MEFISTO,batch_013
k__Bacteria|p__Firmicutes|c__Clostridia|o__Clostridiales|f__Ruminococcaceae|g__Faecalibacterium,-1.1662737356760895,-0.5161822643004957,-0.0003898698498467,0.3806092394299789,-0.0063411684806089,MEFISTO,batch_013
k__Bacteria|p__Firmicutes|c__Clostridia|o__Clostridiales|f__Ruminococcaceae|g__Oscillospira,-0.7219563909684177,0.0009892218638834,0.3344687258423152,0.3218794906283629,-0.1599798324754671,MEFISTO,batch_013
k__Bacteria|p__Firmicutes|c__Clostridia|o__Clostridiales|f__Ruminococcaceae|g__Ruminococcus,-0.5338893748310253,-0.8704402680450668,-0.3087650278347301,0.3832706147212135,-0.3832182620859157,MEFISTO,batch_013
k__Bacteria|p__Firmicutes|c__Clostridia|o__Clostridiales|f__Ruminococcaceae|g__Unknown_023,-0.2753798862666565,-1.0212845682570069,-0.6475199067338245,0.3879345686720375,-0.6788994430807482,MEFISTO,batch_013
k__Bacteria|p__Firmicutes|c__Clostridia|o__Clostridiales|f__Veillonellaceae|g__Veillonella,0.2490650533479063,1.7695687225511327,0.9922696715268308,-0.2810645586009097,0.0010844478319414,MEFISTO,batch_013
k__Bacteria|p__Firmicutes|c__Clostridia|o__Clostridiales|f__Veillonellaceae|g__Unknown_024,-0.1652723043609062,-1.0937628908979846,0.0011005061864469,0.451032080892514,0.6439703643721841,MEFISTO,batch_013
k__Bacteria|p__Firmicutes|c__Clostridia|o__Clostridiales|f__|g__Unknown_025,-0.134592475348916,0.0004522966438803,-2.736720621545321e-05,0.0014195593687204,-0.9802194167872342,MEFISTO,batch_013
k__Bacteria|p__Firmicutes|c__Clostridia|o__Coriobacteriales|f__Coriobacteriaceae|g__Collinsella,0.0048499738361154,-0.6050834835315422,0.8059593432748692,-0.5294063946654918,0.8726858057654503,MEFISTO,batch_013
k__Bacteria|p__Firmicutes|c__Clostridia|o__Coriobacteriales|f__|g__Unknown_027,-0.7062909473512415,-0.2102630003682765,0.2534107189620303,0.2952073600862505,-0.928586608729014,MEFISTO,batch_013
k__Bacteria|p__Firmicutes|c__Clostridia|o__|f__|g__Unknown_029,-0.5149688077037756,-0.0001295450092354,3.082030742869008e-05,0.1037096555459167,-1.212276346633078,MEFISTO,batch_013
k__Bacteria|p__Firmicutes|c__Erysipelotrichi|o__Erysipelotrichales|f__[Coprobacillaceae]|g__Unknown_031,0.3106985152168848,0.0010831055332625,-0.3682647337003953,-0.3066574273205732,-1.2741537878157585,MEFISTO,batch_013
k__Bacteria|p__Proteobacteria|c__Betaproteobacteria|o__Burkholderiales|f__Alcaligenaceae|g__Sutterella,-2.140195546635205,1.1353971100209448,1.4608281798577027,-0.0002514184957265,1.0786363473937854,MEFISTO,batch_013
k__Bacteria|p__Proteobacteria|c__Gammaproteobacteria|o__Enterobacteriales|f__Enterobacteriaceae|g__Escherichia,2.2299538982435814,1.1508672524761971,3.747428650528337e-05,0.8671742882644959,0.0036508815767217,MEFISTO,batch_013
k__Bacteria|p__Proteobacteria|c__Gammaproteobacteria|o__Enterobacteriales|f__Enterobacteriaceae|g__Unknown_042,2.255484141522471,0.9439303402155746,-0.6889935268515327,0.874447113048252,-0.0043857831929187,MEFISTO,batch_013
k__Bacteria|p__Proteobacteria|c__Gammaproteobacteria|o__Pasteurellales|f__Pasteurellaceae|g__Haemophilus,-0.9767562467707182,1.4832659683669822,1.4483225094188854,-0.2094299791044636,0.4670534079236939,MEFISTO,batch_013
k__Bacteria|p__Verrucomicrobia|c__Verrucomicrobiae|o__Verrucomicrobiales|f__Verrucomicrobiaceae|g__Akkermansia,-0.0028870133471447,-1.9226810093220876,0.0006244283963116,0.4461960628812321,0.8491277523695376,MEFISTO,batch_013
k__Bacteria|p__Actinobacteria|c__Actinobacteria|o__Bifidobacteriales|f__Bifidobacteriaceae|g__Bifidobacterium,0.257125069539391,-0.13101594095565,-0.125720177870438,0.302143950251203,-0.0744201596029617,TEMPTED,batch_014
k__Bacteria|p__Bacteroidetes|c__Bacteroidia|o__Bacteroidales|f__Bacteroidaceae|g__Bacteroides,-0.0293935306802357,0.434136661462813,-0.0468040162712323,0.240217737222452,0.215210515454896,TEMPTED,batch_014
k__Bacteria|p__Bacteroidetes|c__Bacteroidia|o__Bacteroidales|f__Bacteroidaceae|g__Unknown_003,-0.0256420631963044,0.3097717675257,0.0165189102798557,0.158821075253106,0.144498524993179,TEMPTED,batch_014
k__Bacteria|p__Bacteroidetes|c__Bacteroidia|o__Bacteroidales|f__Porphyromonadaceae|g__Parabacteroides,-0.0515767904921914,0.496480359972119,-0.1905418158991,0.130003089625322,0.210801729846527,TEMPTED,batch_014
k__Bacteria|p__Bacteroidetes|c__Bacteroidia|o__Bacteroidales|f__Prevotellaceae|g__Prevotella,0.0030169342631289,-0.0063182582145512,0.138506924183286,0.0509951123560135,0.283746152905209,TEMPTED,batch_014
k__Bacteria|p__Bacteroidetes|c__Bacteroidia|o__Bacteroidales|f__Rikenellaceae|g__Unknown_004,-0.179992646511913,0.0482179224427293,-0.234301582270668,0.0804818106280886,0.442385325988904,TEMPTED,batch_014
k__Bacteria|p__Firmicutes|c__Bacilli|o__Lactobacillales|f__Carnobacteriaceae|g__Granulicatella,0.289443328598302,-0.337754686046535,0.0212784999339844,0.314323232149299,-0.203627110807804,TEMPTED,batch_014
k__Bacteria|p__Firmicutes|c__Bacilli|o__Lactobacillales|f__Lactobacillaceae|g__Lactobacillus,0.343488021168532,-0.189873614453777,0.0631208580040186,0.249398228475502,-0.0851199170984251,TEMPTED,batch_014
k__Bacteria|p__Firmicutes|c__Bacilli|o__Lactobacillales|f__Streptococcaceae|g__Streptococcus,0.210305317583621,-0.0999021612718155,0.0905093672212351,0.0888547775322266,-1.77222880776819e-06,TEMPTED,batch_014
k__Bacteria|p__Firmicutes|c__Clostridia|o__Clostridiales|f__Lachnospiraceae|g__Blautia,-0.077994709500498,-0.0697957260353098,-0.032145953726538,-0.0651531978287573,-0.280013413947899,TEMPTED,batch_014
k__Bacteria|p__Firmicutes|c__Clostridia|o__Clostridiales|f__Lachnospiraceae|g__Coprococcus,-0.0995068726201535,-0.0901090803868785,-0.106232921531395,-0.118790188948614,-0.178288024560378,TEMPTED,batch_014
k__Bacteria|p__Firmicutes|c__Clostridia|o__Clostridiales|f__Lachnospiraceae|g__Lachnospira,-0.109299877689433,0.0152513293467724,0.0388589619467705,-0.376151111700217,-0.111547390167826,TEMPTED,batch_014
k__Bacteria|p__Firmicutes|c__Clostridia|o__Clostridiales|f__Lachnospiraceae|g__Roseburia,-0.150581664329609,-0.0796677047627537,-0.0526505658396292,-0.314446770543242,0.0188892805233233,TEMPTED,batch_014
k__Bacteria|p__Firmicutes|c__Clostridia|o__Clostridiales|f__Lachnospiraceae|g__[Ruminococcus],-0.037400336017931,-0.0754055776779355,0.0019493423227075,-0.0385759643203627,-0.260447943039743,TEMPTED,batch_014
k__Bacteria|p__Firmicutes|c__Clostridia|o__Clostridiales|f__Lachnospiraceae|g__Unknown_020,-0.148039034744183,-0.0382351922022085,-0.0034752485503923,-0.0967862381300934,-0.204480555075215,TEMPTED,batch_014
k__Bacteria|p__Firmicutes|c__Clostridia|o__Clostridiales|f__Ruminococcaceae|g__Faecalibacterium,-0.210660692198076,-0.0274941088161984,-0.262677033324661,-0.277839719130584,0.0572523223009526,TEMPTED,batch_014
k__Bacteria|p__Firmicutes|c__Clostridia|o__Clostridiales|f__Ruminococcaceae|g__Oscillospira,-0.110191001396461,-0.0545846596706776,0.031912228959523,-0.0062418919381303,-0.0593294583851698,TEMPTED,batch_014
k__Bacteria|p__Firmicutes|c__Clostridia|o__Clostridiales|f__Ruminococcaceae|g__Ruminococcus,-0.198045014626849,-0.0839671784796162,-0.194778288300358,-0.0952294289799739,-0.0133249657358287,TEMPTED,batch_014
k__Bacteria|p__Firmicutes|c__Clostridia|o__Clostridiales|f__Ruminococcaceae|g__Unknown_023,-0.197647940250913,-0.125004880431756,-0.27209545752987,-0.105365330679537,-0.0234354980482231,TEMPTED,batch_014
k__Bacteria|p__Firmicutes|c__Clostridia|o__Clostridiales|f__Veillonellaceae|g__Veillonella,0.267176953503484,0.0805747718646769,0.435203337852399,-0.0782801052017876,0.0219624302753388,TEMPTED,batch_014
k__Bacteria|p__Firmicutes|c__Clostridia|o__Clostridiales|f__Veillonellaceae|g__Unknown_024,-0.0612598637685061,0.0095838462618618,0.0993321423144021,0.0791353786120907,0.341461735183885,TEMPTED,batch_014
k__Bacteria|p__Firmicutes|c__Clostridia|o__Clostridiales|f__|g__Unknown_025,-0.0678176509215391,-0.062185830365472,0.0234704667872841,-0.104621599845298,-0.113009089263882,TEMPTED,batch_014
k__Bacteria|p__Firmicutes|c__Clostridia|o__Coriobacteriales|f__Coriobacteriaceae|g__Collinsella,0.121318725270267,0.0801417325473341,-0.256262950136376,0.11153053204965,-0.016709269923258,TEMPTED,batch_014
k__Bacteria|p__Firmicutes|c__Clostridia|o__Coriobacteriales|f__|g__Unknown_027,-0.158103221465116,-0.0961363312867722,-0.0776890979643705,-0.197299758340555,-0.0553605129885493,TEMPTED,batch_014
k__Bacteria|p__Firmicutes|c__Clostridia|o__|f__|g__Unknown_029,-0.137965286094118,-0.0916373055991601,-0.0357971522881379,-0.146255690504712,-0.162242501693066,TEMPTED,batch_014
k__Bacteria|p__Firmicutes|c__Erysipelotrichi|o__Erysipelotrichales|f__[Coprobacillaceae]|g__Unknown_031,-0.0690680893826365,-0.129972503237438,-0.0254863975289832,-0.0131850257845515,-0.285272499469035,TEMPTED,batch_014
k__Bacteria|p__Proteobacteria|c__Betaproteobacteria|o__Burkholderiales|f__Alcaligenaceae|g__Sutterella,-0.0950627608494443,0.383237961411389,0.103279450034722,-0.1071208588169,0.206130757738038,TEMPTED,batch_014
k__Bacteria|p__Proteobacteria|c__Gammaproteobacteria|o__Enterobacteriales|f__Enterobacteriaceae|g__Escherichia,0.351908232127144,-0.0690932129908631,0.375080717754153,0.100092328924906,0.0746432124125924,TEMPTED,batch_014
k__Bacteria|p__Proteobacteria|c__Gammaproteobacteria|o__Enterobacteriales|f__Enterobacteriaceae|g__Unknown_042,0.379864251062786,-0.124921257799676,0.290704743358361,0.171685026505113,0.0714593699279287,TEMPTED,batch_014
k__Bacteria|p__Proteobacteria|c__Gammaproteobacteria|o__Pasteurellales|f__Pasteurellaceae|g__Haemophilus,0.100963330042233,0.132654104374894,0.351647652478672,-0.207610001731268,-0.0880162950348813,TEMPTED,batch_014
k__Bacteria|p__Verrucomicrobia|c__Verrucomicrobiae|o__Verrucomicrobiales|f__Verrucomicrobiaceae|g__Akkermansia,-0.109361116422778,-0.0069752465252433,-0.164714944399224,0.271270602839611,0.126205019520177,TEMPTED,batch_014
k__Bacteria|p__Actinobacteria|c__Actinobacteria|o__Bifidobacteriales|f__Bifidobacteriaceae|g__Bifidobacterium,1.297905902748064,-0.3152745996270941,-2.219611995589154,-0.0018725819794188,-0.6526605329216881,MEFISTO,batch_014
k__Bacteria|p__Bacteroidetes|c__Bacteroidia|o__Bacteroidales|f__Bacteroidaceae|g__Bacteroides,-0.7734585365669379,0.607248862140383,-1.5708287846599187,-0.0003397657150378,0.6899865758668979,MEFISTO,batch_014
k__Bacteria|p__Bacteroidetes|c__Bacteroidia|o__Bacteroidales|f__Bacteroidaceae|g__Unknown_003,-0.3290158369981319,0.3992832884363256,0.8278060659180987,-0.2161797125028068,0.4034806528921457,MEFISTO,batch_014
k__Bacteria|p__Bacteroidetes|c__Bacteroidia|o__Bacteroidales|f__Porphyromonadaceae|g__Parabacteroides,-0.4073542213592577,0.603418536933393,0.0007978447467173,-0.5819765999179614,1.2811574350209258,MEFISTO,batch_014
k__Bacteria|p__Bacteroidetes|c__Bacteroidia|o__Bacteroidales|f__Prevotellaceae|g__Prevotella,1.038772888991585,0.0005310722298707,1.3564853991951664,-0.1345500328553699,-0.1815846897978608,MEFISTO,batch_014
k__Bacteria|p__Bacteroidetes|c__Bacteroidia|o__Bacteroidales|f__Rikenellaceae|g__Unknown_004,-1.3973492334488284,-0.4986875132397257,0.8855677582288874,-0.001523738768055,1.32985020743239,MEFISTO,batch_014
k__Bacteria|p__Firmicutes|c__Bacilli|o__Lactobacillales|f__Carnobacteriaceae|g__Granulicatella,1.8847791512821328,-0.2313629177235998,0.4285375777619915,0.0001050605824717,-0.7335020809281055,MEFISTO,batch_014
k__Bacteria|p__Firmicutes|c__Bacilli|o__Lactobacillales|f__Lactobacillaceae|g__Lactobacillus,2.3907464648941943,-0.2772249350746875,0.0005996224444251,-0.5059777256862954,-0.3626475423015756,MEFISTO,batch_014
k__Bacteria|p__Firmicutes|c__Bacilli|o__Lactobacillales|f__Streptococcaceae|g__Streptococcus,1.139149829138829,0.0007147274122301,-0.1966323931607443,-0.000100867090718,-0.6920176838355725,MEFISTO,batch_014
k__Bacteria|p__Firmicutes|c__Clostridia|o__Clostridiales|f__Lachnospiraceae|g__Blautia,-0.7331302938720377,0.3145809910905721,-0.718920863741511,0.0001447045621053,-1.0077162434412126,MEFISTO,batch_014
k__Bacteria|p__Firmicutes|c__Clostridia|o__Clostridiales|f__Lachnospiraceae|g__Coprococcus,-0.7644165948229329,-0.2976176902925235,0.8186787129030796,-0.0004888419955531,-0.865719688559863,MEFISTO,batch_014
k__Bacteria|p__Firmicutes|c__Clostridia|o__Clostridiales|f__Lachnospiraceae|g__Lachnospira,-1.2031850776557835,0.9325994122963744,1.1238644597247385,-0.0002295298586532,0.0045787482403607,MEFISTO,batch_014
k__Bacteria|p__Firmicutes|c__Clostridia|o__Clostridiales|f__Lachnospiraceae|g__Roseburia,-1.4295243988711266,-0.0134851234693884,1.070452723158678,0.2796144501723391,0.0119745630396364,MEFISTO,batch_014
k__Bacteria|p__Firmicutes|c__Clostridia|o__Clostridiales|f__Lachnospiraceae|g__[Ruminococcus],-0.1063573541200719,0.0001911343692347,-3.399712646015873e-05,0.130860415814782,-1.0141519419250309,MEFISTO,batch_014
k__Bacteria|p__Firmicutes|c__Clostridia|o__Clostridiales|f__Lachnospiraceae|g__Unknown_020,-1.4502846491931192,0.2931152772660425,-0.00030744594978,0.1099211394784094,-0.4994574077809259,MEFISTO,batch_014
k__Bacteria|p__Firmicutes|c__Clostridia|o__Clostridiales|f__Ruminococcaceae|g__Faecalibacterium,-1.6693428697756472,0.0008808893132056,0.6520267703826486,-6.083572458409861e-06,0.0009854940694238,MEFISTO,batch_014
k__Bacteria|p__Firmicutes|c__Clostridia|o__Clostridiales|f__Ruminococcaceae|g__Oscillospira,-0.7923133280345478,-0.1496496368451926,0.5030400614046595,0.0023394085788654,0.0018324269284445,MEFISTO,batch_014
k__Bacteria|p__Firmicutes|c__Clostridia|o__Clostridiales|f__Ruminococcaceae|g__Ruminococcus,-1.355021069850406,-0.6494133198064314,0.5294126627306838,0.0002519339339277,0.0014155421841964,MEFISTO,batch_014
k__Bacteria|p__Firmicutes|c__Clostridia|o__Clostridiales|f__Ruminococcaceae|g__Unknown_023,-1.1655748227044216,-0.6737025138829086,0.3052430225849515,9.344493979444994e-05,-0.0036474753934872,MEFISTO,batch_014
k__Bacteria|p__Firmicutes|c__Clostridia|o__Clostridiales|f__Veillonellaceae|g__Veillonella,1.0269382579250337,1.141582092094287,0.0007364438724888,0.4397656006706553,-0.3473851228898639,MEFISTO,batch_014
k__Bacteria|p__Firmicutes|c__Clostridia|o__Clostridiales|f__Veillonellaceae|g__Unknown_024,-0.7731882445156513,-0.5806159627543299,0.4334614851599656,0.0008605990882678,0.9151835882652364,MEFISTO,batch_014
k__Bacteria|p__Firmicutes|c__Clostridia|o__Clostridiales|f__|g__Unknown_025,-0.5850874854172393,0.0007702349586946,0.5576108478854619,0.1881142786615547,-0.4890414601557349,MEFISTO,batch_014
k__Bacteria|p__Firmicutes|c__Clostridia|o__Coriobacteriales|f__Coriobacteriaceae|g__Collinsella,1.6657075811862796,-0.4185951352076512,-0.0001648065809099,-1.261297549548097,0.0054695999113441,MEFISTO,batch_014
k__Bacteria|p__Firmicutes|c__Clostridia|o__Coriobacteriales|f__|g__Unknown_027,-1.3057957446734536,-0.1412074734495928,0.988318705453168,0.0819733504846436,-0.3635622918176055,MEFISTO,batch_014
k__Bacteria|p__Firmicutes|c__Clostridia|o__|f__|g__Unknown_029,-0.9277215082574573,-0.1391915206685609,0.5322050767103843,-1.292160506436092e-05,-0.7336379976210897,MEFISTO,batch_014
k__Bacteria|p__Firmicutes|c__Erysipelotrichi|o__Erysipelotrichales|f__[Coprobacillaceae]|g__Unknown_031,0.0010000722693581,-0.1525894044756728,0.0009086960222534,-0.0026211659302417,-1.202565962146232,MEFISTO,batch_014
k__Bacteria|p__Proteobacteria|c__Betaproteobacteria|o__Burkholderiales|f__Alcaligenaceae|g__Sutterella,-1.0127294111888154,1.298434412010958,0.6103973893049447,-0.2430891396200515,0.8801624406029834,MEFISTO,batch_014
k__Bacteria|p__Proteobacteria|c__Gammaproteobacteria|o__Enterobacteriales|f__Enterobacteriaceae|g__Escherichia,1.2944633386361877,0.0008611452847902,0.0001352709656738,1.772913766636325,0.1345806253036784,MEFISTO,batch_014
k__Bacteria|p__Proteobacteria|c__Gammaproteobacteria|o__Enterobacteriales|f__Enterobacteriaceae|g__Unknown_042,1.1424553280926708,-0.0009894005818601,-0.5793516706949466,1.7208539493398858,-2.764767629334825e-05,MEFISTO,batch_014
k__Bacteria|p__Proteobacteria|c__Gammaproteobacteria|o__Pasteurellales|f__Pasteurellaceae|g__Haemophilus,0.1661740130594541,1.5168460401990005,0.5112417480762823,-9.353155022002244e-05,-0.0002373031934112,MEFISTO,batch_014
k__Bacteria|p__Verrucomicrobia|c__Verrucomicrobiae|o__Verrucomicrobiales|f__Verrucomicrobiaceae|g__Akkermansia,-0.4589990149296747,-1.405822088024961,0.6330127731746821,-0.4436013176794611,1.1176575562709092,MEFISTO,batch_014
k__Bacteria|p__Actinobacteria|c__Actinobacteria|o__Bifidobacteriales|f__Bifidobacteriaceae|g__Bifidobacterium,0.243335754861782,-0.146132653722988,-0.167514419899609,0.241535544568491,-0.0283731163973731,TEMPTED,batch_015
k__Bacteria|p__Bacteroidetes|c__Bacteroidia|o__Bacteroidales|f__Bacteroidaceae|g__Bacteroides,-0.0151011651778581,0.481342949240526,-0.121663949808517,0.253086159771241,0.268095228081183,TEMPTED,batch_015
k__Bacteria|p__Bacteroidetes|c__Bacteroidia|o__Bacteroidales|f__Bacteroidaceae|g__Unknown_003,-0.0044276087264579,0.348899594756129,-0.107859003137445,0.202540048539191,0.162946631448746,TEMPTED,batch_015
k__Bacteria|p__Bacteroidetes|c__Bacteroidia|o__Bacteroidales|f__Porphyromonadaceae|g__Parabacteroides,-0.0419670327320818,0.443773315524231,-0.214226562154995,0.108852931928228,0.311843395823508,TEMPTED,batch_015
k__Bacteria|p__Bacteroidetes|c__Bacteroidia|o__Bacteroidales|f__Prevotellaceae|g__Prevotella,-0.0158903213150691,0.0454839675815574,0.103043616067907,0.0926768506851764,0.299903081090413,TEMPTED,batch_015
k__Bacteria|p__Bacteroidetes|c__Bacteroidia|o__Bacteroidales|f__Rikenellaceae|g__Unknown_004,-0.199836625863321,0.0564884727083319,-0.17461843181762,-0.0337102763274933,0.375187943491696,TEMPTED,batch_015
k__Bacteria|p__Firmicutes|c__Bacilli|o__Lactobacillales|f__Carnobacteriaceae|g__Granulicatella,0.287010054740737,-0.374553526359724,-0.100329324830329,0.392570182886963,-0.186586952713565,TEMPTED,batch_015
k__Bacteria|p__Firmicutes|c__Bacilli|o__Lactobacillales|f__Lactobacillaceae|g__Lactobacillus,0.324488045883077,-0.1995612616347,0.0172610453263034,0.252058453116304,0.0073986040339424,TEMPTED,batch_015
k__Bacteria|p__Firmicutes|c__Bacilli|o__Lactobacillales|f__Streptococcaceae|g__Streptococcus,0.207667037204235,-0.119025120703768,0.0557489597744339,0.109601807494283,0.0219322845863824,TEMPTED,batch_015
k__Bacteria|p__Firmicutes|c__Clostridia|o__Clostridiales|f__Lachnospiraceae|g__Blautia,-0.0706985169776192,-0.044288203201366,0.0030115172162299,-0.0361759247912007,-0.243557121371368,TEMPTED,batch_015
k__Bacteria|p__Firmicutes|c__Clostridia|o__Clostridiales|f__Lachnospiraceae|g__Coprococcus,-0.104253041456271,-0.0568006558437715,-0.0620928461833486,-0.12083207128306,-0.190375011093252,TEMPTED,batch_015
k__Bacteria|p__Firmicutes|c__Clostridia|o__Clostridiales|f__Lachnospiraceae|g__Lachnospira,-0.120696364164739,0.0069145034385511,0.0877070294323,-0.342932523087085,-0.141604712014948,TEMPTED,batch_015
k__Bacteria|p__Firmicutes|c__Clostridia|o__Clostridiales|f__Lachnospiraceae|g__Roseburia,-0.166924036848342,-0.0950557451247623,-0.0263261894361801,-0.293334606587052,-0.0119427114266157,TEMPTED,batch_015
k__Bacteria|p__Firmicutes|c__Clostridia|o__Clostridiales|f__Lachnospiraceae|g__[Ruminococcus],-0.0186804633024039,-0.0777270565622434,0.0164034975795593,7.21573329933769e-05,-0.264056003548861,TEMPTED,batch_015
k__Bacteria|p__Firmicutes|c__Clostridia|o__Clostridiales|f__Lachnospiraceae|g__Unknown_020,-0.144083287484186,-0.0663843406322926,0.0188585335440511,-0.104683374449094,-0.185677169905755,TEMPTED,batch_015
k__Bacteria|p__Firmicutes|c__Clostridia|o__Clostridiales|f__Ruminococcaceae|g__Faecalibacterium,-0.219136224461209,-0.0296183532673598,-0.202616919234909,-0.317147700123436,-0.0519256599577285,TEMPTED,batch_015
k__Bacteria|p__Firmicutes|c__Clostridia|o__Clostridiales|f__Ruminococcaceae|g__Oscillospira,-0.116606672453114,-0.0279906425894266,0.0518784534111472,0.0122352423765782,-0.0775236907498278,TEMPTED,batch_015
k__Bacteria|p__Firmicutes|c__Clostridia|o__Clostridiales|f__Ruminococcaceae|g__Ruminococcus,-0.192263573744315,-0.118919240349507,-0.218995293014281,-0.143795079168437,-0.0461761994300558,TEMPTED,batch_015
k__Bacteria|p__Firmicutes|c__Clostridia|o__Clostridiales|f__Ruminococcaceae|g__Unknown_023,-0.203407749217914,-0.125441610163039,-0.246133176809307,-0.156395310261647,-0.0438551150715508,TEMPTED,batch_015
k__Bacteria|p__Firmicutes|c__Clostridia|o__Clostridiales|f__Veillonellaceae|g__Veillonella,0.274967027599194,0.0904256382818245,0.46366122357594,-0.0442547268182094,0.0420477129791802,TEMPTED,batch_015
k__Bacteria|p__Firmicutes|c__Clostridia|o__Clostridiales|f__Veillonellaceae|g__Unknown_024,-0.0670705099186369,0.0173502913072913,0.0632342376101978,0.0849497415179567,0.317702154438923,TEMPTED,batch_015
k__Bacteria|p__Firmicutes|c__Clostridia|o__Clostridiales|f__|g__Unknown_025,-0.059160439636129,-0.0868662991848561,0.0755138501865843,-0.0945223196355438,-0.162598970883726,TEMPTED,batch_015
k__Bacteria|p__Firmicutes|c__Clostridia|o__Coriobacteriales|f__Coriobacteriaceae|g__Collinsella,0.113091724763073,0.0660122861894043,-0.271241907166399,0.05091111422309,-0.0449642779630257,TEMPTED,batch_015
k__Bacteria|p__Firmicutes|c__Clostridia|o__Coriobacteriales|f__|g__Unknown_027,-0.157759309490949,-0.0978992415942433,-0.0301705602338675,-0.211868816379551,-0.103024002279869,TEMPTED,batch_015
k__Bacteria|p__Firmicutes|c__Clostridia|o__|f__|g__Unknown_029,-0.130434279517899,-0.0959080712489363,0.0006684239021628,-0.132670659700886,-0.174410077148524,TEMPTED,batch_015
k__Bacteria|p__Firmicutes|c__Erysipelotrichi|o__Erysipelotrichales|f__[Coprobacillaceae]|g__Unknown_031,-0.0481795612597421,-0.114042469157551,-0.0315528805810732,0.0372105857888319,-0.279331136728864,TEMPTED,batch_015
k__Bacteria|p__Proteobacteria|c__Betaproteobacteria|o__Burkholderiales|f__Alcaligenaceae|g__Sutterella,-0.111334190297818,0.312726322962695,0.0905877822782223,-0.171588518249872,0.150662118992856,TEMPTED,batch_015
k__Bacteria|p__Proteobacteria|c__Gammaproteobacteria|o__Enterobacteriales|f__Enterobacteriaceae|g__Escherichia,0.356602700298638,-0.0298644755601386,0.378363716100598,0.143300356992856,0.114372423212198,TEMPTED,batch_015
k__Bacteria|p__Proteobacteria|c__Gammaproteobacteria|o__Enterobacteriales|f__Enterobacteriaceae|g__Unknown_042,0.388944685347242,-0.0799855323376,0.295434021406529,0.219235167063073,0.117531680244091,TEMPTED,batch_015
k__Bacteria|p__Proteobacteria|c__Gammaproteobacteria|o__Pasteurellales|f__Pasteurellaceae|g__Haemophilus,0.0978476280605748,0.123242797016931,0.3602332158963,-0.113238146291205,-0.0207137084731094,TEMPTED,batch_015
k__Bacteria|p__Verrucomicrobia|c__Verrucomicrobiae|o__Verrucomicrobiales|f__Verrucomicrobiaceae|g__Akkermansia,-0.0860436847124783,-0.0065956397691988,-0.106267659000585,0.116313708868514,0.0670723787348992,TEMPTED,batch_015
k__Bacteria|p__Actinobacteria|c__Actinobacteria|o__Bifidobacteriales|f__Bifidobacteriaceae|g__Bifidobacterium,1.0826588059570303,-0.0068735439052541,-1.417136918082304,-0.3607078750533089,-0.7508369580857955,MEFISTO,batch_015
k__Bacteria|p__Bacteroidetes|c__Bacteroidia|o__Bacteroidales|f__Bacteroidaceae|g__Bacteroides,-0.776030263259711,1.904814929155572,-0.4496972600520371,-0.0088465400699396,0.7164087434962751,MEFISTO,batch_015
k__Bacteria|p__Bacteroidetes|c__Bacteroidia|o__Bacteroidales|f__Bacteroidaceae|g__Unknown_003,-0.5170547296861373,1.3320138682036329,1.0652230629303523,-0.3668792363224826,0.7516146892810042,MEFISTO,batch_015
k__Bacteria|p__Bacteroidetes|c__Bacteroidia|o__Bacteroidales|f__Porphyromonadaceae|g__Parabacteroides,-0.4877011589327541,0.3275615135002765,0.0008359442057124,-0.3352785287036421,1.835724823650628,MEFISTO,batch_015
k__Bacteria|p__Bacteroidetes|c__Bacteroidia|o__Bacteroidales|f__Prevotellaceae|g__Prevotella,1.3292645289641631,-1.5335826014187526,0.0005402103687659,-0.1850640676172617,0.0101803389066945,MEFISTO,batch_015
k__Bacteria|p__Bacteroidetes|c__Bacteroidia|o__Bacteroidales|f__Rikenellaceae|g__Unknown_004,-1.003236507608105,-0.8787168994937599,2.7086821036628727e-05,0.4222973424369323,1.1334823700026433,MEFISTO,batch_015
k__Bacteria|p__Firmicutes|c__Bacilli|o__Lactobacillales|f__Carnobacteriaceae|g__Granulicatella,1.8086886423414077,-1.01337538665308,0.0001516105493289,-0.3870070706898572,-0.7456187354352914,MEFISTO,batch_015
k__Bacteria|p__Firmicutes|c__Bacilli|o__Lactobacillales|f__Lactobacillaceae|g__Lactobacillus,2.129530550295479,-0.5812151490730444,9.6361108533906e-05,-0.3948526247641818,-0.3592260946983514,MEFISTO,batch_015
k__Bacteria|p__Firmicutes|c__Bacilli|o__Lactobacillales|f__Streptococcaceae|g__Streptococcus,0.9776816447040864,0.000907128485973,-0.0003036872971621,-0.3345316214502375,-0.835266447582579,MEFISTO,batch_015
k__Bacteria|p__Firmicutes|c__Clostridia|o__Clostridiales|f__Lachnospiraceae|g__Blautia,-1.0756112935731952,0.9978394364385096,-4.884943564338209e-05,-0.2384568194920134,-0.7279964994337588,MEFISTO,batch_015
k__Bacteria|p__Firmicutes|c__Clostridia|o__Clostridiales|f__Lachnospiraceae|g__Coprococcus,-0.9528023456320408,-0.1082060481197828,0.6244330712613375,-0.0880815574241687,-0.7580170709069464,MEFISTO,batch_015
k__Bacteria|p__Firmicutes|c__Clostridia|o__Clostridiales|f__Lachnospiraceae|g__Lachnospira,-1.1154128794856333,0.6881009197801575,0.9412312296265656,0.2233156015149997,0.4067080210309091,MEFISTO,batch_015
k__Bacteria|p__Firmicutes|c__Clostridia|o__Clostridiales|f__Lachnospiraceae|g__Roseburia,-0.9846156469849852,-1.2391880975602425,0.1216363243753561,0.8138782571700911,-0.0053489060588673,MEFISTO,batch_015
k__Bacteria|p__Firmicutes|c__Clostridia|o__Clostridiales|f__Lachnospiraceae|g__[Ruminococcus],-0.1382500107777082,0.0012303533486669,0.0001516036295514,-0.210345083533011,-0.9611476570602452,MEFISTO,batch_015
k__Bacteria|p__Firmicutes|c__Clostridia|o__Clostridiales|f__Lachnospiraceae|g__Unknown_020,-1.3575400692966877,0.6094098527933615,0.1520568699156944,3.185298797709891e-05,-0.4679680027500179,MEFISTO,batch_015
k__Bacteria|p__Firmicutes|c__Clostridia|o__Clostridiales|f__Ruminococcaceae|g__Faecalibacterium,-1.403595064839552,-0.7913651312535177,-4.075195586197235e-05,0.4945972427427855,0.2494143590011021,MEFISTO,batch_015
k__Bacteria|p__Firmicutes|c__Clostridia|o__Clostridiales|f__Ruminococcaceae|g__Oscillospira,-0.7293248391782667,0.0052657993033072,0.3147675264200912,0.2029251044705566,0.1723688688417417,MEFISTO,batch_015
k__Bacteria|p__Firmicutes|c__Clostridia|o__Clostridiales|f__Ruminococcaceae|g__Ruminococcus,-1.2254054401283776,-1.0127404629694432,-0.0001382397152732,0.5170004952280096,-0.1636438517009255,MEFISTO,batch_015
k__Bacteria|p__Firmicutes|c__Clostridia|o__Clostridiales|f__Ruminococcaceae|g__Unknown_023,-0.9981894050417072,-1.3533888376378156,-0.3205597776860116,0.4649062218550668,-0.2300141856130854,MEFISTO,batch_015
k__Bacteria|p__Firmicutes|c__Clostridia|o__Clostridiales|f__Veillonellaceae|g__Veillonella,0.8546886383169199,2.108313177777072,0.8407467966650363,0.0205593889718647,-0.1445796754156916,MEFISTO,batch_015
k__Bacteria|p__Firmicutes|c__Clostridia|o__Clostridiales|f__Veillonellaceae|g__Unknown_024,-0.4132404915413386,-0.7453589834827777,1.0002762458217538e-05,0.4507118925273616,0.6891211671871432,MEFISTO,batch_015
k__Bacteria|p__Firmicutes|c__Clostridia|o__Clostridiales|f__|g__Unknown_025,-0.5880138450220631,-0.264633704417095,0.2668616639682438,0.0046243651480425,-0.5609157650896885,MEFISTO,batch_015
k__Bacteria|p__Firmicutes|c__Clostridia|o__Coriobacteriales|f__Coriobacteriaceae|g__Collinsella,0.9300035541871986,-0.9545377273435004,-0.2639168233870914,-1.0393881983285729,0.5000835602274256,MEFISTO,batch_015
k__Bacteria|p__Firmicutes|c__Clostridia|o__Coriobacteriales|f__|g__Unknown_027,-1.189749645734321,-0.3500779791857907,0.4953030925826854,0.2385439638825669,-0.4023032092154477,MEFISTO,batch_015
k__Bacteria|p__Firmicutes|c__Clostridia|o__|f__|g__Unknown_029,-1.0325349645734745,0.0003301613618246,0.4159636535040587,0.0010679425914216,-0.8240073616912714,MEFISTO,batch_015
k__Bacteria|p__Firmicutes|c__Erysipelotrichi|o__Erysipelotrichales|f__[Coprobacillaceae]|g__Unknown_031,-0.1628378976033217,-0.1595478543226918,0.0001011795968635,-0.3940221481441164,-1.026806368333929,MEFISTO,batch_015
k__Bacteria|p__Proteobacteria|c__Betaproteobacteria|o__Burkholderiales|f__Alcaligenaceae|g__Sutterella,-0.9563681498094474,1.513486622174129,0.7480460164830378,-0.1742985245820311,1.3466578894717447,MEFISTO,batch_015
k__Bacteria|p__Proteobacteria|c__Gammaproteobacteria|o__Enterobacteriales|f__Enterobacteriaceae|g__Escherichia,2.0362745558406954,1.5413912786664448,0.4524958843597508,0.936932089224562,-0.427047357697368,MEFISTO,batch_015
k__Bacteria|p__Proteobacteria|c__Gammaproteobacteria|o__Enterobacteriales|f__Enterobacteriaceae|g__Unknown_042,1.9207112889307465,1.393686905441984,7.329975135844837e-06,0.9302270226411896,-0.5539091848234865,MEFISTO,batch_015
k__Bacteria|p__Proteobacteria|c__Gammaproteobacteria|o__Pasteurellales|f__Pasteurellaceae|g__Haemophilus,-0.0041713978304107,1.7793087041363422,0.9941543512106878,-0.1199702324416806,0.2296476157944899,MEFISTO,batch_015
k__Bacteria|p__Verrucomicrobia|c__Verrucomicrobiae|o__Verrucomicrobiales|f__Verrucomicrobiaceae|g__Akkermansia,-0.3385400633639348,-1.0424903183454612,0.0006350695935588,-0.3914198072514599,0.9033764149591674,MEFISTO,batch_015
k__Bacteria|p__Actinobacteria|c__Actinobacteria|o__Bifidobacteriales|f__Bifidobacteriaceae|g__Bifidobacterium,0.274664642311195,-0.199332280763227,-0.221535590052988,0.165222112209305,-0.0768406801630609,TEMPTED,batch_016
k__Bacteria|p__Bacteroidetes|c__Bacteroidia|o__Bacteroidales|f__Bacteroidaceae|g__Bacteroides,-0.0049863920114916,0.38008619471311,-0.281038420564433,0.172557359118408,0.211779832673308,TEMPTED,batch_016
k__Bacteria|p__Bacteroidetes|c__Bacteroidia|o__Bacteroidales|f__Bacteroidaceae|g__Unknown_003,-0.0152457511833796,0.301751370224701,-0.20791945250196,0.170843081742651,0.185876073040912,TEMPTED,batch_016
k__Bacteria|p__Bacteroidetes|c__Bacteroidia|o__Bacteroidales|f__Porphyromonadaceae|g__Parabacteroides,-0.0044100695871495,0.488590071090521,-0.310322343174613,-0.0662512333176699,0.290554323756336,TEMPTED,batch_016
k__Bacteria|p__Bacteroidetes|c__Bacteroidia|o__Bacteroidales|f__Prevotellaceae|g__Prevotella,0.0379296599474323,0.0093863170233899,0.149953893055563,0.0495720939615674,0.295163450102906,TEMPTED,batch_016
k__Bacteria|p__Bacteroidetes|c__Bacteroidia|o__Bacteroidales|f__Rikenellaceae|g__Unknown_004,-0.174014097961318,0.0853474483470743,-0.252234537323464,-0.166946865507322,0.427466247828065,TEMPTED,batch_016
k__Bacteria|p__Firmicutes|c__Bacilli|o__Lactobacillales|f__Carnobacteriaceae|g__Granulicatella,0.287642733781197,-0.413566172865796,-0.272685475853199,0.244359624908942,-0.186410336379575,TEMPTED,batch_016
k__Bacteria|p__Firmicutes|c__Bacilli|o__Lactobacillales|f__Lactobacillaceae|g__Lactobacillus,0.331236852065023,-0.214900868694203,-0.155367813304703,0.272879512185027,0.0881261840755253,TEMPTED,batch_016
k__Bacteria|p__Firmicutes|c__Bacilli|o__Lactobacillales|f__Streptococcaceae|g__Streptococcus,0.214889847032002,-0.117472917491766,-0.0212355314705216,0.160705624707585,0.0108711077956061,TEMPTED,batch_016
k__Bacteria|p__Firmicutes|c__Clostridia|o__Clostridiales|f__Lachnospiraceae|g__Blautia,-0.0974128534327763,-0.0535247498663274,0.0557326088173576,-0.067262644323169,-0.246831075192806,TEMPTED,batch_016
k__Bacteria|p__Firmicutes|c__Clostridia|o__Clostridiales|f__Lachnospiraceae|g__Coprococcus,-0.119253967736705,-0.0754985464203262,0.0430147772313213,-0.159643226834241,-0.148303066012293,TEMPTED,batch_016
k__Bacteria|p__Firmicutes|c__Clostridia|o__Clostridiales|f__Lachnospiraceae|g__Lachnospira,-0.114709739245526,0.0344256087728404,0.245090022347337,-0.178214686470616,-0.168449589527888,TEMPTED,batch_016
k__Bacteria|p__Firmicutes|c__Clostridia|o__Clostridiales|f__Lachnospiraceae|g__Roseburia,-0.149616903530185,-0.0629927694764189,0.118849706866874,-0.226384648010187,-0.0006483746543718,TEMPTED,batch_016
k__Bacteria|p__Firmicutes|c__Clostridia|o__Clostridiales|f__Lachnospiraceae|g__[Ruminococcus],-0.0514244672330453,-0.0757305679047105,0.0427716903605457,-0.0499926575446925,-0.220250545063692,TEMPTED,batch_016
k__Bacteria|p__Firmicutes|c__Clostridia|o__Clostridiales|f__Lachnospiraceae|g__Unknown_020,-0.159477131457122,-0.040539608335157,0.0728466444918548,-0.0917545613702473,-0.212263612747085,TEMPTED,batch_016
k__Bacteria|p__Firmicutes|c__Clostridia|o__Clostridiales|f__Ruminococcaceae|g__Faecalibacterium,-0.214168436487081,-0.0346413618808336,0.0095539654229546,-0.287013997103075,-0.0753515125433571,TEMPTED,batch_016
k__Bacteria|p__Firmicutes|c__Clostridia|o__Clostridiales|f__Ruminococcaceae|g__Oscillospira,-0.124675587269563,-0.0016245437936378,0.0694191835173768,-0.0506753410214618,-0.051695483623745,TEMPTED,batch_016
k__Bacteria|p__Firmicutes|c__Clostridia|o__Clostridiales|f__Ruminococcaceae|g__Ruminococcus,-0.193759719070774,-0.101998570305592,-0.125379861698913,-0.219595229800875,-0.0618612925344272,TEMPTED,batch_016
k__Bacteria|p__Firmicutes|c__Clostridia|o__Clostridiales|f__Ruminococcaceae|g__Unknown_023,-0.200245898289699,-0.142016430085763,-0.104861181991802,-0.227345920911677,-0.0608837468939329,TEMPTED,batch_016
k__Bacteria|p__Firmicutes|c__Clostridia|o__Clostridiales|f__Veillonellaceae|g__Veillonella,0.267933354428943,0.153450772051973,0.406646078187242,0.221629211602083,-0.00934275096518,TEMPTED,batch_016
k__Bacteria|p__Firmicutes|c__Clostridia|o__Clostridiales|f__Veillonellaceae|g__Unknown_024,-0.0773332478962483,-0.0035308461654583,-0.0495982214575482,0.0932804667884714,0.241299028878446,TEMPTED,batch_016
k__Bacteria|p__Firmicutes|c__Clostridia|o__Clostridiales|f__|g__Unknown_025,-0.0694018978982372,-0.0581970347346329,0.120610873022601,-0.0837767718201555,-0.14216973494862,TEMPTED,batch_016
k__Bacteria|p__Firmicutes|c__Clostridia|o__Coriobacteriales|f__Coriobacteriaceae|g__Collinsella,0.118283818203724,0.0717983012114857,-0.113667341272878,-0.133236397159504,-0.0393996308448033,TEMPTED,batch_016
k__Bacteria|p__Firmicutes|c__Clostridia|o__Coriobacteriales|f__|g__Unknown_027,-0.16145870200878,-0.0770998753233115,0.084934330521964,-0.194443846613306,-0.0972402561846771,TEMPTED,batch_016
k__Bacteria|p__Firmicutes|c__Clostridia|o__|f__|g__Unknown_029,-0.136691982510796,-0.0877233578401224,0.122287559476663,-0.118824190030436,-0.18841341945718,TEMPTED,batch_016
k__Bacteria|p__Firmicutes|c__Erysipelotrichi|o__Erysipelotrichales|f__[Coprobacillaceae]|g__Unknown_031,-0.0803584649561743,-0.124813449774576,-0.0300927107533201,-0.07540648418057,-0.286460490946383,TEMPTED,batch_016
k__Bacteria|p__Proteobacteria|c__Betaproteobacteria|o__Burkholderiales|f__Alcaligenaceae|g__Sutterella,-0.111668550441884,0.313481169971013,0.150621088485773,-0.0019888520378231,0.111318727195062,TEMPTED,batch_016
k__Bacteria|p__Proteobacteria|c__Gammaproteobacteria|o__Enterobacteriales|f__Enterobacteriaceae|g__Escherichia,0.344594695923951,-0.0240571635607717,0.182514128121186,0.365108813674382,0.171498902450008,TEMPTED,batch_016
k__Bacteria|p__Proteobacteria|c__Gammaproteobacteria|o__Enterobacteriales|f__Enterobacteriaceae|g__Unknown_042,0.367963374468387,-0.0865218998652901,0.112794102526535,0.348303753380099,0.128873475271765,TEMPTED,batch_016
k__Bacteria|p__Proteobacteria|c__Gammaproteobacteria|o__Pasteurellales|f__Pasteurellaceae|g__Haemophilus,0.088299958862864,0.164497229410633,0.333931447558289,0.123630350898384,-0.0579064871631765,TEMPTED,batch_016
k__Bacteria|p__Verrucomicrobia|c__Verrucomicrobiae|o__Verrucomicrobiales|f__Verrucomicrobiaceae|g__Akkermansia,-0.0731250768167836,-0.0070314676688196,-0.175633618591094,0.0106655488801239,0.167894732778313,TEMPTED,batch_016
k__Bacteria|p__Actinobacteria|c__Actinobacteria|o__Bifidobacteriales|f__Bifidobacteriaceae|g__Bifidobacterium,1.2368985225308746,-0.432588323764582,-2.143336149166487,-0.4897516334849432,-0.5382154918624629,MEFISTO,batch_016
k__Bacteria|p__Bacteroidetes|c__Bacteroidia|o__Bacteroidales|f__Bacteroidaceae|g__Bacteroides,-0.4798181171706391,0.9045370956731827,-1.4227028571355405,0.0019763652732835,0.417330558786486,MEFISTO,batch_016
k__Bacteria|p__Bacteroidetes|c__Bacteroidia|o__Bacteroidales|f__Bacteroidaceae|g__Unknown_003,-0.402695721899319,0.6880429191411274,0.9327823714076248,-0.3256424613667222,0.5115806503442006,MEFISTO,batch_016
k__Bacteria|p__Bacteroidetes|c__Bacteroidia|o__Bacteroidales|f__Porphyromonadaceae|g__Parabacteroides,-0.2523891782782708,0.4822958548327909,0.0009854096148096,-0.0037837055583789,1.4795086484019109,MEFISTO,batch_016
k__Bacteria|p__Bacteroidetes|c__Bacteroidia|o__Bacteroidales|f__Prevotellaceae|g__Prevotella,0.8555333466982468,-0.1459312378213546,1.301217685657423,-0.1989529030100416,0.000851494854241,MEFISTO,batch_016
k__Bacteria|p__Bacteroidetes|c__Bacteroidia|o__Bacteroidales|f__Rikenellaceae|g__Unknown_004,-0.7989134544523138,-1.0745215542859667,0.0002670877032905,0.5565629584421466,1.0513877847943411,MEFISTO,batch_016
k__Bacteria|p__Firmicutes|c__Bacilli|o__Lactobacillales|f__Carnobacteriaceae|g__Granulicatella,1.8956553221282133,-0.9095470855043252,0.0005889344882459,-0.5712010338338585,-0.4920326602225025,MEFISTO,batch_016
k__Bacteria|p__Firmicutes|c__Bacilli|o__Lactobacillales|f__Lactobacillaceae|g__Lactobacillus,2.062236973476592,-0.7932636561423713,0.0006761818553055,-0.6208651254109794,-0.0031882103845194,MEFISTO,batch_016
k__Bacteria|p__Firmicutes|c__Bacilli|o__Lactobacillales|f__Streptococcaceae|g__Streptococcus,0.9645350548700324,-0.0006220778203348,-0.0931284676749799,-0.4783833871593449,-0.7223753097757578,MEFISTO,batch_016
k__Bacteria|p__Firmicutes|c__Clostridia|o__Clostridiales|f__Lachnospiraceae|g__Blautia,-0.8987487926401801,0.2441003592125244,-0.5850178814198274,-0.2039448012548569,-0.7109442011524296,MEFISTO,batch_016
k__Bacteria|p__Firmicutes|c__Clostridia|o__Clostridiales|f__Lachnospiraceae|g__Coprococcus,-0.9156663655665148,-0.4492800381713933,0.663300926291185,-1.55539243150464e-05,-0.7484451951904089,MEFISTO,batch_016
k__Bacteria|p__Firmicutes|c__Clostridia|o__Clostridiales|f__Lachnospiraceae|g__Lachnospira,-1.283186564415181,1.3512475783538702,1.4764753131989004,0.006296343192107,-0.0016862182956975,MEFISTO,batch_016
k__Bacteria|p__Firmicutes|c__Clostridia|o__Clostridiales|f__Lachnospiraceae|g__Roseburia,-1.1180366874787513,-0.0016645617989916,0.758738415096347,0.670996735265273,0.0014430469587674,MEFISTO,batch_016
k__Bacteria|p__Firmicutes|c__Clostridia|o__Clostridiales|f__Lachnospiraceae|g__[Ruminococcus],-0.2676977763521682,-0.1234052989365948,6.458989892377242e-05,-0.2670028330890807,-0.849766803533723,MEFISTO,batch_016
k__Bacteria|p__Firmicutes|c__Clostridia|o__Clostridiales|f__Lachnospiraceae|g__Unknown_020,-1.3110548392323802,0.4482198405051377,-3.6080313060047314e-05,-6.723023064240314e-05,-0.4803457121639601,MEFISTO,batch_016
k__Bacteria|p__Firmicutes|c__Clostridia|o__Clostridiales|f__Ruminococcaceae|g__Faecalibacterium,-1.494611259919521,0.2008549010301802,0.4219747263135193,0.4106261483055278,-0.0005604882522666,MEFISTO,batch_016
k__Bacteria|p__Firmicutes|c__Clostridia|o__Clostridiales|f__Ruminococcaceae|g__Oscillospira,-0.4793018890614265,-0.5194984527883532,0.0010892489700192,0.1947049751476801,0.2235618707441034,MEFISTO,batch_016
k__Bacteria|p__Firmicutes|c__Clostridia|o__Clostridiales|f__Ruminococcaceae|g__Ruminococcus,-1.0465122268323104,-0.7190560429363472,4.897813688880224e-05,0.4011315020633434,-0.0023399426573634,MEFISTO,batch_016
k__Bacteria|p__Firmicutes|c__Clostridia|o__Clostridiales|f__Ruminococcaceae|g__Unknown_023,-1.0291060033147583,-0.9183522389309268,-0.1703658029303587,0.4051138397930958,-0.2005531307457717,MEFISTO,batch_016
k__Bacteria|p__Firmicutes|c__Clostridia|o__Clostridiales|f__Veillonellaceae|g__Veillonella,0.737845053518682,1.883150009827903,0.9352610454106624,-0.2755717353691525,-0.3718824980662988,MEFISTO,batch_016
k__Bacteria|p__Firmicutes|c__Clostridia|o__Clostridiales|f__Veillonellaceae|g__Unknown_024,-0.4580770036729953,-0.2876681238421819,0.3299100280482662,0.6722628272024243,0.5905193356588925,MEFISTO,batch_016
k__Bacteria|p__Firmicutes|c__Clostridia|o__Clostridiales|f__|g__Unknown_025,-0.6378120954143639,-0.0002906881639619,0.4987657625626363,-0.0054993156245747,-0.4572317206648493,MEFISTO,batch_016
k__Bacteria|p__Firmicutes|c__Clostridia|o__Coriobacteriales|f__Coriobacteriaceae|g__Collinsella,0.6918100201297984,-0.5689834637015034,-0.0002124497444525,-1.0325426853232915,0.7215987044887552,MEFISTO,batch_016
k__Bacteria|p__Firmicutes|c__Clostridia|o__Coriobacteriales|f__|g__Unknown_027,-1.1917656314472314,-0.1917331245615877,0.7138728175060443,0.2441191980431792,-0.407776340123378,MEFISTO,batch_016
k__Bacteria|p__Firmicutes|c__Clostridia|o__|f__|g__Unknown_029,-0.9417951126272258,-0.1223758079090071,0.4040222152763379,0.0014433210844658,-0.7915170394852267,MEFISTO,batch_016
k__Bacteria|p__Firmicutes|c__Erysipelotrichi|o__Erysipelotrichales|f__[Coprobacillaceae]|g__Unknown_031,-0.2623172494231875,-0.4148317148048952,0.000321276217112,-0.4338632737900328,-0.999618379892998,MEFISTO,batch_016
k__Bacteria|p__Proteobacteria|c__Betaproteobacteria|o__Burkholderiales|f__Alcaligenaceae|g__Sutterella,-1.113700128013758,1.835448803510177,1.1170835476162164,-0.0015309619705042,0.8540208087053708,MEFISTO,batch_016
k__Bacteria|p__Proteobacteria|c__Gammaproteobacteria|o__Enterobacteriales|f__Enterobacteriaceae|g__Escherichia,2.2037131825652088,0.5616117315827206,-1.5166189924987248e-05,0.9844233599355634,-0.5096860047236728,MEFISTO,batch_016
k__Bacteria|p__Proteobacteria|c__Gammaproteobacteria|o__Enterobacteriales|f__Enterobacteriaceae|g__Unknown_042,2.0935211003515577,0.4853072057359088,-0.5972958748567624,0.9513366232836508,-0.6294643335330133,MEFISTO,batch_016
k__Bacteria|p__Proteobacteria|c__Gammaproteobacteria|o__Pasteurellales|f__Pasteurellaceae|g__Haemophilus,-0.2813287090088612,2.0722607608691463,1.364142016791374,-0.1489227332885425,0.0013941050444866,MEFISTO,batch_016
k__Bacteria|p__Verrucomicrobia|c__Verrucomicrobiae|o__Verrucomicrobiales|f__Verrucomicrobiaceae|g__Akkermansia,-0.0019389369872359,-2.043472554559651,-0.2620113930832101,0.0038899004210373,0.974493936485148,MEFISTO,batch_016
k__Bacteria|p__Actinobacteria|c__Actinobacteria|o__Bifidobacteriales|f__Bifidobacteriaceae|g__Bifidobacterium,0.262303285855525,-0.17782388205682,-0.226728280717903,0.16706379560895,-0.0877697893497397,TEMPTED,batch_017
k__Bacteria|p__Bacteroidetes|c__Bacteroidia|o__Bacteroidales|f__Bacteroidaceae|g__Bacteroides,-0.018411592770623,0.405949503684716,-0.134980658628589,0.271301207113632,0.274615621329853,TEMPTED,batch_017
k__Bacteria|p__Bacteroidetes|c__Bacteroidia|o__Bacteroidales|f__Bacteroidaceae|g__Unknown_003,-0.0050920512787369,0.284768553733677,-0.0065583370507882,0.244727114835647,0.230402470622857,TEMPTED,batch_017
k__Bacteria|p__Bacteroidetes|c__Bacteroidia|o__Bacteroidales|f__Porphyromonadaceae|g__Parabacteroides,-0.0337733949991233,0.445905749017251,-0.260293150505459,0.129918869275466,0.278933827690558,TEMPTED,batch_017
k__Bacteria|p__Bacteroidetes|c__Bacteroidia|o__Bacteroidales|f__Prevotellaceae|g__Prevotella,0.0103247051857931,0.0079741774860193,-0.0208523691494713,-0.0793292402120416,0.212567281737639,TEMPTED,batch_017
k__Bacteria|p__Bacteroidetes|c__Bacteroidia|o__Bacteroidales|f__Rikenellaceae|g__Unknown_004,-0.179634109084098,0.0711064412312491,-0.291956917225288,-0.0022284480692787,0.403658635087002,TEMPTED,batch_017
k__Bacteria|p__Firmicutes|c__Bacilli|o__Lactobacillales|f__Carnobacteriaceae|g__Granulicatella,0.284303408415581,-0.362324325999645,-0.0504293746973551,0.307996280826536,-0.200434049522797,TEMPTED,batch_017
k__Bacteria|p__Firmicutes|c__Bacilli|o__Lactobacillales|f__Lactobacillaceae|g__Lactobacillus,0.346870343058646,-0.289542709844679,0.0665263932933521,0.30279486161496,-0.0776421023108946,TEMPTED,batch_017
k__Bacteria|p__Firmicutes|c__Bacilli|o__Lactobacillales|f__Streptococcaceae|g__Streptococcus,0.212102108799647,-0.133509201250579,0.0525336596577471,0.0751094466683505,0.0132977288303359,TEMPTED,batch_017
k__Bacteria|p__Firmicutes|c__Clostridia|o__Clostridiales|f__Lachnospiraceae|g__Blautia,-0.0936597707604601,-0.0659288803138106,-0.0212058470210931,-0.0883193022202804,-0.269619872749027,TEMPTED,batch_017
k__Bacteria|p__Firmicutes|c__Clostridia|o__Clostridiales|f__Lachnospiraceae|g__Coprococcus,-0.117033403373496,-0.109043379198264,-0.0673269228664847,-0.142049515089594,-0.153211566359163,TEMPTED,batch_017
k__Bacteria|p__Firmicutes|c__Clostridia|o__Clostridiales|f__Lachnospiraceae|g__Lachnospira,-0.107129744582705,0.028600957076776,0.205565149521984,-0.268816583724852,-0.100050048039427,TEMPTED,batch_017
k__Bacteria|p__Firmicutes|c__Clostridia|o__Clostridiales|f__Lachnospiraceae|g__Roseburia,-0.146693116024873,-0.0623866408681309,0.0410952389983232,-0.267820576014644,0.0323083796332005,TEMPTED,batch_017
k__Bacteria|p__Firmicutes|c__Clostridia|o__Clostridiales|f__Lachnospiraceae|g__[Ruminococcus],-0.0546366918031056,-0.0998359143695643,-0.0041294012272882,-0.0344866210539804,-0.277172900964527,TEMPTED,batch_017
k__Bacteria|p__Firmicutes|c__Clostridia|o__Clostridiales|f__Lachnospiraceae|g__Unknown_020,-0.150814964865813,-0.0131102585258103,0.0161595283198715,-0.116819346305904,-0.207220363332176,TEMPTED,batch_017
k__Bacteria|p__Firmicutes|c__Clostridia|o__Clostridiales|f__Ruminococcaceae|g__Faecalibacterium,-0.209835669344726,0.0034773334904174,-0.168595747901164,-0.363432239731007,0.080172834129174,TEMPTED,batch_017
k__Bacteria|p__Firmicutes|c__Clostridia|o__Clostridiales|f__Ruminococcaceae|g__Oscillospira,-0.121591211279409,0.006659977396493,0.061502691376495,0.0503514603621896,-0.0615797959087951,TEMPTED,batch_017
k__Bacteria|p__Firmicutes|c__Clostridia|o__Clostridiales|f__Ruminococcaceae|g__Ruminococcus,-0.196480105181727,-0.0637612845733946,-0.116525803552567,-0.126977751076687,-0.00116924274676,TEMPTED,batch_017
k__Bacteria|p__Firmicutes|c__Clostridia|o__Clostridiales|f__Ruminococcaceae|g__Unknown_023,-0.189417470535,-0.118844568217318,-0.204022782681323,-0.186950687782441,0.0026509046476763,TEMPTED,batch_017
k__Bacteria|p__Firmicutes|c__Clostridia|o__Clostridiales|f__Veillonellaceae|g__Veillonella,0.265737168033582,0.115377039915724,0.462759168065712,0.0449669721956555,-0.0104767332064581,TEMPTED,batch_017
k__Bacteria|p__Firmicutes|c__Clostridia|o__Clostridiales|f__Veillonellaceae|g__Unknown_024,-0.070027075660267,0.0268250644643748,0.0093966874820101,0.020961470906326,0.325558105649138,TEMPTED,batch_017
k__Bacteria|p__Firmicutes|c__Clostridia|o__Clostridiales|f__|g__Unknown_025,-0.0696724483689532,-0.0441220752280378,0.077263353906847,-0.107803436433921,-0.133283196270833,TEMPTED,batch_017
k__Bacteria|p__Firmicutes|c__Clostridia|o__Coriobacteriales|f__Coriobacteriaceae|g__Collinsella,0.111856275365419,0.0666715770598622,-0.289737950261469,-0.0406496827827044,-0.0459378418326518,TEMPTED,batch_017
k__Bacteria|p__Firmicutes|c__Clostridia|o__Coriobacteriales|f__|g__Unknown_027,-0.161121160286831,-0.0765127971171645,-0.0215741198136956,-0.198922780258159,-0.0566862165590422,TEMPTED,batch_017
k__Bacteria|p__Firmicutes|c__Clostridia|o__|f__|g__Unknown_029,-0.141443950429871,-0.0771607953602341,-0.0038156656585201,-0.152773353064918,-0.178262065128022,TEMPTED,batch_017
k__Bacteria|p__Firmicutes|c__Erysipelotrichi|o__Erysipelotrichales|f__[Coprobacillaceae]|g__Unknown_031,-0.0766979536548616,-0.116898437524178,-0.007488754911363,-0.022459590459313,-0.301847397640258,TEMPTED,batch_017
k__Bacteria|p__Proteobacteria|c__Betaproteobacteria|o__Burkholderiales|f__Alcaligenaceae|g__Sutterella,-0.0908222407755837,0.364393444382525,0.137568242336637,-0.0270323867079617,0.127848629710201,TEMPTED,batch_017
k__Bacteria|p__Proteobacteria|c__Gammaproteobacteria|o__Enterobacteriales|f__Enterobacteriaceae|g__Escherichia,0.351691932322604,-0.092379050586984,0.30673543288455,0.19470153076505,0.0207657717147501,TEMPTED,batch_017
k__Bacteria|p__Proteobacteria|c__Gammaproteobacteria|o__Enterobacteriales|f__Enterobacteriaceae|g__Unknown_042,0.375776767298571,-0.120902062620196,0.195703785052918,0.224994701086438,0.0499642755516695,TEMPTED,batch_017
k__Bacteria|p__Proteobacteria|c__Gammaproteobacteria|o__Pasteurellales|f__Pasteurellaceae|g__Haemophilus,0.103268225136852,0.18523951007759,0.396155283731793,-0.0827418693266792,-0.0371618083512063,TEMPTED,batch_017
k__Bacteria|p__Verrucomicrobia|c__Verrucomicrobiae|o__Verrucomicrobiales|f__Verrucomicrobiaceae|g__Akkermansia,-0.0902460944119557,0.0111369346381355,-0.132742530758418,0.274725699055167,0.146780523937725,TEMPTED,batch_017
k__Bacteria|p__Actinobacteria|c__Actinobacteria|o__Bifidobacteriales|f__Bifidobacteriaceae|g__Bifidobacterium,1.4145377145421336,-0.8651517094155656,-1.800465336492047,-0.432130626729059,-0.2803228507818494,MEFISTO,batch_017
k__Bacteria|p__Bacteroidetes|c__Bacteroidia|o__Bacteroidales|f__Bacteroidaceae|g__Bacteroides,-0.592559780403679,1.332758793898357,-0.9692722585803404,0.1739791916907919,0.001670328306803,MEFISTO,batch_017
k__Bacteria|p__Bacteroidetes|c__Bacteroidia|o__Bacteroidales|f__Bacteroidaceae|g__Unknown_003,-0.5165232795744074,1.095958138623483,1.0175301510617312,-0.0991302522948767,0.1657788406298203,MEFISTO,batch_017
k__Bacteria|p__Bacteroidetes|c__Bacteroidia|o__Bacteroidales|f__Porphyromonadaceae|g__Parabacteroides,-0.6149095401057132,0.613048290146292,0.0012888471288663,-0.0138691085094669,1.745119646515295,MEFISTO,batch_017
k__Bacteria|p__Bacteroidetes|c__Bacteroidia|o__Bacteroidales|f__Prevotellaceae|g__Prevotella,0.8794861589329999,-0.2075155432292902,0.9842574540704698,-0.2904846817544705,0.2186537233724532,MEFISTO,batch_017
k__Bacteria|p__Bacteroidetes|c__Bacteroidia|o__Bacteroidales|f__Rikenellaceae|g__Unknown_004,-1.0029216172070994,-0.3073898918330568,0.0002426438153018,0.6120845605902234,1.325882110987512,MEFISTO,batch_017
k__Bacteria|p__Firmicutes|c__Bacilli|o__Lactobacillales|f__Carnobacteriaceae|g__Granulicatella,1.9381977303728728,-1.1449834114754305,0.0004022408895619,-0.4671334012879581,-0.0004521870318205,MEFISTO,batch_017
k__Bacteria|p__Firmicutes|c__Bacilli|o__Lactobacillales|f__Lactobacillaceae|g__Lactobacillus,2.172521247644553,-1.0931639809164406,0.0002726058423408,-0.7915679904016275,0.0028364174839638,MEFISTO,batch_017
k__Bacteria|p__Firmicutes|c__Bacilli|o__Lactobacillales|f__Streptococcaceae|g__Streptococcus,1.0517313775040744,-0.28939650496462,-0.000356212943319,-0.4271890131339297,-0.5588489679701022,MEFISTO,batch_017
k__Bacteria|p__Firmicutes|c__Clostridia|o__Clostridiales|f__Lachnospiraceae|g__Blautia,-0.6887466993027556,0.0001647205106794,-0.3713434758524659,-0.2085409461091065,-1.0999676684488031,MEFISTO,batch_017
k__Bacteria|p__Firmicutes|c__Clostridia|o__Clostridiales|f__Lachnospiraceae|g__Coprococcus,-0.725144792389235,-0.7579624913613865,0.486621257644934,-0.0014169422212611,-0.8170325297349708,MEFISTO,batch_017
k__Bacteria|p__Firmicutes|c__Clostridia|o__Clostridiales|f__Lachnospiraceae|g__Lachnospira,-1.2403841834274083,1.137420147680889,1.135933828895615,0.0048920613962297,-0.5283161426237193,MEFISTO,batch_017
k__Bacteria|p__Firmicutes|c__Clostridia|o__Clostridiales|f__Lachnospiraceae|g__Roseburia,-1.0495685838252085,-0.3838041710587461,0.3929575040287056,0.4580889159932138,-0.0130819572132399,MEFISTO,batch_017
k__Bacteria|p__Firmicutes|c__Clostridia|o__Clostridiales|f__Lachnospiraceae|g__[Ruminococcus],-0.0769759037401548,-0.4549791207871619,8.133760196993977e-05,-0.2346777548888199,-0.8917880076984722,MEFISTO,batch_017
k__Bacteria|p__Firmicutes|c__Clostridia|o__Clostridiales|f__Lachnospiraceae|g__Unknown_020,-1.1953115382059276,0.2469724525129016,6.989083984062631e-07,0.0029456809623121,-0.7630504955304459,MEFISTO,batch_017
k__Bacteria|p__Firmicutes|c__Clostridia|o__Clostridiales|f__Ruminococcaceae|g__Faecalibacterium,-1.4565231478823917,-0.0015850283093456,0.1799765625081454,0.3313905800479622,-0.0022615909053964,MEFISTO,batch_017
k__Bacteria|p__Firmicutes|c__Clostridia|o__Clostridiales|f__Ruminococcaceae|g__Oscillospira,-0.5622275620015708,0.009455161563461,0.209373610442846,0.369403507188322,0.1650075032767336,MEFISTO,batch_017
k__Bacteria|p__Firmicutes|c__Clostridia|o__Clostridiales|f__Ruminococcaceae|g__Ruminococcus,-1.0327561347597252,-0.6872809636195987,3.007941008329174e-07,0.5190884348146223,0.0006497781145466,MEFISTO,batch_017
k__Bacteria|p__Firmicutes|c__Clostridia|o__Clostridiales|f__Ruminococcaceae|g__Unknown_023,-0.86049190507382,-0.9423738078228124,-0.2310621350152165,0.4145715469939856,8.655527714822568e-05,MEFISTO,batch_017
k__Bacteria|p__Firmicutes|c__Clostridia|o__Clostridiales|f__Veillonellaceae|g__Veillonella,0.877012623476656,1.6010024972781915,0.8322523481270836,-0.3671836102515,-0.9027549652635152,MEFISTO,batch_017
k__Bacteria|p__Firmicutes|c__Clostridia|o__Clostridiales|f__Veillonellaceae|g__Unknown_024,-0.5520922601682653,-0.3095141946705197,0.0004579752315109,0.5693632324884926,0.788856961558457,MEFISTO,batch_017
k__Bacteria|p__Firmicutes|c__Clostridia|o__Clostridiales|f__|g__Unknown_025,-0.4684227764559936,-0.1471666437571245,0.4009978046826427,0.0028523084961015,-0.6233438853960193,MEFISTO,batch_017
k__Bacteria|p__Firmicutes|c__Clostridia|o__Coriobacteriales|f__Coriobacteriaceae|g__Collinsella,0.591706042927226,-0.6168790859420018,0.001424818582551,-0.6999181104160521,0.6631844289092604,MEFISTO,batch_017
k__Bacteria|p__Firmicutes|c__Clostridia|o__Coriobacteriales|f__|g__Unknown_027,-1.0047887252466714,-0.4454880527089785,0.4766801213712863,0.2469148541672556,-0.4392379979429047,MEFISTO,batch_017
k__Bacteria|p__Firmicutes|c__Clostridia|o__|f__|g__Unknown_029,-0.775416207464882,-0.5130287900447255,0.2598618190453757,0.0009567831359143,-0.7473808532720276,MEFISTO,batch_017
k__Bacteria|p__Firmicutes|c__Erysipelotrichi|o__Erysipelotrichales|f__[Coprobacillaceae]|g__Unknown_031,-0.003687759783153,-0.7113427089455778,0.0003575980593579,-0.3232329000202812,-0.876329799099289,MEFISTO,batch_017
k__Bacteria|p__Proteobacteria|c__Betaproteobacteria|o__Burkholderiales|f__Alcaligenaceae|g__Sutterella,-1.2136002703691255,2.0818691322581326,0.8883165947709265,-0.1281357617912986,0.2024367185721094,MEFISTO,batch_017
k__Bacteria|p__Proteobacteria|c__Gammaproteobacteria|o__Enterobacteriales|f__Enterobacteriaceae|g__Escherichia,2.2905700653600287,0.4834995345541545,5.7645229514222936e-05,0.8340979194599235,-0.6607833349505774,MEFISTO,batch_017
k__Bacteria|p__Proteobacteria|c__Gammaproteobacteria|o__Enterobacteriales|f__Enterobacteriaceae|g__Unknown_042,2.2140532286335373,0.2354508370520801,-0.538663951211716,0.8402462876202496,-0.6658290385757373,MEFISTO,batch_017
k__Bacteria|p__Proteobacteria|c__Gammaproteobacteria|o__Pasteurellales|f__Pasteurellaceae|g__Haemophilus,-0.1889529185400982,1.8096313661526024,1.022803556164326,-0.4121944581658397,-0.4150694577446702,MEFISTO,batch_017
k__Bacteria|p__Verrucomicrobia|c__Verrucomicrobiae|o__Verrucomicrobiales|f__Verrucomicrobiaceae|g__Akkermansia,-0.4713337337105224,-0.6669354848263778,3.462907782991176e-05,0.7085996812276009,1.714452608275232,MEFISTO,batch_017
k__Bacteria|p__Actinobacteria|c__Actinobacteria|o__Bifidobacteriales|f__Bifidobacteriaceae|g__Bifidobacterium,0.248611261906429,-0.185491113967658,-0.307966603055552,0.0302011955313726,-0.03946748970545,TEMPTED,batch_018
k__Bacteria|p__Bacteroidetes|c__Bacteroidia|o__Bacteroidales|f__Bacteroidaceae|g__Bacteroides,-0.0471209469395374,0.423536819286286,-0.275212511556635,0.136380324437644,0.318599505586436,TEMPTED,batch_018
k__Bacteria|p__Bacteroidetes|c__Bacteroidia|o__Bacteroidales|f__Bacteroidaceae|g__Unknown_003,-0.0246930602309806,0.322839204043726,-0.209987683909326,0.220943128092402,0.166416217570853,TEMPTED,batch_018
k__Bacteria|p__Bacteroidetes|c__Bacteroidia|o__Bacteroidales|f__Porphyromonadaceae|g__Parabacteroides,-0.0364916983320346,0.517690738750979,-0.175504929164086,-0.0053375617149276,0.234262648311851,TEMPTED,batch_018
k__Bacteria|p__Bacteroidetes|c__Bacteroidia|o__Bacteroidales|f__Prevotellaceae|g__Prevotella,0.0324767426131162,-0.0417488154453032,0.113345228569917,0.0966210608539589,0.204243623981929,TEMPTED,batch_018
k__Bacteria|p__Bacteroidetes|c__Bacteroidia|o__Bacteroidales|f__Rikenellaceae|g__Unknown_004,-0.174180826676873,0.0882647730207961,-0.165605082484265,-0.25554579762033,0.404617098482211,TEMPTED,batch_018
k__Bacteria|p__Firmicutes|c__Bacilli|o__Lactobacillales|f__Carnobacteriaceae|g__Granulicatella,0.292616424284043,-0.342207371042597,-0.289704288926152,0.205258923509469,-0.134648463391744,TEMPTED,batch_018
k__Bacteria|p__Firmicutes|c__Bacilli|o__Lactobacillales|f__Lactobacillaceae|g__Lactobacillus,0.33516925232305,-0.266874150596268,-0.191609526140603,0.179493011682708,-0.0120635892102161,TEMPTED,batch_018
k__Bacteria|p__Firmicutes|c__Bacilli|o__Lactobacillales|f__Streptococcaceae|g__Streptococcus,0.216011421249483,-0.135070617511957,-0.0738924889579478,0.124393100399322,0.0204657222716071,TEMPTED,batch_018
k__Bacteria|p__Firmicutes|c__Clostridia|o__Clostridiales|f__Lachnospiraceae|g__Blautia,-0.0683084959201531,-0.0432723070075149,0.0785243295211915,-0.0396514550423727,-0.278489275850904,TEMPTED,batch_018
k__Bacteria|p__Firmicutes|c__Clostridia|o__Clostridiales|f__Lachnospiraceae|g__Coprococcus,-0.108113907212737,-0.0687218413851806,0.0303752814647476,-0.138900785671957,-0.196087929896644,TEMPTED,batch_018
k__Bacteria|p__Firmicutes|c__Clostridia|o__Clostridiales|f__Lachnospiraceae|g__Lachnospira,-0.113103907447632,0.038090646363507,0.301264082928742,-0.180015198554842,-0.133674306653614,TEMPTED,batch_018
k__Bacteria|p__Firmicutes|c__Clostridia|o__Clostridiales|f__Lachnospiraceae|g__Roseburia,-0.158196073171205,-0.051291444679119,0.0970155459934072,-0.23728466407488,-0.0748354136866343,TEMPTED,batch_018
k__Bacteria|p__Firmicutes|c__Clostridia|o__Clostridiales|f__Lachnospiraceae|g__[Ruminococcus],-0.0163882634659675,-0.0749156049482714,0.046654342177482,-0.0303825162819438,-0.266230450828281,TEMPTED,batch_018
k__Bacteria|p__Firmicutes|c__Clostridia|o__Clostridiales|f__Lachnospiraceae|g__Unknown_020,-0.152847112307074,-0.0289604050483539,0.13074940330306,-0.0739956631938797,-0.2137402673964,TEMPTED,batch_018
k__Bacteria|p__Firmicutes|c__Clostridia|o__Clostridiales|f__Ruminococcaceae|g__Faecalibacterium,-0.232788938857744,0.0173460987251553,0.0241750094518025,-0.324412187444876,-0.0016228797026498,TEMPTED,batch_018
k__Bacteria|p__Firmicutes|c__Clostridia|o__Clostridiales|f__Ruminococcaceae|g__Oscillospira,-0.118213173514186,0.00525450060101,0.049001346257306,-0.0166507224539017,-0.062835700525533,TEMPTED,batch_018
k__Bacteria|p__Firmicutes|c__Clostridia|o__Clostridiales|f__Ruminococcaceae|g__Ruminococcus,-0.208015504669837,-0.0629522285990053,-0.0531669957160587,-0.221239429000685,-0.0410820546898355,TEMPTED,batch_018
k__Bacteria|p__Firmicutes|c__Clostridia|o__Clostridiales|f__Ruminococcaceae|g__Unknown_023,-0.208783249223476,-0.0763407466575289,-0.0656498936484817,-0.261860177014833,-0.0592424976778837,TEMPTED,batch_018
k__Bacteria|p__Firmicutes|c__Clostridia|o__Clostridiales|f__Veillonellaceae|g__Veillonella,0.28476664937233,0.0392422988962877,0.397974512766831,0.239891341565314,0.105426495524768,TEMPTED,batch_018
k__Bacteria|p__Firmicutes|c__Clostridia|o__Clostridiales|f__Veillonellaceae|g__Unknown_024,-0.0745717247880092,0.0345668863450504,-0.0136589209649302,0.165782167690181,0.247507312073901,TEMPTED,batch_018
k__Bacteria|p__Firmicutes|c__Clostridia|o__Clostridiales|f__|g__Unknown_025,-0.0592386950887966,-0.0614851375356205,0.153443902137361,-0.0517048801280526,-0.147161991075569,TEMPTED,batch_018
k__Bacteria|p__Firmicutes|c__Clostridia|o__Coriobacteriales|f__Coriobacteriaceae|g__Collinsella,0.119775091926472,0.0744139750568555,-0.20355417583436,-0.187518784092015,0.0563398561533651,TEMPTED,batch_018
k__Bacteria|p__Firmicutes|c__Clostridia|o__Coriobacteriales|f__|g__Unknown_027,-0.159379536657755,-0.0664183664754464,0.0761287600886209,-0.186972389285077,-0.106068198975588,TEMPTED,batch_018
k__Bacteria|p__Firmicutes|c__Clostridia|o__|f__|g__Unknown_029,-0.125075690955522,-0.0779076917226062,0.0882016392201282,-0.0970312338989112,-0.206983607039942,TEMPTED,batch_018
k__Bacteria|p__Firmicutes|c__Erysipelotrichi|o__Erysipelotrichales|f__[Coprobacillaceae]|g__Unknown_031,-0.0470765864719004,-0.129605111869225,0.0092705872824791,-0.0167951542934154,-0.280196108979199,TEMPTED,batch_018
k__Bacteria|p__Proteobacteria|c__Betaproteobacteria|o__Burkholderiales|f__Alcaligenaceae|g__Sutterella,-0.123222985216355,0.302475579644694,0.151511127333484,0.0759958020131119,0.172704640535415,TEMPTED,batch_018
k__Bacteria|p__Proteobacteria|c__Gammaproteobacteria|o__Enterobacteriales|f__Enterobacteriaceae|g__Escherichia,0.336405217078097,-0.0990626987866016,0.0754634841470915,0.341412544092748,0.03586802147466,TEMPTED,batch_018
k__Bacteria|p__Proteobacteria|c__Gammaproteobacteria|o__Enterobacteriales|f__Enterobacteriaceae|g__Unknown_042,0.363563319302969,-0.134891920791244,-0.0027585867951049,0.306931910509313,0.0792744320652419,TEMPTED,batch_018
k__Bacteria|p__Proteobacteria|c__Gammaproteobacteria|o__Pasteurellales|f__Pasteurellaceae|g__Haemophilus,0.104129248397962,0.10620853904466,0.389441129320157,0.209855471058124,-0.0299343283818018,TEMPTED,batch_018
k__Bacteria|p__Verrucomicrobia|c__Verrucomicrobiae|o__Verrucomicrobiales|f__Verrucomicrobiaceae|g__Akkermansia,-0.0777142513061776,-0.0227124857095055,-0.184268024810307,-0.0078613816687708,0.238638979635652,TEMPTED,batch_018
k__Bacteria|p__Actinobacteria|c__Actinobacteria|o__Bifidobacteriales|f__Bifidobacteriaceae|g__Bifidobacterium,1.481983924450712,-0.0075766745584596,-1.4128911333148912,-0.169935365530394,-0.6189686609185963,MEFISTO,batch_018
k__Bacteria|p__Bacteroidetes|c__Bacteroidia|o__Bacteroidales|f__Bacteroidaceae|g__Bacteroides,-1.161709986657864,1.4166798118093258,-0.5561759146595744,0.4840263284620336,0.377269996730471,MEFISTO,batch_018
k__Bacteria|p__Bacteroidetes|c__Bacteroidia|o__Bacteroidales|f__Bacteroidaceae|g__Unknown_003,-0.8767770743552453,1.294345914289973,1.0087057480810355,0.6206367981157335,0.1932379395656221,MEFISTO,batch_018
k__Bacteria|p__Bacteroidetes|c__Bacteroidia|o__Bacteroidales|f__Porphyromonadaceae|g__Parabacteroides,-1.2495837285503566,1.3338876610424448,0.5004439626968161,0.8004250052666586,1.0695093564661935,MEFISTO,batch_018
k__Bacteria|p__Bacteroidetes|c__Bacteroidia|o__Bacteroidales|f__Prevotellaceae|g__Prevotella,0.8604905315212816,0.0014995762881872,0.950133373467668,0.0007235640043975,8.789918721256067e-05,MEFISTO,batch_018
k__Bacteria|p__Bacteroidetes|c__Bacteroidia|o__Bacteroidales|f__Rikenellaceae|g__Unknown_004,-1.0702491446944302,-0.6280708957980163,-8.605603120408088e-05,0.6533763231703134,1.1657530207804452,MEFISTO,batch_018
k__Bacteria|p__Firmicutes|c__Bacilli|o__Lactobacillales|f__Carnobacteriaceae|g__Granulicatella,2.20833395859433,-0.3667380563314553,0.0002464224245854,7.368509652332705e-05,-0.390901921399592,MEFISTO,batch_018
k__Bacteria|p__Firmicutes|c__Bacilli|o__Lactobacillales|f__Lactobacillaceae|g__Lactobacillus,2.3644701660747334,-0.2835905230851546,-0.0962239812319193,0.0003419812725474,-0.0018288816534617,MEFISTO,batch_018
k__Bacteria|p__Firmicutes|c__Bacilli|o__Lactobacillales|f__Streptococcaceae|g__Streptococcus,1.164979271604109,0.0016064232790199,-0.0003953565378252,-0.3885204137064855,-0.6276450510524261,MEFISTO,batch_018
k__Bacteria|p__Firmicutes|c__Clostridia|o__Clostridiales|f__Lachnospiraceae|g__Blautia,-1.0516402061280667,0.5245864191332624,-0.0001306176075729,8.400810106289431e-06,-1.1863587272587013,MEFISTO,batch_018
k__Bacteria|p__Firmicutes|c__Clostridia|o__Clostridiales|f__Lachnospiraceae|g__Coprococcus,-0.5945482234782156,-0.7919196690107788,0.3122165777840434,0.0003796745854418,-0.9677668522193308,MEFISTO,batch_018
k__Bacteria|p__Firmicutes|c__Clostridia|o__Clostridiales|f__Lachnospiraceae|g__Lachnospira,-1.3005659317745066,0.0089254376644268,1.0172009949300065,-0.9023498961910066,0.3280749371606447,MEFISTO,batch_018
k__Bacteria|p__Firmicutes|c__Clostridia|o__Clostridiales|f__Lachnospiraceae|g__Roseburia,-1.0005048648262795,-1.3454592471511868,0.224816051775289,-0.8133799475088515,0.2701999973282848,MEFISTO,batch_018
k__Bacteria|p__Firmicutes|c__Clostridia|o__Clostridiales|f__Lachnospiraceae|g__[Ruminococcus],-1.8803296982135155e-05,0.0001538193811875,4.249345723007653e-05,0.294192602365327,-1.19629756581991,MEFISTO,batch_018
k__Bacteria|p__Firmicutes|c__Clostridia|o__Clostridiales|f__Lachnospiraceae|g__Unknown_020,-1.3710630602360985,0.0953690860083062,0.0709220955997695,-0.0002485147121293,-0.7082707145500785,MEFISTO,batch_018
k__Bacteria|p__Firmicutes|c__Clostridia|o__Clostridiales|f__Ruminococcaceae|g__Faecalibacterium,-1.5280519324523285,-0.9362885976492372,0.107044990852371,-0.4665336831518243,0.3595257903827104,MEFISTO,batch_018
k__Bacteria|p__Firmicutes|c__Clostridia|o__Clostridiales|f__Ruminococcaceae|g__Oscillospira,-0.5766484033995698,-0.0007147784236243,4.1687318085593295e-05,0.8873137899395965,0.0010676920611183,MEFISTO,batch_018
k__Bacteria|p__Firmicutes|c__Clostridia|o__Clostridiales|f__Ruminococcaceae|g__Ruminococcus,-0.7578761310703915,-1.5963682750568464,-0.4371506349589078,0.000191315957336,0.1844917695094571,MEFISTO,batch_018
k__Bacteria|p__Firmicutes|c__Clostridia|o__Clostridiales|f__Ruminococcaceae|g__Unknown_023,-0.7013979577823489,-1.446490217816131,-0.4722674478077662,0.0006557932763605,-0.0033812273273324,MEFISTO,batch_018
k__Bacteria|p__Firmicutes|c__Clostridia|o__Clostridiales|f__Veillonellaceae|g__Veillonella,0.4571534234279617,2.027899753808493,1.0859306352653038,-0.6477397981622838,-0.2995586290189213,MEFISTO,batch_018
k__Bacteria|p__Firmicutes|c__Clostridia|o__Clostridiales|f__Veillonellaceae|g__Unknown_024,-0.5361142742171463,-0.556066056026578,0.000425187011307,-0.0001622160376181,0.873418801520647,MEFISTO,batch_018
k__Bacteria|p__Firmicutes|c__Clostridia|o__Clostridiales|f__|g__Unknown_025,-0.3481032849092174,-0.2815774140072801,0.2263074224539129,-0.0013748297747773,-0.6442652885969338,MEFISTO,batch_018
k__Bacteria|p__Firmicutes|c__Clostridia|o__Coriobacteriales|f__Coriobacteriaceae|g__Collinsella,0.6949532677218933,-1.0827989368273667,0.0006001156008877,0.0117169267309485,0.9416237299582428,MEFISTO,batch_018
k__Bacteria|p__Firmicutes|c__Clostridia|o__Coriobacteriales|f__|g__Unknown_027,-0.9476112877574868,-0.7913076378385346,0.21607879793722,-0.0011006981482095,-0.3312063278540671,MEFISTO,batch_018
k__Bacteria|p__Firmicutes|c__Clostridia|o__|f__|g__Unknown_029,-0.6979295598577899,-0.4769381451515719,0.1451714327430946,-5.856120420018423e-06,-0.8439519957932219,MEFISTO,batch_018
k__Bacteria|p__Firmicutes|c__Erysipelotrichi|o__Erysipelotrichales|f__[Coprobacillaceae]|g__Unknown_031,0.0025887321012801,-0.2141324425264072,0.000380077023142,0.3300810927845227,-1.2968970142752991,MEFISTO,batch_018
k__Bacteria|p__Proteobacteria|c__Betaproteobacteria|o__Burkholderiales|f__Alcaligenaceae|g__Sutterella,-1.8167955541091332,1.6481730050168049,1.1759028073393571,-0.0031542520654337,0.7892466231223783,MEFISTO,batch_018
k__Bacteria|p__Proteobacteria|c__Gammaproteobacteria|o__Enterobacteriales|f__Enterobacteriaceae|g__Escherichia,2.291166216763478,0.6570108723595551,-0.2075472772368939,0.0001843679962255,-0.4325129249780371,MEFISTO,batch_018
k__Bacteria|p__Proteobacteria|c__Gammaproteobacteria|o__Enterobacteriales|f__Enterobacteriaceae|g__Unknown_042,2.0890168972405183,0.4929971235125513,-0.6683937319089626,-0.0017480073555166,-0.4403161149519164,MEFISTO,batch_018
k__Bacteria|p__Proteobacteria|c__Gammaproteobacteria|o__Pasteurellales|f__Pasteurellaceae|g__Haemophilus,-0.6304549178022952,1.7819502795107771,1.4432546392166388,-0.956070721295762,-0.0030570963843717,MEFISTO,batch_018
k__Bacteria|p__Verrucomicrobia|c__Verrucomicrobiae|o__Verrucomicrobiales|f__Verrucomicrobiaceae|g__Akkermansia,0.0049965109575458,-1.0810209165045843,-0.5539846597901603,1.3039522559845156,1.2568957992409808,MEFISTO,batch_018
k__Bacteria|p__Actinobacteria|c__Actinobacteria|o__Bifidobacteriales|f__Bifidobacteriaceae|g__Bifidobacterium,0.233087395714155,-0.127225409178426,-0.259236522125566,0.195704940034769,-0.0082740074796119,TEMPTED,batch_019
k__Bacteria|p__Bacteroidetes|c__Bacteroidia|o__Bacteroidales|f__Bacteroidaceae|g__Bacteroides,-0.004191676827278,0.442336996062173,-0.0162817156550277,0.271705360430151,0.308329621456693,TEMPTED,batch_019
k__Bacteria|p__Bacteroidetes|c__Bacteroidia|o__Bacteroidales|f__Bacteroidaceae|g__Unknown_003,0.0101234461475327,0.311042448974813,0.0837023714391193,0.297356044184671,0.13974686588773,TEMPTED,batch_019
k__Bacteria|p__Bacteroidetes|c__Bacteroidia|o__Bacteroidales|f__Porphyromonadaceae|g__Parabacteroides,-0.0100287303255085,0.502188377810726,-0.192816336749711,0.103677097317102,0.231649584228142,TEMPTED,batch_019
k__Bacteria|p__Bacteroidetes|c__Bacteroidia|o__Bacteroidales|f__Prevotellaceae|g__Prevotella,0.0187876018659662,-0.0485575697685748,0.120644841917423,0.0169104098250056,0.245610272534229,TEMPTED,batch_019
k__Bacteria|p__Bacteroidetes|c__Bacteroidia|o__Bacteroidales|f__Rikenellaceae|g__Unknown_004,-0.168845541958853,0.1300523436959,-0.312495502472759,0.0637903260227587,0.312678106676474,TEMPTED,batch_019
k__Bacteria|p__Firmicutes|c__Bacilli|o__Lactobacillales|f__Carnobacteriaceae|g__Granulicatella,0.265152889184538,-0.335788657022214,-0.0574151495718942,0.347272499480088,-0.211598753267888,TEMPTED,batch_019
k__Bacteria|p__Firmicutes|c__Bacilli|o__Lactobacillales|f__Lactobacillaceae|g__Lactobacillus,0.34441855983358,-0.22856577078797,-0.0012501945026343,0.282364960474017,-0.134883641034467,TEMPTED,batch_019
k__Bacteria|p__Firmicutes|c__Bacilli|o__Lactobacillales|f__Streptococcaceae|g__Streptococcus,0.200331587402893,-0.133384685531241,0.0331908509644746,0.122726739971932,0.0055978984947567,TEMPTED,batch_019
k__Bacteria|p__Firmicutes|c__Clostridia|o__Clostridiales|f__Lachnospiraceae|g__Blautia,-0.0980564325385018,-0.0602247410150287,-0.0259084742329325,-0.101824602579604,-0.250612435881254,TEMPTED,batch_019
k__Bacteria|p__Firmicutes|c__Clostridia|o__Clostridiales|f__Lachnospiraceae|g__Coprococcus,-0.11529027766121,-0.0905227002168576,-0.0823901238045105,-0.138590478761827,-0.202793745851951,TEMPTED,batch_019
k__Bacteria|p__Firmicutes|c__Clostridia|o__Clostridiales|f__Lachnospiraceae|g__Lachnospira,-0.107489863634274,0.0215058973264776,0.0986977740349126,-0.295958341530987,-0.0816058902747266,TEMPTED,batch_019
k__Bacteria|p__Firmicutes|c__Clostridia|o__Clostridiales|f__Lachnospiraceae|g__Roseburia,-0.158497006594327,-0.0590729310163506,-0.0560039753946985,-0.247405556769171,0.0428454601625609,TEMPTED,batch_019
k__Bacteria|p__Firmicutes|c__Clostridia|o__Clostridiales|f__Lachnospiraceae|g__[Ruminococcus],-0.0406532022097707,-0.0882183962692983,0.0310007685332607,-0.0789374954326335,-0.298146509646697,TEMPTED,batch_019
k__Bacteria|p__Firmicutes|c__Clostridia|o__Clostridiales|f__Lachnospiraceae|g__Unknown_020,-0.1552816686539,-0.0176859677387866,0.0095707664755233,-0.15780788923733,-0.168070088462996,TEMPTED,batch_019
k__Bacteria|p__Firmicutes|c__Clostridia|o__Clostridiales|f__Ruminococcaceae|g__Faecalibacterium,-0.228126321075155,0.0398434790538151,-0.248567082137637,-0.241598216808408,0.0624534291540138,TEMPTED,batch_019
k__Bacteria|p__Firmicutes|c__Clostridia|o__Clostridiales|f__Ruminococcaceae|g__Oscillospira,-0.110171547943343,0.0028348176500304,0.07167744229398,-0.0594098917272664,-0.0503236232362806,TEMPTED,batch_019
k__Bacteria|p__Firmicutes|c__Clostridia|o__Clostridiales|f__Ruminococcaceae|g__Ruminococcus,-0.202161863336764,-0.062895001278219,-0.18714799398086,-0.108306310250024,0.0175237353305173,TEMPTED,batch_019
k__Bacteria|p__Firmicutes|c__Clostridia|o__Clostridiales|f__Ruminococcaceae|g__Unknown_023,-0.213767358416097,-0.0814228450764776,-0.270187628845308,-0.112898712579957,0.0102429105022301,TEMPTED,batch_019
k__Bacteria|p__Firmicutes|c__Clostridia|o__Clostridiales|f__Veillonellaceae|g__Veillonella,0.288317723462041,0.0323710874984367,0.456965635003771,-0.101870511347454,0.0769053681526226,TEMPTED,batch_019
k__Bacteria|p__Firmicutes|c__Clostridia|o__Clostridiales|f__Veillonellaceae|g__Unknown_024,-0.065119084160588,0.0313067389076069,0.0302406323143394,0.0892525886211621,0.364588028420038,TEMPTED,batch_019
k__Bacteria|p__Firmicutes|c__Clostridia|o__Clostridiales|f__|g__Unknown_025,-0.070279670149799,-0.0676894620784775,0.0523062738291891,-0.138731076768007,-0.148075895063279,TEMPTED,batch_019
k__Bacteria|p__Firmicutes|c__Clostridia|o__Coriobacteriales|f__Coriobacteriaceae|g__Collinsella,0.109427346992576,0.123101165820517,-0.138223882801611,-0.0304137905647327,-0.0012713317873738,TEMPTED,batch_019
k__Bacteria|p__Firmicutes|c__Clostridia|o__Coriobacteriales|f__|g__Unknown_027,-0.164124236472175,-0.0822979663920561,-0.0903626716975962,-0.193049582575267,-0.0587363059135917,TEMPTED,batch_019
k__Bacteria|p__Firmicutes|c__Clostridia|o__|f__|g__Unknown_029,-0.145324983011581,-0.119577463358715,-0.0112949233783484,-0.159428146854946,-0.188719856796907,TEMPTED,batch_019
k__Bacteria|p__Firmicutes|c__Erysipelotrichi|o__Erysipelotrichales|f__[Coprobacillaceae]|g__Unknown_031,-0.0753450817980957,-0.136230125953933,-0.0060094812219978,-0.0493072802680351,-0.34437937671625,TEMPTED,batch_019
k__Bacteria|p__Proteobacteria|c__Betaproteobacteria|o__Burkholderiales|f__Alcaligenaceae|g__Sutterella,-0.0812460393007159,0.300352761109888,0.177233644563397,-0.0883902396642791,0.166770752812129,TEMPTED,batch_019
k__Bacteria|p__Proteobacteria|c__Gammaproteobacteria|o__Enterobacteriales|f__Enterobacteriaceae|g__Escherichia,0.356399886931155,-0.123292125418951,0.320652658618144,0.194868031289911,0.0336812964078759,TEMPTED,batch_019
k__Bacteria|p__Proteobacteria|c__Gammaproteobacteria|o__Enterobacteriales|f__Enterobacteriaceae|g__Unknown_042,0.369662547939132,-0.156931530540684,0.221742786680575,0.238955618126565,0.0625856045602546,TEMPTED,batch_019
k__Bacteria|p__Proteobacteria|c__Gammaproteobacteria|o__Pasteurellales|f__Pasteurellaceae|g__Haemophilus,0.116333905684541,0.0972361661513893,0.370309609836307,-0.138385906998504,-0.0685493243061294,TEMPTED,batch_019
k__Bacteria|p__Verrucomicrobia|c__Verrucomicrobiae|o__Verrucomicrobiales|f__Verrucomicrobiaceae|g__Akkermansia,-0.098042305090172,-0.0145889314195115,-0.122344397931324,0.217729414940298,0.134831850939137,TEMPTED,batch_019
k__Bacteria|p__Actinobacteria|c__Actinobacteria|o__Bifidobacteriales|f__Bifidobacteriaceae|g__Bifidobacterium,1.3087993070125006,-0.0021773939624221,-1.619856699201403,-0.6608574808569648,-0.5110368576290848,MEFISTO,batch_019
k__Bacteria|p__Bacteroidetes|c__Bacteroidia|o__Bacteroidales|f__Bacteroidaceae|g__Bacteroides,-1.1055602998619083,2.180229916807733,-4.052901947688343e-05,0.2443713475843004,0.3535355792752881,MEFISTO,batch_019
k__Bacteria|p__Bacteroidetes|c__Bacteroidia|o__Bacteroidales|f__Bacteroidaceae|g__Unknown_003,-0.98091547573549,2.1167299874839696,1.6859545320809148,0.0243846356482564,0.0049785037775319,MEFISTO,batch_019
k__Bacteria|p__Bacteroidetes|c__Bacteroidia|o__Bacteroidales|f__Porphyromonadaceae|g__Parabacteroides,-1.2701973335405723,1.756232408156106,1.1460687021036842,0.005025983916441,1.2751844691826693,MEFISTO,batch_019
k__Bacteria|p__Bacteroidetes|c__Bacteroidia|o__Bacteroidales|f__Prevotellaceae|g__Prevotella,0.767565089351026,0.0003120715223083,1.0201686971876471,-0.2230418372853746,0.0053209686595734,MEFISTO,batch_019
k__Bacteria|p__Bacteroidetes|c__Bacteroidia|o__Bacteroidales|f__Rikenellaceae|g__Unknown_004,-1.2611774178442057,-0.6265370879536629,0.3909153759627731,0.5293581657904972,1.174514809369526,MEFISTO,batch_019
k__Bacteria|p__Firmicutes|c__Bacilli|o__Lactobacillales|f__Carnobacteriaceae|g__Granulicatella,1.898366494198404,-0.6061180979235383,1.88089366881648e-06,-0.556762156836798,-0.4578018875517951,MEFISTO,batch_019
k__Bacteria|p__Firmicutes|c__Bacilli|o__Lactobacillales|f__Lactobacillaceae|g__Lactobacillus,2.0129321123127872,-0.2245171316084911,6.32456333802724e-05,-0.9951515298046304,-0.2122728184825953,MEFISTO,batch_019
k__Bacteria|p__Firmicutes|c__Bacilli|o__Lactobacillales|f__Streptococcaceae|g__Streptococcus,1.056982575841229,-0.0007435093140363,-0.2130271085778179,-0.5202362267854457,-0.5320492588460376,MEFISTO,batch_019
k__Bacteria|p__Firmicutes|c__Clostridia|o__Clostridiales|f__Lachnospiraceae|g__Blautia,-0.8003576797618968,0.4587093078909417,-0.3261474543488037,-0.0517583151903854,-1.2637964272119429,MEFISTO,batch_019
k__Bacteria|p__Firmicutes|c__Clostridia|o__Clostridiales|f__Lachnospiraceae|g__Coprococcus,-0.5743920382914032,-0.9928092350301324,1.3870384941095786e-05,0.0018578998035728,-0.989358479598904,MEFISTO,batch_019
k__Bacteria|p__Firmicutes|c__Clostridia|o__Clostridiales|f__Lachnospiraceae|g__Lachnospira,-1.3444119473985767,1.1753474788349128,1.2659592848264831,0.3153850161861442,-0.0075641043272348,MEFISTO,batch_019
k__Bacteria|p__Firmicutes|c__Clostridia|o__Clostridiales|f__Lachnospiraceae|g__Roseburia,-0.864920230874757,-1.2222738074541606,-2.7885066609765445e-05,0.4609987223077509,0.0078825882652188,MEFISTO,batch_019
k__Bacteria|p__Firmicutes|c__Clostridia|o__Clostridiales|f__Lachnospiraceae|g__[Ruminococcus],-0.2141598939100568,0.0006207891535256,-1.406243817903728e-05,-0.0921667793068502,-1.2601091877809532,MEFISTO,batch_019
k__Bacteria|p__Firmicutes|c__Clostridia|o__Clostridiales|f__Lachnospiraceae|g__Unknown_020,-1.2127347090763403,0.3395475600363887,-1.4587006803016517e-05,0.215898222290719,-0.8111057982029068,MEFISTO,batch_019
k__Bacteria|p__Firmicutes|c__Clostridia|o__Clostridiales|f__Ruminococcaceae|g__Faecalibacterium,-1.4127206160240524,-0.7388893312823728,-2.181975962203676e-05,0.2920860083548471,0.1885179493163717,MEFISTO,batch_019
k__Bacteria|p__Firmicutes|c__Clostridia|o__Clostridiales|f__Ruminococcaceae|g__Oscillospira,-0.7924610774544619,0.000298026156873,0.3809615203787516,0.3838694158447847,-0.0077080027829762,MEFISTO,batch_019
k__Bacteria|p__Firmicutes|c__Clostridia|o__Clostridiales|f__Ruminococcaceae|g__Ruminococcus,-0.7974852469641024,-1.587044909939813,-0.4790256920613116,0.3447041993661049,0.0095098990476476,MEFISTO,batch_019
k__Bacteria|p__Firmicutes|c__Clostridia|o__Clostridiales|f__Ruminococcaceae|g__Unknown_023,-0.6689273150314505,-1.813075442824588,-0.7033405283931788,0.3053685424253742,-0.0031027798868097,MEFISTO,batch_019
k__Bacteria|p__Firmicutes|c__Clostridia|o__Clostridiales|f__Veillonellaceae|g__Veillonella,0.7960080717523171,2.147096264030381,0.9376711968272302,-0.0242534520965392,-0.4559900720849537,MEFISTO,batch_019
k__Bacteria|p__Firmicutes|c__Clostridia|o__Clostridiales|f__Veillonellaceae|g__Unknown_024,-0.4257042632134308,-0.8482869507727208,-0.000124653122148,0.2941452366411908,0.869036659708256,MEFISTO,batch_019
k__Bacteria|p__Firmicutes|c__Clostridia|o__Clostridiales|f__|g__Unknown_025,-0.3829317282857888,-0.4110389235604719,0.0708333164107087,0.0087829977189327,-0.6621115817663656,MEFISTO,batch_019
k__Bacteria|p__Firmicutes|c__Clostridia|o__Coriobacteriales|f__Coriobacteriaceae|g__Collinsella,0.3707555937565481,-0.8349897715372061,0.0008525947264178,-0.940163924492659,0.990760591896946,MEFISTO,batch_019
k__Bacteria|p__Firmicutes|c__Clostridia|o__Coriobacteriales|f__|g__Unknown_027,-0.822052959753818,-0.8848455295512899,0.0909967735876532,0.2656170397112921,-0.5089191648902542,MEFISTO,batch_019
k__Bacteria|p__Firmicutes|c__Clostridia|o__|f__|g__Unknown_029,-0.6956269484930903,-0.5626026000976231,4.777681481286414e-06,0.0964096367954236,-0.9543476896415728,MEFISTO,batch_019
k__Bacteria|p__Firmicutes|c__Erysipelotrichi|o__Erysipelotrichales|f__[Coprobacillaceae]|g__Unknown_031,-0.0017198964227479,-0.4299877443896104,-0.2122013617051255,-0.2652474574646045,-1.2889047645529776,MEFISTO,batch_019
k__Bacteria|p__Proteobacteria|c__Betaproteobacteria|o__Burkholderiales|f__Alcaligenaceae|g__Sutterella,-1.6664302246965836,2.474233125241612,1.7381510473593882,0.2136146625368928,0.6407506095538051,MEFISTO,batch_019
k__Bacteria|p__Proteobacteria|c__Gammaproteobacteria|o__Enterobacteriales|f__Enterobacteriaceae|g__Escherichia,2.556627594477745,0.8824970289529319,-1.6953539850421245e-05,0.8976377931552981,-0.3923030725588934,MEFISTO,batch_019
k__Bacteria|p__Proteobacteria|c__Gammaproteobacteria|o__Enterobacteriales|f__Enterobacteriaceae|g__Unknown_042,2.512073041950012,0.5433922511845223,-0.5801711221401535,0.913687301136836,-0.4396124931488429,MEFISTO,batch_019
k__Bacteria|p__Proteobacteria|c__Gammaproteobacteria|o__Pasteurellales|f__Pasteurellaceae|g__Haemophilus,-0.3070369317479123,1.9503760747444543,1.2957037383798462,-0.0086697925965589,-0.0052716637900255,MEFISTO,batch_019
k__Bacteria|p__Verrucomicrobia|c__Verrucomicrobiae|o__Verrucomicrobiales|f__Verrucomicrobiaceae|g__Akkermansia,-0.4081012448337969,-1.5164065671810112,-0.0002431176424424,0.4174355651642851,1.2614661963078029,MEFISTO,batch_019
k__Bacteria|p__Actinobacteria|c__Actinobacteria|o__Bifidobacteriales|f__Bifidobacteriaceae|g__Bifidobacterium,0.248125508499981,-0.172983969909589,-0.281240243719298,0.0557649489074853,-0.0747713704878164,TEMPTED,batch_020
k__Bacteria|p__Bacteroidetes|c__Bacteroidia|o__Bacteroidales|f__Bacteroidaceae|g__Bacteroides,-0.0340770438438739,0.416955622647065,-0.211456971645269,0.228370946223104,0.258452091910039,TEMPTED,batch_020
k__Bacteria|p__Bacteroidetes|c__Bacteroidia|o__Bacteroidales|f__Bacteroidaceae|g__Unknown_003,-0.0229013818522316,0.349276906397481,-0.107313957481541,0.206203252534233,0.161365514230086,TEMPTED,batch_020
k__Bacteria|p__Bacteroidetes|c__Bacteroidia|o__Bacteroidales|f__Porphyromonadaceae|g__Parabacteroides,-0.0237490876660173,0.439342855926375,-0.288670558886598,0.223353207945959,0.266453930866663,TEMPTED,batch_020
k__Bacteria|p__Bacteroidetes|c__Bacteroidia|o__Bacteroidales|f__Prevotellaceae|g__Prevotella,0.0227130776615282,-0.0258817930782529,0.0397586790702773,0.0068392633974853,0.257783801790828,TEMPTED,batch_020
k__Bacteria|p__Bacteroidetes|c__Bacteroidia|o__Bacteroidales|f__Rikenellaceae|g__Unknown_004,-0.178370397446226,0.0755074632824915,-0.181415568082671,0.0547935549030431,0.402486001350551,TEMPTED,batch_020
k__Bacteria|p__Firmicutes|c__Bacilli|o__Lactobacillales|f__Carnobacteriaceae|g__Granulicatella,0.268226411594988,-0.36401567757036,-0.144006204170761,0.28877474532695,-0.239896868512424,TEMPTED,batch_020
k__Bacteria|p__Firmicutes|c__Bacilli|o__Lactobacillales|f__Lactobacillaceae|g__Lactobacillus,0.334711887032659,-0.223119894319951,-0.099692524448597,0.165365798721446,-0.0594218257643326,TEMPTED,batch_020
k__Bacteria|p__Firmicutes|c__Bacilli|o__Lactobacillales|f__Streptococcaceae|g__Streptococcus,0.209867841987839,-0.108994439544348,0.0137287152816667,0.0633484772124497,-0.0048312093029914,TEMPTED,batch_020
k__Bacteria|p__Firmicutes|c__Clostridia|o__Clostridiales|f__Lachnospiraceae|g__Blautia,-0.0773411840635131,-0.0714007645972725,0.007397981253288,-0.0404538781997902,-0.266060079528995,TEMPTED,batch_020
k__Bacteria|p__Firmicutes|c__Clostridia|o__Clostridiales|f__Lachnospiraceae|g__Coprococcus,-0.0975247494514845,-0.0760063351739797,-0.0282042148464177,-0.0702261132795656,-0.162460244298542,TEMPTED,batch_020
k__Bacteria|p__Firmicutes|c__Clostridia|o__Clostridiales|f__Lachnospiraceae|g__Lachnospira,-0.116722917935913,0.0375366258987852,0.159750273754954,-0.272684197992633,-0.109537151045411,TEMPTED,batch_020
k__Bacteria|p__Firmicutes|c__Clostridia|o__Clostridiales|f__Lachnospiraceae|g__Roseburia,-0.164782363196118,-0.0594874608691846,0.0499259043214199,-0.279509767890895,0.0408660596858543,TEMPTED,batch_020
k__Bacteria|p__Firmicutes|c__Clostridia|o__Clostridiales|f__Lachnospiraceae|g__[Ruminococcus],-0.030941290266024,-0.102918908729549,0.03518963569211,0.0049117937857274,-0.25417378718025,TEMPTED,batch_020
k__Bacteria|p__Firmicutes|c__Clostridia|o__Clostridiales|f__Lachnospiraceae|g__Unknown_020,-0.143983533775172,-0.0634767177949691,0.0292216687066663,-0.0837283241406124,-0.178436577189673,TEMPTED,batch_020
k__Bacteria|p__Firmicutes|c__Clostridia|o__Clostridiales|f__Ruminococcaceae|g__Faecalibacterium,-0.215005809568915,-0.0006308718705978,-0.162486089785638,-0.355261894412189,0.0650200171196317,TEMPTED,batch_020
k__Bacteria|p__Firmicutes|c__Clostridia|o__Clostridiales|f__Ruminococcaceae|g__Oscillospira,-0.111539579855608,-0.0081208509395106,0.0900515167265966,0.0449980455882294,-0.0426130723872246,TEMPTED,batch_020
k__Bacteria|p__Firmicutes|c__Clostridia|o__Clostridiales|f__Ruminococcaceae|g__Ruminococcus,-0.194878183285148,-0.111768860543451,-0.12204700445041,-0.139279897337898,0.0100767415788878,TEMPTED,batch_020
k__Bacteria|p__Firmicutes|c__Clostridia|o__Clostridiales|f__Ruminococcaceae|g__Unknown_023,-0.198041533966337,-0.119039120237484,-0.192470769859575,-0.157907397037572,-0.0047992262233434,TEMPTED,batch_020
k__Bacteria|p__Firmicutes|c__Clostridia|o__Clostridiales|f__Veillonellaceae|g__Veillonella,0.283528544529537,0.122550689348911,0.490033287248856,0.0475810454444198,0.0663388508809471,TEMPTED,batch_020
k__Bacteria|p__Firmicutes|c__Clostridia|o__Clostridiales|f__Veillonellaceae|g__Unknown_024,-0.0692253101746331,0.0462927556151055,0.0453047813764267,0.099844912241731,0.262436562268018,TEMPTED,batch_020
k__Bacteria|p__Firmicutes|c__Clostridia|o__Clostridiales|f__|g__Unknown_025,-0.0656877976361442,-0.0597443342484653,0.0995956957926066,-0.0582679001825388,-0.151131369592746,TEMPTED,batch_020
k__Bacteria|p__Firmicutes|c__Clostridia|o__Coriobacteriales|f__Coriobacteriaceae|g__Collinsella,0.104021909482656,0.0415547239658615,-0.252696489056045,-0.247143702137103,-0.0654337443015491,TEMPTED,batch_020
k__Bacteria|p__Firmicutes|c__Clostridia|o__Coriobacteriales|f__|g__Unknown_027,-0.158494499945716,-0.07847255662853,0.0219715679866648,-0.159652016799579,-0.0730597198752179,TEMPTED,batch_020
k__Bacteria|p__Firmicutes|c__Clostridia|o__|f__|g__Unknown_029,-0.131172425924239,-0.097122171304144,0.0659282046383429,-0.10550674983069,-0.167321634977969,TEMPTED,batch_020
k__Bacteria|p__Firmicutes|c__Erysipelotrichi|o__Erysipelotrichales|f__[Coprobacillaceae]|g__Unknown_031,-0.0580915778544976,-0.153904619996952,0.0080241323815321,0.025654115235834,-0.326152103703834,TEMPTED,batch_020
k__Bacteria|p__Proteobacteria|c__Betaproteobacteria|o__Burkholderiales|f__Alcaligenaceae|g__Sutterella,-0.115798313658155,0.339426202303592,0.0978394947007278,-0.263760125822862,0.133523510457296,TEMPTED,batch_020
k__Bacteria|p__Proteobacteria|c__Gammaproteobacteria|o__Enterobacteriales|f__Enterobacteriaceae|g__Escherichia,0.356872236315453,-0.0437926484038365,0.299290564036417,0.291643993736254,0.0166817484211052,TEMPTED,batch_020
k__Bacteria|p__Proteobacteria|c__Gammaproteobacteria|o__Enterobacteriales|f__Enterobacteriaceae|g__Unknown_042,0.389542510721287,-0.0995948106088706,0.227104333496567,0.316238876296609,0.0640818470769275,TEMPTED,batch_020
k__Bacteria|p__Proteobacteria|c__Gammaproteobacteria|o__Pasteurellales|f__Pasteurellaceae|g__Haemophilus,0.103604493350275,0.185800994781657,0.351329123236471,-0.0482088703084899,-0.0708654608404541,TEMPTED,batch_020
k__Bacteria|p__Verrucomicrobia|c__Verrucomicrobiae|o__Verrucomicrobiales|f__Verrucomicrobiaceae|g__Akkermansia,-0.112885439810236,-0.0137680337980266,-0.0597449632687691,0.157903857871457,0.245398767575939,TEMPTED,batch_020
k__Bacteria|p__Actinobacteria|c__Actinobacteria|o__Bifidobacteriales|f__Bifidobacteriaceae|g__Bifidobacterium,-0.0619630018104955,0.8286306722933143,-0.6774673588123763,-0.0011493810725888,-1.263078361642317,MEFISTO,batch_020
k__Bacteria|p__Bacteroidetes|c__Bacteroidia|o__Bacteroidales|f__Bacteroidaceae|g__Bacteroides,-1.704392140460451,1.419985224896022,-0.0001713865814058,-0.0001841759901981,0.65516687091562,MEFISTO,batch_020
k__Bacteria|p__Bacteroidetes|c__Bacteroidia|o__Bacteroidales|f__Bacteroidaceae|g__Unknown_003,-0.0043717505350702,0.4037041734795993,0.4156099416886028,-0.3315362160908348,1.1007452144883871,MEFISTO,batch_020
k__Bacteria|p__Bacteroidetes|c__Bacteroidia|o__Bacteroidales|f__Porphyromonadaceae|g__Parabacteroides,-0.5881822632116012,0.5872772499184232,3.711804675062036e-05,-0.0121314646278301,1.6994159312031585,MEFISTO,batch_020
k__Bacteria|p__Bacteroidetes|c__Bacteroidia|o__Bacteroidales|f__Prevotellaceae|g__Prevotella,1.6952124299042302,-0.6195478713425147,-0.0008601246259706,-0.1982779787121693,0.152402917617043,MEFISTO,batch_020
k__Bacteria|p__Bacteroidetes|c__Bacteroidia|o__Bacteroidales|f__Rikenellaceae|g__Unknown_004,-0.686563766403672,-0.4140099759704914,-0.4632618713485374,-0.0008820565997011,1.381457826277093,MEFISTO,batch_020
k__Bacteria|p__Firmicutes|c__Bacilli|o__Lactobacillales|f__Carnobacteriaceae|g__Granulicatella,1.9891594523390288,-0.2518327402077966,0.0012586198134228,-0.3307984382097923,-0.6020735804641063,MEFISTO,batch_020
k__Bacteria|p__Firmicutes|c__Bacilli|o__Lactobacillales|f__Lactobacillaceae|g__Lactobacillus,2.293593224914648,0.0004081656848866,-0.4273512408828864,-0.0053412783711209,-0.4810475950798821,MEFISTO,batch_020
k__Bacteria|p__Firmicutes|c__Bacilli|o__Lactobacillales|f__Streptococcaceae|g__Streptococcus,0.9291936480563384,0.0005912070816029,0.0020704282026144,0.0063541875525406,-0.8957445609446538,MEFISTO,batch_020
k__Bacteria|p__Firmicutes|c__Clostridia|o__Clostridiales|f__Lachnospiraceae|g__Blautia,-1.309256332414037,0.4004729857405435,0.4540227310447509,-0.3077818447046832,-0.4459044800708145,MEFISTO,batch_020
k__Bacteria|p__Firmicutes|c__Clostridia|o__Clostridiales|f__Lachnospiraceae|g__Coprococcus,-0.3216138814643284,-0.8518663440287677,0.3439474544764438,-0.3684527708550116,-0.3901292284139766,MEFISTO,batch_020
k__Bacteria|p__Firmicutes|c__Clostridia|o__Clostridiales|f__Lachnospiraceae|g__Lachnospira,-0.3648103921382798,-0.2811778253037981,0.9316700891721048,0.7437125082971737,0.3205580276054298,MEFISTO,batch_020
k__Bacteria|p__Firmicutes|c__Clostridia|o__Clostridiales|f__Lachnospiraceae|g__Roseburia,-0.6001929741643875,-1.2101433109147963,0.1810954604981877,0.8103763475585124,-0.0095230533825344,MEFISTO,batch_020
k__Bacteria|p__Firmicutes|c__Clostridia|o__Clostridiales|f__Lachnospiraceae|g__[Ruminococcus],-0.3224485268707338,-0.0002255377983066,0.449493482720812,-0.6976073956081403,-0.3839539507823621,MEFISTO,batch_020
k__Bacteria|p__Firmicutes|c__Clostridia|o__Clostridiales|f__Lachnospiraceae|g__Unknown_020,-1.3997180255596675,-0.0002787837217127,0.460664864128802,-0.1042857464836243,-0.2100697714305681,MEFISTO,batch_020
k__Bacteria|p__Firmicutes|c__Clostridia|o__Clostridiales|f__Ruminococcaceae|g__Faecalibacterium,-1.13586599691341,-1.070105474649128,-0.0001458245418926,0.737898639563648,0.0003670758354953,MEFISTO,batch_020
k__Bacteria|p__Firmicutes|c__Clostridia|o__Clostridiales|f__Ruminococcaceae|g__Oscillospira,-0.4568391831795489,-2.881375362132548e-05,-0.0014112931423983,-0.6313979447329956,0.7417947226525177,MEFISTO,batch_020
k__Bacteria|p__Firmicutes|c__Clostridia|o__Clostridiales|f__Ruminococcaceae|g__Ruminococcus,-0.9060443178341856,-1.198780987430936,-0.4071213136825035,0.0026080643041372,0.0006389117656099,MEFISTO,batch_020
k__Bacteria|p__Firmicutes|c__Clostridia|o__Clostridiales|f__Ruminococcaceae|g__Unknown_023,-0.8842611458124692,-1.102626984952782,-0.4614843681955816,-0.0007832283840772,-0.2128306376453763,MEFISTO,batch_020
k__Bacteria|p__Firmicutes|c__Clostridia|o__Clostridiales|f__Veillonellaceae|g__Veillonella,0.9935894178496014,1.43981265925156,1.0557574554519114,0.238933666716141,-0.0024838894023198,MEFISTO,batch_020
k__Bacteria|p__Firmicutes|c__Clostridia|o__Clostridiales|f__Veillonellaceae|g__Unknown_024,-0.1654322706088321,-0.7653368283784163,-0.3355490804044341,0.3997721348001969,0.4876147931931169,MEFISTO,batch_020
k__Bacteria|p__Firmicutes|c__Clostridia|o__Clostridiales|f__|g__Unknown_025,-0.3192615549008717,-0.5707795019019382,0.3618105937845806,-0.2110062006981087,-0.3732483779813512,MEFISTO,batch_020
k__Bacteria|p__Firmicutes|c__Clostridia|o__Coriobacteriales|f__Coriobacteriaceae|g__Collinsella,0.735334366084181,0.0002564292166974,-0.0245843366859211,-0.373763689146359,-0.001688042064123,MEFISTO,batch_020
k__Bacteria|p__Firmicutes|c__Clostridia|o__Coriobacteriales|f__|g__Unknown_027,-0.6735826216946782,-0.8701521425355185,0.321046355898124,-0.0016465099345714,-0.000932158304401,MEFISTO,batch_020
k__Bacteria|p__Firmicutes|c__Clostridia|o__|f__|g__Unknown_029,-0.6752506502624014,-0.5283208852146489,0.4766168796879217,-0.2987745617753896,-0.2421939453464541,MEFISTO,batch_020
k__Bacteria|p__Firmicutes|c__Erysipelotrichi|o__Erysipelotrichales|f__[Coprobacillaceae]|g__Unknown_031,-0.1887293113823685,-0.1648742425503325,0.420140685654427,-0.8304024814620315,-0.5619938961259421,MEFISTO,batch_020
k__Bacteria|p__Proteobacteria|c__Betaproteobacteria|o__Burkholderiales|f__Alcaligenaceae|g__Sutterella,-0.7288496435930419,0.7735387546588244,0.7857732734821273,0.3877926994062881,1.316813331201527,MEFISTO,batch_020
k__Bacteria|p__Proteobacteria|c__Gammaproteobacteria|o__Enterobacteriales|f__Enterobacteriaceae|g__Escherichia,1.7718712217025947,1.3674511735542594,0.0010678225313087,-0.2817540347476829,-0.0030042812226962,MEFISTO,batch_020
k__Bacteria|p__Proteobacteria|c__Gammaproteobacteria|o__Enterobacteriales|f__Enterobacteriaceae|g__Unknown_042,1.290863561763569,1.3349775842035163,-0.1995571342064621,-0.2102160040283757,-0.4032567023515578,MEFISTO,batch_020
k__Bacteria|p__Proteobacteria|c__Gammaproteobacteria|o__Pasteurellales|f__Pasteurellaceae|g__Haemophilus,0.4395202692674057,0.7724932396450285,1.33287541034783,0.8103380128403794,0.000462990270701,MEFISTO,batch_020
k__Bacteria|p__Verrucomicrobia|c__Verrucomicrobiae|o__Verrucomicrobiales|f__Verrucomicrobiaceae|g__Akkermansia,0.0018534432021475,-0.9822555335976514,-1.095153719036526,-0.5951812032379433,1.0004968995434869,MEFISTO,batch_020
