sample_id,Bifidobacterium,Bacteroides,Bacteroidaceae (F),Parabacteroides,Prevotella,Rikenellaceae (F),Granulicatella,Lactobacillus,Streptococcus,Blautia,Coprococcus,Lachnospira,Roseburia,[Ruminococcus],Lachnospiraceae (F),Faecalibacterium,Oscillospira,Ruminococcus,Ruminococcaceae (F),Veillonella,Veillonellaceae (F),Clostridiales (O),Collinsella,Coriobacteriales (O),Clostridia (C),[Coprobacillaceae] (F),Sutterella,Escherichia,Enterobacteriaceae (F),Haemophilus,Akkermansia
3000144,0.0610272559452709,0.0,0.0,0.0,0.0005429471169508,0.0,0.0016288413508524,0.0103159952220654,0.084591160820936,0.0,0.0,0.0,0.0,0.0,0.0018460201976327,0.0,0.0260614616136388,0.0,0.0,0.626452383537843,0.0,0.0006515365403409,0.0,0.0,0.0,0.0,0.0,0.0,0.0649364751873168,0.0,0.0
3101046,0.10818553888131,0.0005457025920873,0.0,0.0,0.0005457025920873,0.0,0.0016371077762619,0.0038199181446111,0.135607094133697,0.0406548431105048,0.0,0.0001364256480218,0.0,0.0,0.0001364256480218,0.0001364256480218,0.014324693042292,0.0001364256480218,0.0001364256480218,0.539699863574352,0.0001364256480218,0.0,0.0,0.0013642564802182,0.0,0.0001364256480218,0.0,0.0,0.0124147339699864,0.0,0.0
3101190,0.0376630922824996,0.0004754107020231,0.0,0.0,0.0002112936453436,5.28234113359041e-05,0.001056468226718,0.0001584702340077,0.0007923511700385,0.0006867043473667,5.28234113359041e-05,0.0,0.0,5.28234113359041e-05,0.0003169404680154,5.28234113359041e-05,0.0072896307643547,0.0016903491627489,5.28234113359041e-05,0.17267973165707,0.0001584702340077,0.0012149384607257,0.0,0.0,5.28234113359041e-05,0.0,5.28234113359041e-05,0.0002112936453436,0.0578944588241509,0.0,0.693465744017749
3101193,0.227284183994959,0.0001260239445494,0.0,0.0,6.30119722747322e-05,0.0,0.0021424070573408,0.0043478260869565,0.006805293005671,0.0371140516698173,0.0,0.0,0.0084436042848141,0.0209199747952111,0.0882797731568998,0.0,0.0135475740390674,0.0001260239445494,0.0,0.216194076874606,0.0001260239445494,0.0076244486452426,0.0,0.0183364839319471,0.124322621298047,0.015059861373661,0.0,0.0777567737870195,0.0335853812224323,0.0001260239445494,0.0
3107293,0.166144200626959,0.0126754804415974,0.0,0.0001362954886193,0.0,0.0,0.0106310481123075,0.0263050293035301,0.0028622052610058,0.0061332969878697,0.0001362954886193,0.0,0.0001362954886193,0.0109036390895461,0.392394711735042,0.0001362954886193,0.0272590977238653,0.0,0.0,0.0478397165053837,0.0,0.0166280496115579,0.0,0.0,0.005451819544773,0.0505656262777702,0.0,0.0115851165326428,0.020853209758757,0.0661033119803734,0.0002725909772386
3107294,0.0007348078477478,0.0,0.0,0.0,0.0004408847086486,0.0,0.0001469615695495,0.0005143654934234,0.005364097288559,0.221471085311191,0.0046292894408112,0.0255713131016239,0.0,0.0432801822323462,0.0864134028951429,0.0,0.0451172018517158,0.0010287309868469,0.0,0.0739951502682049,7.34807847747814e-05,0.0027922698214416,0.0,0.0079359247556763,0.0039679623778381,0.0332133147182012,0.0,0.007054155338379,0.0027922698214416,0.0029392313909912,0.345433169226247
3113022,0.0098209127671866,0.403523974581167,0.0029751588677065,0.0555170421721548,8.66551126516465e-05,0.0614095898324668,0.0001155401502021,0.0,0.0022530329289428,0.0160600808781051,0.0017619872905834,0.0231369150779896,0.0096764875794338,0.0036683997689197,0.127700751010976,0.0808492201039861,0.0126227614095898,0.0353264009243212,0.0132004621606008,0.0003466204506065,0.0418833044482958,0.0013864818024263,0.0,0.008578856152513,0.0143269786250722,0.0036683997689197,0.0239745811669555,2.88850375505488e-05,0.0002021952628538,0.006528018486424,0.0
3113030,0.0120749457032643,0.356753865603423,0.0050406820318324,0.0328616810917696,6.48319232390029e-05,0.0207462154364809,0.0001377678368828,2.43119712146261e-05,0.000907646925346,0.196270543615676,0.0078041427598949,0.009035949301436,0.0203977438490713,0.0059645369379882,0.0475217997341891,0.038688450192875,0.0123991053194593,0.0081201983856851,0.0107783072384842,0.0019125417355505,7.29359136438783e-05,0.0050406820318324,0.0009238549061557,0.0172614995623845,0.0179179227851794,0.0294823170929366,0.0527812895069532,0.0040519952024376,0.0024555090926772,0.0028445006321112,8.10399040487536e-06
3000139,0.0001498726082829,0.0003996602887545,0.0,0.0,0.0044462207123944,0.0,0.0077434180946195,0.0,0.0014487685467352,0.0001998301443772,0.0,0.0,0.0,0.0,0.0158864964779937,0.0,0.100914222910526,0.0,0.0,0.0535544786931109,0.0,0.0953189788679622,0.0,0.0001498726082829,0.0,0.0,0.0,0.35584752959984,0.160463605934955,0.0,0.0
3101020,0.189971196648337,0.0001309243257397,0.0,0.0,8.72828838264816e-05,0.0,0.0061970847516802,0.0105612289430043,0.0044950685170638,0.0268394867766431,0.0046696342847167,0.0,0.0,0.0,0.0218207209566204,0.0,0.0013965261412237,0.0,8.72828838264816e-05,0.318058828663699,0.0003054900933926,0.0088592127083878,4.36414419132408e-05,0.0003927729772191,0.0247010561228943,0.0,0.0,0.123330714846819,0.23404905298071,4.36414419132408e-05,8.72828838264816e-05
3101199,0.0917402269861286,0.0,0.0,0.0,0.0001576292559899,0.0,0.0012610340479192,0.0012610340479192,0.0012610340479192,0.0211223203026482,0.0018915510718789,0.0,0.0,0.0192307692307692,0.0067780580075662,0.0001576292559899,0.005359394703657,0.0,0.0,0.269073139974779,0.0001576292559899,0.0042559899117276,0.0,0.0,0.0671500630517024,0.0,0.203499369482976,0.146752837326608,0.0654161412358134,0.0028373266078184,0.0
3101202,0.243740467717336,0.0003812913065582,0.0,0.0,0.0002859684799186,6.35485510930351e-05,0.0063548551093035,0.0003495170310116,0.0013345195729537,0.102630910015252,0.0040671072699542,3.17742755465175e-05,0.0030503304524656,0.0112480935434672,0.0940836298932384,0.0,0.0053063040162684,3.17742755465175e-05,9.53228266395526e-05,0.0665035587188612,0.0,0.0622775800711744,3.17742755465175e-05,0.005592272496187,0.0231952211489578,0.0059417895271987,0.179619979664464,0.0027325876970005,0.0609748347737672,0.0054969496695475,0.0
3107391,0.178135489777235,7.62892889838267e-05,0.0,0.0,0.0,0.0,0.0002288678669514,0.0,0.0001525785779676,0.119545315837656,0.0074000610314311,0.0104516325907843,0.0,0.0335672871528837,0.0167836435764419,0.1443393347574,0.003509307293256,7.62892889838267e-05,0.0025938358254501,0.212007934086054,0.000839182178822,0.0165547757094904,0.0,0.0009154714678059,0.0060268538297223,0.0079340860543179,0.0041959108941104,0.0003814464449191,0.187137625877327,0.0003051571559353,0.0
3107394,0.289809068833622,0.17801196692431,6.34850096021077e-05,0.0,0.00030155379561,0.0,0.0182678115130065,0.0079991112098655,0.0039995556049327,0.0299331820273938,0.0009840176488326,0.0038091005761264,0.002952052946498,0.0118558255431936,0.0371863443744346,0.0357420604059866,0.0350278540479629,0.0282508292729379,0.0018410652784611,0.0509149777008904,0.0030155379561001,0.0428523814814227,3.17425048010539e-05,0.0006507213484216,0.0288221943593569,0.046867808338756,0.052137064135731,0.0103163140603425,0.0313457234910407,0.0001587125240052,1.58712524005269e-05
3114495,0.116505102693301,0.247154513134,0.0004092385605033,0.0,0.0001023096401258,0.0,0.0003069289203775,0.0003325063304089,0.0011509834514157,0.122822722971072,0.0143745044376806,0.00578049466711,0.005447988336701,0.0126863953756043,0.103614088037445,0.0107936670332762,0.0076220681893751,0.0020717702125482,0.0294651763562422,0.0012021382714786,2.55774100314602e-05,0.0081847712100672,2.55774100314602e-05,0.0032739084840269,0.0218175307568356,0.0196946057242244,0.122234442540348,0.02312197866844,0.0769112719646009,0.008338235670256,0.0060362687674246
3108761,0.139292262559589,0.284946828016135,0.0002933626696002,1.83351668500183e-05,1.83351668500183e-05,1.83351668500183e-05,0.0003667033370003,0.0059405940594059,0.0004950495049504,0.147524752475248,0.0046387972130546,0.0082691602493582,0.0031903190319031,0.0056105610561056,0.103392005867253,0.003043637697103,0.0036486982031536,0.0003667033370003,0.0025119178584525,0.0347451411807847,5.5005500550055e-05,0.0032086541987532,0.0145947928126146,0.0028969563623029,0.0014301430143014,0.0296662999633297,0.166171617161716,0.0001833516685001,0.0005317198386505,0.0071507150715071,0.0030986431976531
3108770,0.112220903410745,0.212953217029091,8.95796475040871e-05,0.0,0.0,0.0,0.0001791592950081,6.71847356280653e-05,0.0030457080151389,0.0775535798266634,0.0055987279690054,0.0103464492867221,0.0317335901283228,0.0057107025283855,0.0469845251158937,0.0580924014064005,0.0166170246120082,0.0176695854701812,0.0169977381139005,0.0013212998006852,0.0432893646563501,0.0071663718003269,0.0186101717689741,0.0053523839383692,0.0101672899917139,0.0131906030949768,0.0985376122544958,4.47898237520435e-05,2.23949118760218e-05,0.0034264215170313,0.0016124336550735
3000102,0.0507807196198235,0.287902240325866,0.0786150712830957,5.43109300746775e-05,0.0,0.0,0.0,0.0006517311608961,0.0278071961982349,5.43109300746775e-05,0.0,0.0,0.0,0.0,0.0,0.0,0.0,5.43109300746775e-05,5.43109300746775e-05,0.0,2.71554650373388e-05,0.0027970128988458,0.0,0.0,5.43109300746775e-05,0.0,0.0,0.0741615750169722,0.262484725050917,0.0,0.0
3101070,0.0133335823264673,0.344245457431511,0.0845020448561131,1.86744850510747e-05,0.0,0.0,0.0,0.0006722814618386,0.011484808306411,0.194121272105922,0.0076565388709406,0.0,3.73489701021494e-05,0.0510373676445872,0.0013819118937795,1.86744850510747e-05,0.0007283049169919,0.0001493958804085,0.0001493958804085,0.0043324805318493,1.86744850510747e-05,1.86744850510747e-05,0.0,3.73489701021494e-05,3.73489701021494e-05,0.0,0.0,0.0908513697734785,0.192496591906478,0.0,0.0001493958804085
3101295,3.33155650319829e-05,0.359774786780384,0.11643789978678,0.0,0.0,0.0,3.33155650319829e-05,0.0,0.0004664179104477,0.0013992537313432,0.0,0.0,0.0,0.0,0.0,0.0,0.0054637526652452,0.0,0.0,0.0383128997867804,0.0008662046908315,0.0,0.0,0.0,0.0,0.0,0.0,0.0813232942430704,0.159981343283582,0.0246535181236674,0.0
3101298,0.0,0.844207723035952,0.0051360091306829,0.0,0.0,0.0,0.0001902225603956,0.0,0.0017120030435609,0.0007608902415826,0.0,0.0,0.0,0.0011413353623739,0.0,0.0,0.0,0.0,0.0,0.0001902225603956,0.0,0.0,0.0,0.0,0.0,0.0,0.0,0.0001902225603956,0.102910405174054,0.0005706676811869,0.0
3107544,8.56824608002742e-05,0.565332876360209,0.0039413931968126,0.000342729843201,0.0,0.0,0.0016279667552052,0.0,0.0034272984320109,0.0359866335361152,0.0004284123040013,8.56824608002742e-05,0.0,0.0107959900608345,0.0838831291234684,0.0,0.0085682460800274,8.56824608002742e-05,8.56824608002742e-05,0.0030845685888098,0.0145660183360466,0.0022277439808071,0.0,0.000942507068803,0.0026561562848085,0.0113100848256362,0.0,0.0234769942592751,0.0155085254048496,0.0532088081569703,8.56824608002742e-05
3107547,0.005288673424416,0.558043190832966,0.0027324812692816,0.0,0.0,0.0,0.0006170118995152,0.0,0.0007051564565888,0.228911414720141,0.0006170118995152,0.0,0.0,0.0157778757161745,0.0613486117232261,0.0011458792419568,0.0318201851035699,0.0023799030409872,0.0104892022917585,0.0005288673424416,0.0011458792419568,0.0029087703834288,0.0,0.001322168356104,0.0038783605112384,0.0111062141912737,0.0,0.0156897311591009,0.0076685764654032,0.003966505068312,0.0
3000095,0.0,0.0001463700234192,0.0,0.0,0.0,0.0,0.0,0.0001463700234192,0.0062939110070257,0.166861826697892,0.0052693208430913,0.0001463700234192,0.0,0.141100702576112,0.0010245901639344,0.0,0.0,0.0,0.0,0.055327868852459,0.0,0.0,0.0,0.0,0.0,0.0,0.0,0.408518735362998,0.199941451990632,0.0117096018735363,0.0
3101088,0.0001328727079457,0.587430241828328,0.0001328727079457,6.6436353972894e-05,0.0,0.0,0.0,0.0,0.0006643635397289,0.0180042519266543,0.0006643635397289,0.0,0.0,0.0158118522455488,0.001195854371512,0.0,0.0,0.0,0.0,0.0577331916024449,0.0,0.0,0.0,0.0,6.6436353972894e-05,0.0,0.0,0.201036407121977,0.0904863141110816,0.0223890512888653,0.0
3105619,0.0,0.593761545363382,0.01720589011453,0.0433313981105188,0.0002111152161292,0.0,0.0004222304322584,0.0,0.0013722489048398,0.0509315458911701,0.0009500184725814,0.0,0.0,0.0168364384863039,0.0331450889322848,0.0,0.0,0.0,0.0,0.0710930490315089,0.0,0.0002638940201615,0.0,0.0,0.0,0.0,0.0287644481976038,0.0355201351137383,0.0676624267694094,0.0127724705758168,0.0
3105620,0.0011531365313653,0.489544895448954,0.0689575645756458,0.0318265682656827,0.001230012300123,0.0,0.0001537515375153,0.0,0.0006150061500615,0.0694956949569496,0.0019987699876998,0.0,0.0,0.0295971709717097,0.041589790897909,0.0,0.0,0.000230627306273,0.0,0.0503536285362854,0.0,0.0043819188191881,0.0,0.0,7.68757687576876e-05,0.0172970479704797,0.0528136531365314,0.0335178351783518,0.0688038130381304,0.0054581795817958,0.0
3101034,0.0728530728530729,5.08750508750509e-05,0.0,1.27187627187627e-05,3.81562881562882e-05,0.0,0.0019586894586894,0.0,0.0009539072039072,0.0430784493284493,1.27187627187627e-05,1.27187627187627e-05,0.0,0.0037265974765974,3.81562881562882e-05,0.0,0.157865282865283,0.0,1.27187627187627e-05,0.003319597069597,1.27187627187627e-05,0.0034213471713471,0.0,0.0019841269841269,2.54375254375254e-05,0.0,0.0,0.0044770044770044,0.282153032153032,2.54375254375254e-05,0.0
3107469,0.0289759631215015,0.0001646361540994,0.0,0.0,0.0004939084622983,0.0,0.0003292723081988,0.0,0.0009878169245966,0.0595982877839974,0.0003292723081988,0.0263417846559104,0.0656898254856767,0.0266710569641093,0.474152123806388,0.0,0.0214027000329272,0.001152453078696,0.0,0.0225551531116233,0.0,0.0210734277247283,0.0,0.0115245307869608,0.0600921962462957,0.0095488969377675,0.0,0.0098781692459664,0.0055976292393809,0.034408956206783,0.0
3107470,0.0329798053174488,0.0026151387476391,0.0,0.0002905709719599,0.0001452854859799,0.0,0.0004358564579398,0.0,0.0001452854859799,0.107801830597123,0.0002905709719599,0.0817957286067122,0.123202092110998,0.0183059712334738,0.152404474792968,0.0,0.0579689089060003,0.0127851227662357,0.0380647973267471,0.198024117390673,0.0,0.0068284178410576,0.0001452854859799,0.0200493970652332,0.0165625454017144,0.0081359872148772,0.0,0.0476536394014238,0.0222286793549324,0.0164172599157344,0.0
3107471,0.0230853792598021,0.0009771589104678,0.0,0.0001221448638084,0.0002442897276169,0.0,0.0004885794552339,0.0,0.0015878832295102,0.0513008427995603,0.0003664345914254,0.0043972150971051,0.0771955539269574,0.0127030658360816,0.499206058385245,0.0,0.0333455478197142,0.005130084279956,0.0614388664956639,0.0381091975082448,0.0,0.0058629534628068,0.0001221448638084,0.0127030658360816,0.047636496885306,0.0067179675094662,0.0,0.0224746549407597,0.0117259069256138,0.0113594723341883,0.0001221448638084
3102544,8.79584835957428e-05,0.455361069575161,0.0,0.0,8.79584835957428e-05,0.0,0.0007916263523616,0.0,0.0024628375406808,0.0954789339431788,0.0030345676840531,0.0,0.0,0.0682118040284986,0.0002638754507872,0.0,0.0028586507168616,0.0,8.79584835957428e-05,0.137962881519923,0.0,0.001011522561351,0.0,0.0007476471105638,0.001011522561351,0.0,0.0,0.120151288591785,0.0796024276541472,0.0017591696719148,0.0
3101475,0.0029499975416687,0.153940705049412,0.0,4.91666256944786e-05,4.91666256944786e-05,0.0,0.0005899995083337,0.0,0.0006391661340282,0.0422832980972516,4.91666256944786e-05,0.0736024386646345,0.0,0.0043266630611141,0.0095874920104233,0.194994837504302,0.0077683268597276,0.0003441663798613,0.0016716652736122,0.0377599685333596,4.91666256944786e-05,0.0145533212055657,0.0,0.001130832390973,0.0445941295048921,0.0029008309159742,4.91666256944786e-05,0.0001474998770834,0.271104774079355,0.0157333202222331,0.0
3101478,0.028251758490474,0.403796997297446,6.10057406401942e-06,6.10057406401942e-06,0.0,6.10057406401942e-06,9.76091850243108e-05,8.54080368962719e-05,0.0015251435160048,0.0630128295072566,0.0029465772729213,0.0618476198610289,0.0189849864872284,0.002208407811175,0.0908924529798254,0.172957375289015,0.0168680872870137,0.0134517658111628,0.0077538296353686,0.0255431036060493,1.22011481280388e-05,0.0014214337569165,0.0,0.0013116234237641,0.0250489571068638,0.0041971949560453,1.83017221920583e-05,0.0045388271036304,0.0193022163385575,0.0125915848681361,6.10057406401942e-06
3000044,0.0626278367585468,0.63407032239213,0.0009739943508327,0.0001947988701665,0.0,0.0,0.0,0.0,0.0002921983052498,0.0008765949157494,0.0,0.0,0.0,0.0,9.73994350832765e-05,0.0,0.0,0.0,0.0,0.0002921983052498,0.0,0.0,0.0,0.0,0.0002921983052498,0.0,0.0,0.115613129443849,0.0726599785721243,0.0029219830524983,0.0
3102582,0.305582445950307,0.242121114337958,0.0002151231580079,0.0002151231580079,0.0012907389480477,0.0,0.0020436700010756,0.004947832634183,0.0012907389480477,0.0019361084220716,0.0,0.0001075615790039,0.0,0.0025814778960955,0.0,0.0,0.0,0.0,0.0,0.0121544584274497,0.0002151231580079,0.0,0.0,0.0,0.0004302463160159,0.0,0.0,0.0647520705603958,0.0523824889749381,0.0102183500053781,0.0
3105612,0.0117891059927955,0.0028381181093767,0.0,0.0001091583888221,0.0004366335552887,0.0,0.0004366335552887,0.0,0.0646217661827311,0.166029909398537,0.0045846523305316,0.0,0.0,0.0602554306298439,0.0021831677764436,0.0,0.0,0.0,0.0,0.125204671979042,0.0002183167776443,0.0151730160462832,0.0,0.0001091583888221,0.0,0.0525051850234691,0.0,0.0670232507368191,0.122366553869665,0.216024451479096,0.0
3105615,0.139948345245961,0.149138086371554,0.0001801910024626,0.000120127334975,0.0,6.00636674875368e-05,0.0021022283620637,0.0001801910024626,0.001681782689651,0.0884137185416542,0.0026428013694516,0.051474563036819,0.0,0.029431197068893,0.0727371013274071,0.000120127334975,0.0009610186798005,0.0005405730073878,0.000120127334975,0.175926482070995,6.00636674875368e-05,0.0002402546699501,0.0,0.0003003183374376,0.0027629287044266,0.0325545077782449,0.0002402546699501,0.0473902336476665,0.0810859511081747,0.0040242657216649,0.0
3107837,0.0372477620998331,0.303899256561978,7.58610226065847e-05,0.000531027158246,0.0001517220452131,0.0,0.0,0.0,0.0088757396449704,0.34896070399029,0.0091791837353967,0.0099377939614626,0.0,0.0065999089667728,0.051888939462904,0.0025034137460173,0.0065240479441662,0.0002275830678197,0.0012137763617053,0.008572295554544,0.0,0.0059171597633136,0.0,0.0016689424973448,0.0072826581702321,0.0119860415718404,0.143377332726445,0.0003793051130329,0.000531027158246,0.0164618419056289,0.0
3107840,0.0128669079211902,0.33232810615199,0.0095496582227583,0.0,0.0001005227181342,0.0,0.0,0.0003015681544028,0.0010052271813429,0.3402694008846,0.0061318858061922,0.0307599517490953,0.0,0.0071371129875351,0.0761962203457981,0.0023120225170888,0.0022114997989545,0.0105548854041013,0.0023120225170888,0.00070365902694,0.0,0.0093486127864897,0.0,0.0018094089264173,0.0028146361077603,0.0063329312424608,0.113590671491757,0.0,0.0001005227181342,0.0055287494973864,0.010454362685967
3114796,0.0325565455791638,0.412464506021737,0.0764222069910898,0.0085185547831195,0.0,0.0004895721139723,0.0,0.0,0.0013218447077254,0.25815137569764,0.0053852932536962,0.0006364437481641,0.0011260158621364,0.0049936355625183,0.0786252815039655,0.0016645451875061,0.0138548908254186,0.0015176735533144,0.0031332615294232,0.0082248115147361,0.0,0.0037697052775873,0.0,0.0028395182610398,0.0088122980515029,0.0017135023989033,0.0563007931068246,0.0,0.0,0.0016155879761088,0.0093018701654753
3114799,0.348198081410423,0.0021065595022037,9.72258231786362e-05,3.24086077262121e-05,0.0139357013222712,0.0005833549390718,0.0010370754472387,3.24086077262121e-05,0.0196072076743583,0.305451127819549,0.0246305418719212,0.0002916774695359,0.0024954627949183,0.0244684988332901,0.0306261343012704,0.0025926886180969,0.0002916774695359,0.0119587762509723,0.0513028260305937,0.0003240860772621,0.0178895514648691,0.000615763546798,0.0002268602540834,0.017727508426238,0.0432654913144931,0.0199637023593466,0.0001296344309048,3.24086077262121e-05,0.000162043038631,0.0002592688618096,0.0001944516463572
3108516,0.0198901569546268,0.365265915904568,0.0481948958254604,0.0001637568336986,2.51933590305595e-05,0.0009195576046154,7.55800770916786e-05,0.001624971657471,0.0055047489481772,0.276031038218326,0.0063865165142468,0.0010329277202529,8.81767566069584e-05,0.0266797672133626,0.0415438490413927,0.0012344745924974,0.0166654069987151,0.0071801073237094,0.0009195576046154,0.0248784420426775,3.77900385458393e-05,0.0007809941299473,0.0,0.0025949159801476,0.0104174539591364,0.0376892651097171,0.0723931171743128,7.55800770916786e-05,7.55800770916786e-05,0.0151034187388204,0.0
3000052,0.194834710743802,0.566735537190083,0.0035123966942148,0.0,0.0004132231404958,0.0002066115702479,0.0004132231404958,0.0,0.0076446280991735,0.0002066115702479,0.0002066115702479,0.0002066115702479,0.0,0.0,0.003099173553719,0.0,0.0,0.0,0.0,0.0274793388429752,0.0,0.0119834710743802,0.0,0.0,0.0,0.0,0.0,0.0004132231404958,0.101239669421488,0.0002066115702479,0.0
3102615,0.0003036990544836,0.000172096130874,0.0,0.0,0.0003543155635642,0.0,6.07398108967221e-05,0.0,0.0001822194326901,0.0005770282035188,1.01233018161203e-05,1.01233018161203e-05,0.0,1.01233018161203e-05,5.06165090806017e-05,0.0,2.02466036322407e-05,0.0,0.0,0.127796562126703,1.01233018161203e-05,0.0,3.0369905448361e-05,0.0,1.01233018161203e-05,0.0,5.06165090806017e-05,0.000425178676277,0.389554777186127,0.11791621955417,0.0
3105689,0.0124552612741589,4.77213075638273e-05,0.0,0.0,0.0,0.0,0.0020042949176807,0.0,0.0021713194941541,0.287592460033405,0.0061560486757337,0.0,0.0069195895967549,0.0,0.190408017179671,0.009663564781675,0.0194702934860415,0.0007874015748031,0.0110713433548079,0.0160820806490098,9.54426151276545e-05,0.0085898353614889,0.0001193032689095,0.0098783106657122,0.0780720591744214,0.0205917442137915,0.166165592937246,0.0009544261512765,0.0020042949176807,0.0477451682176092,0.0
3105691,0.0215406406624537,0.0007463499673131,0.0,0.0001035083896273,0.002598605360645,5.44780998038788e-06,0.0007245587273915,0.0,0.0017487470037045,0.274319023752452,0.0011113532359991,1.63434299411637e-05,0.0,0.0030562213989976,0.254576160383526,0.005660274569623,0.0982621486162563,1.08956199607758e-05,0.0039006319459577,0.0064883416866419,6.53737197646546e-05,2.17912399215515e-05,4.9030289823491e-05,0.0049411636522118,0.0028001743299193,0.0850675528437568,0.166250817171497,0.0005774678579211,0.0045325779036827,0.0026149487905861,0.0
3107812,0.0209381000274298,0.0003657310048459,0.0,9.1432751211484e-05,0.0010971930145378,0.0,0.0004571637560574,0.0,0.0050288013166316,0.582060894212307,0.0033830117948249,0.0,0.0,0.0149035384474719,0.0284355856267715,0.0042059065557282,0.0388589192648807,0.0001828655024229,0.0018286550242296,0.0013714912681722,0.0,0.0007314620096918,0.0266983633537533,0.0302642406510012,0.0101490353844747,0.0159092987107982,0.161104507634635,0.0013714912681722,0.0078632166041876,0.0044802048093627,0.0
3107815,0.0099099579093185,0.0,0.0,0.0,5.32793435984869e-05,0.0,0.0002131173743939,0.0005860727795833,0.0025041291491288,0.527891736373808,0.012041131653258,0.0172092279823113,0.0047418615802653,0.0171559486387128,0.0464595876178805,0.0029836432415152,0.0390004795140924,0.0004262347487878,0.0009057488411742,0.0062869625446214,0.0,0.0003196760615909,0.0155575683307582,0.0320741648462891,0.0156108476743567,0.0150780542383718,0.192231871703341,0.0002131173743939,0.0002131173743939,0.0146518194895839,0.0
3113179,6.78357019299257e-05,5.08767764474443e-05,0.0,1.69589254824814e-05,0.0,0.314435437370688,0.0001526303293423,0.0,0.0021198656853101,0.439490553878506,0.0001695892548248,3.39178509649629e-05,1.69589254824814e-05,0.0171115558118238,0.0442288776583116,0.0026455923752671,0.0057660346640436,0.0022385781636875,0.0059525828443509,0.014618593765899,0.0005766034664043,0.0,0.0,0.0225384119662178,0.0070040362242648,0.055269138147407,5.08767764474443e-05,0.0007631516467116,0.0049859240918495,0.0129227012176509,0.0105654105755859
3102657,0.169257086999022,0.563636363636364,0.0077712609970674,0.080791788856305,0.0,0.0041055718475073,0.0,0.0024437927663734,0.0024926686217008,0.001466275659824,0.0002443792766373,0.0,4.88758553274682e-05,0.0010752688172043,0.0035190615835777,4.88758553274682e-05,4.88758553274682e-05,0.0001955034213098,0.0,0.0028836754643206,0.004496578690127,0.0,0.0039100684261974,0.0,0.0,0.0006842619745845,0.0,0.0730205278592375,0.0325513196480938,0.0127077223851417,0.0
3105787,0.060405723600797,0.401104872305742,0.107453359898569,0.0057960514399565,0.0,9.05633037493208e-05,4.52816518746604e-05,0.0008150697337438,0.0011773229487411,0.0065205578699511,4.52816518746604e-05,0.0,0.0,0.001720702771237,0.001856547726861,0.0,4.52816518746604e-05,0.0,0.0,0.158576344865061,0.0,0.0192447020467307,0.0049357000543379,0.0,0.0,0.0095544285455533,4.52816518746604e-05,0.0228672341967035,0.0396214453903278,0.040662923383445,0.0
3105790,0.0777863777089783,0.122910216718266,0.0234520123839009,0.0124613003095975,0.0,0.0017801857585139,0.0001547987616099,0.0,0.0009287925696594,0.209287925696594,0.0045665634674922,0.174148606811146,0.0001547987616099,0.0103715170278638,0.0407894736842105,0.0697368421052632,0.0054179566563467,0.0022445820433436,0.0368421052631579,0.0154024767801858,0.0023993808049535,0.0588235294117647,0.0003095975232198,0.0051857585139318,0.0071207430340557,0.0188854489164087,0.0,0.0097523219814241,0.0255417956656347,0.0362229102167183,0.0
3114826,0.207639488021935,0.0035100989209695,4.7274059541678e-05,3.54555446562585e-05,0.0420384574474372,0.0003072813870209,0.0023873400068547,7.0911089312517e-05,0.105527519411911,0.25115525983005,0.0410575207119473,0.0011227589141148,0.0023518844621984,0.0286717171120277,0.0328554713814662,0.0036164655549383,0.0006381998038126,0.0142885844964722,0.0262134660158604,0.0013473106969378,0.0244879628425892,0.0070201978419391,0.051895098861877,0.0123739850850342,0.0749057473437888,0.0450994528027608,0.0002954628721354,4.7274059541678e-05,4.7274059541678e-05,0.0007800219824376,5.90925744270975e-05
3113334,0.0056507997318264,0.321185710181017,0.0061775691983526,0.0124030265300259,9.57762666411263e-05,0.0134086773297577,4.78881333205632e-05,0.0,0.0003352169332439,0.0452542859879322,0.0024422947993487,0.0036394981323628,0.0099607317306771,0.0026817354659515,0.130543051431855,0.0339047983909587,0.0408964658557609,0.0502346518532708,0.0239919547936021,0.0006704338664878,0.0346710085240877,0.0020591897327842,0.0,0.0161383009290298,0.0037831625323244,0.0017239727995402,0.0487980078536539,0.0003352169332439,0.0007183219998084,0.0008619863997701,0.0122114739967436
3101027,0.0601300827397018,0.757820450422548,0.0036502809610194,2.21229149152692e-05,0.0,0.0,0.0018362019379673,0.0014601123844077,0.0090261492854298,2.21229149152692e-05,0.0,0.0,0.0,4.42458298305385e-05,0.0001106145745763,2.21229149152692e-05,0.00780938896509,0.0,0.0,0.0047343037918676,2.21229149152692e-05,2.21229149152692e-05,0.0,0.0,0.0,0.0128312906508562,2.21229149152692e-05,4.42458298305385e-05,0.091124286535994,0.0259280562806955,2.21229149152692e-05
3102672,0.0168114225555994,0.795565205948151,0.004243979470983,3.28990656665351e-05,0.0,0.0,3.28990656665351e-05,0.000559284116331,0.0003289906566653,0.0001315962626661,0.0,3.28990656665351e-05,3.28990656665351e-05,0.0,0.0001315962626661,0.0,0.0120081589682853,0.0002302934596657,0.0,0.000493485984998,0.0,0.0,3.28990656665351e-05,0.0,0.0,0.0077312804316357,0.0,0.097578628766943,0.0520134228187919,0.001480457954994,0.0
3105892,0.0792092522861754,0.607383001613771,0.0062533620225927,0.0011430876815492,0.0,0.0,0.000403442711135,0.0,0.0019499731038192,0.0113636363636364,0.0010758472296933,0.0357046799354492,0.000403442711135,0.0066568047337278,0.0929935449166218,0.0,0.0115653577192039,0.0005379236148466,0.0010758472296933,0.0272996234534696,0.0,0.0037654653039268,0.0,0.0021516944593867,0.0067912856374394,0.0041689080150618,0.0002689618074233,0.0012775685852608,0.0037654653039268,0.061659494351802,0.0
3114878,0.0038843556922756,0.386232696368518,0.0083487577882635,0.0002150733856461,9.12432545165411e-05,0.0048945488672801,0.0005930811543575,1.30347506452202e-05,0.0199757553637999,0.0851169217132876,0.0115292369456972,0.0224523579863917,0.0453478974947209,0.0114184415652129,0.0293151542011001,0.0662817070309445,0.0096066112255272,0.0707265570009646,0.0107601866576292,0.0016684480825881,0.0110730206731145,0.0070322479730962,6.51737532261008e-06,0.0130347506452202,0.0175447743684663,0.0268841732057666,0.0686018926457937,2.60695012904403e-05,0.00014989963242,0.0042232592090513,0.0503532417424855
3113354,0.0514315103720213,0.099262815018001,0.0001714383679067,0.0056574661409223,0.0,0.0159437682153266,0.0006857534716269,0.0,0.003257328990228,0.0836619235384879,0.0061717812446425,0.0644608263329333,0.047659866278073,0.0024001371506943,0.154294531116064,0.14555117435282,0.0044573975655751,0.0142293845362592,0.0846905537459283,0.0005143151037202,0.0461169209669124,0.0120006857534716,0.0,0.0102863020744043,0.009086233499057,0.0048002743013886,0.0406308931938968,0.0,0.0001714383679067,0.0301731527515858,0.0
3102749,0.242342473745624,0.452061454686892,0.003281796966161,0.0,0.0,0.0007049786075457,0.0014585764294049,0.0189128743679502,0.0095293660054453,0.0072928821470245,0.0038652275379229,2.43096071567483e-05,4.86192143134967e-05,2.43096071567483e-05,0.0062232594321275,0.0,0.0035978218591987,0.0,2.43096071567483e-05,0.0408158304161805,0.0002187864644107,0.0057856865033061,0.0,0.0,0.0362699338778685,0.0,2.43096071567483e-05,0.112286075457021,0.051390509529366,0.0016773628938156,0.0
3102752,0.0683098591549296,0.506866197183099,0.011443661971831,0.0,0.0001760563380281,0.0302816901408451,0.0,0.0001760563380281,0.0001760563380281,0.0089788732394366,0.0022887323943662,0.0,0.0,0.004225352112676,0.001056338028169,0.0411971830985915,0.003169014084507,0.0,0.0012323943661971,0.0876760563380282,0.0154929577464789,0.0024647887323943,0.023943661971831,0.0005281690140845,0.0014084507042253,0.0007042253521126,0.142781690140845,0.0107394366197183,0.0133802816901408,0.0026408450704225,0.0
3105955,0.0548464599444403,0.550454238306179,0.0051805691117951,0.0,0.0,0.0,7.50807117651475e-05,7.50807117651475e-05,0.0003754035588257,0.0743674450033786,0.0052931901794429,0.0096103311059388,0.0004504842705908,0.007395450108867,0.0486523012238156,0.0614160222238907,0.0008634281852991,0.0003378632029431,0.0047676251970868,0.0006006456941211,7.50807117651475e-05,0.0296944215031158,0.0062692394323898,0.0018770177941286,0.0192582025677603,0.0049553269764997,0.059539004429762,0.0039792777235528,0.0301449057737067,0.0110368646294767,0.0
3113510,0.0060630557801131,0.674939369442199,0.0021018593371059,0.0001616814874696,8.08407437348424e-05,0.0067097817299919,0.0,8.08407437348424e-05,0.0004042037186742,0.160388035569927,0.0013742926434923,0.0014551333872271,0.0004042037186742,0.0014551333872271,0.0443007275666936,0.0021827000808407,0.0011317704122877,0.0021018593371059,0.0019401778496362,8.08407437348424e-05,0.0,0.0031527890056588,0.0008084074373484,0.0050121261115602,0.0062247372675828,0.0002425222312045,0.0130962004850445,0.0011317704122877,0.0011317704122877,0.0011317704122877,0.0
3114880,0.0955450899832818,0.244544729394539,0.0024585596118753,0.0005135657855917,0.0011364008872668,0.0483407454352743,0.0001201962476916,0.0003168810166417,0.0017920167837669,0.0665231596315439,0.008774326081493,0.0074521673568845,0.0087196914234513,0.0051028770610924,0.0828698493176131,0.109629904826426,0.0040648185583006,0.0625129757312849,0.0136149567839855,0.0002076117005583,0.01050078127561,0.0403750122927981,0.0027863675601254,0.0161827857119442,0.0115716205732268,0.0164341051389359,0.040014423549723,0.0004480041959417,0.0029393446026421,0.0108722969502934,0.0345837385403805
3114882,0.0127813995311346,0.533222004560198,0.0035967757474549,3.2114069173705e-05,0.0047528822377083,0.005876874658788,3.2114069173705e-05,6.422813834741e-05,0.0005138251067792,0.0623012941969877,0.0076431484633417,0.104595523298757,0.0131025402228716,0.0095057644754166,0.0791611805131828,0.060631362599955,0.0024406692572015,0.0149651562349465,0.0067118404573043,0.0,0.0011239924210796,0.0046886540993609,0.0004174828992581,0.0247920614021003,0.0139696200905617,0.0175342817688429,0.0087350268152477,9.6342207521115e-05,0.0001926844150422,9.6342207521115e-05,0.0007707376601689
3108879,0.0292611739098172,0.331055677855005,0.0037782284993445,0.0543174453981053,6.80204803482649e-05,0.0725036483712187,8.03878404115857e-05,6.18368003166044e-06,0.0041430656212125,0.0357911400232506,0.0030609216156719,0.008885948205496,0.0216799821910015,0.0046686784239036,0.043724801503871,0.104133171733162,0.0202948378639096,0.0256808231714858,0.043669148383586,0.0009399193648123,0.0353273640208761,0.0130784832669618,0.0005256128026911,0.0216119617106532,0.0123920947834475,0.0216985332310965,0.0536805263548443,0.0,1.23673600633209e-05,0.0191199386578941,0.0054972915481461
3108887,0.0027557140541416,0.667369103582428,0.004538823147998,0.0,0.0,0.0184794942454207,0.0,0.0,0.0,0.0272329388879883,0.0012968066137137,0.0084292429891392,0.0077808396822823,0.0034041173609985,0.0536553736424056,0.0726211703679689,0.004538823147998,0.0210731074728481,0.0235046198735614,0.0001621008267142,0.0001621008267142,0.0021073107472848,0.0,0.0586804992705463,0.0092397471227103,0.0014589074404279,0.0047009239747122,0.0,0.0,0.0001621008267142,0.0032420165342843
3101084,0.967405475880052,0.0057366362451108,0.0,0.0,0.0,0.0,0.0,0.0010430247718383,0.0057366362451108,0.001825293350717,0.0,0.0007822685788787,0.0,0.0,0.0,0.0002607561929595,0.0,0.0002607561929595,0.0,0.0033898305084745,0.0,0.0,0.0,0.0,0.0020860495436766,0.0,0.0,0.0,0.0015645371577575,0.0005215123859191,0.0
3106061,0.0093495392012822,0.232135701883264,0.210631761720315,0.0,0.0,0.0,0.0,0.0,0.0001335648457326,0.0554294109790303,0.0011353011887271,0.0982369440363296,0.0100173634299452,0.0116201415787365,0.256310938960865,0.0,0.000667824228663,0.0106851876586083,0.0005342593829304,0.0007346066515293,0.0,0.0028716441832509,0.0,0.0092159743555496,0.009082409509817,0.0022038199545879,0.0035394684119139,0.0005342593829304,0.0017363429945238,0.0547615867503673,0.0
3113589,0.0913449407014888,0.400580368407772,0.0619480191773909,0.0001261670451678,0.0,0.0,0.0002523340903356,0.0,0.0002523340903356,0.0243502397173858,0.0045420136260408,0.0073176886197325,0.136134241736059,0.0174110522331567,0.0310370931112793,0.0047943477163764,0.0059298511228867,0.0264950794852385,0.109260661115317,0.005046681806712,0.0132475397426192,0.0060560181680545,0.0001261670451678,0.0109765329295988,0.0084531920262427,0.0036588443098662,0.0191773908655059,0.0011355034065102,0.0013878374968458,0.0005046681806712,0.0
3113593,0.0648959474260679,0.248384446878423,0.0374041621029573,9.58378970427163e-05,0.0,0.0,2.7382256297919e-05,1.36911281489595e-05,0.0006161007667031,0.0734255202628697,0.0058734939759036,0.024329134720701,0.0857475355969332,0.0164156626506024,0.0483844468784228,0.0173740416210296,0.0433187294633078,0.0730284775465498,0.0801478641840088,0.0001916757940854,0.0308187294633078,0.0059008762322015,0.0197562979189485,0.0153340635268346,0.0307092004381161,0.0074479737130339,0.0502601314348302,0.0018072289156626,0.0014101861993428,0.0041484118291347,0.0
3111933,0.0196398920713989,0.274309879618099,0.0454545454545455,0.0,0.0001816106268161,2.59443752594438e-05,0.0,2.59443752594438e-05,0.0015307181403071,0.171777708592777,0.0076535907015359,0.0162152345371523,0.0859537152345372,0.0120641344956413,0.1109900373599,0.0073941469489414,0.0056039850560398,0.0288501452885015,0.0373339559983396,0.0005707762557077,0.0136986301369863,0.0043327106683271,0.0002853881278538,0.0200809464508095,0.0642382731423827,0.0073941469489414,0.0220527189705272,0.0005707762557077,0.001582606890826,0.008950809464508,2.59443752594438e-05
3111936,0.0098451037017589,0.400455062571104,0.0384177824450862,0.000175024065809,0.000175024065809,0.0,0.0,0.0,0.0032379452174674,0.135512382952656,0.0058633062046031,0.0412619235144832,0.0521571716110965,0.0138269011989149,0.0366237857705434,0.0391178787083224,0.0093200315043318,0.0063008663691257,0.0113328082611359,0.0,0.0269974621510458,0.0101951518333771,0.0002625360987135,0.0230156646538899,0.0200840115515883,0.002012776756804,0.0885184212829264,0.0002625360987135,0.0009188763454975,0.0050756979084624,8.75120329045244e-05
3114973,0.0103983263251652,0.358472978851213,0.0079540982248275,6.21413923814653e-05,0.0002071379746048,3.10706961907326e-05,0.0005385587339726,3.10706961907326e-05,0.0131118337924892,0.0644302670008493,0.0037699111378088,0.0504277399175591,0.0369223439733206,0.0556061892826812,0.0766928350974584,0.004919526896866,0.0200509559417528,0.0084719431613397,0.086852952751828,3.10706961907326e-05,0.0215630631563685,0.0036352714543157,0.009290138161029,0.0118897197423204,0.038424094289206,0.052416264473766,0.0212419992957309,0.0003935621517492,0.0014085382273132,0.0002278517720653,1.03568987302442e-05
3114977,0.0081436135749234,0.397942313277777,0.0081547845126119,4.46837507540383e-05,0.000111709376885,3.35128130655287e-05,6.70256261310574e-05,2.23418753770191e-05,0.0008936750150807,0.120579101409772,0.0026475122321767,0.0362273509238365,0.0147121249357671,0.0073839898121048,0.0635626354476195,0.0133157577247034,0.0177059362362877,0.0075068701266784,0.0155834580754709,0.0003574700060323,0.106403181483054,0.003574700060323,2.23418753770191e-05,0.03095466833486,0.0162425433990929,0.0074621863759243,0.0149243727518488,3.35128130655287e-05,4.46837507540383e-05,0.0009383587658348,3.35128130655287e-05
3102504,0.187589998690928,0.486320198978924,0.0037963084173321,0.0,0.0,0.0,0.0028799581097002,0.0,0.001178164681241,0.0001309071868045,0.0,0.0005236287472182,0.0001309071868045,0.0,0.0,0.0,0.0,0.0014399790548501,0.0,0.0074617096478596,0.0001309071868045,0.0007854431208273,0.0,0.0,0.0017017934284592,0.0,0.0001309071868045,0.192695378976306,0.0884932582798796,0.0116507396256054,0.0
3102786,0.0999458756060205,0.609728571922107,0.0034086852378594,3.45474855188457e-05,3.45474855188457e-05,0.0,0.0013588677637412,0.0138535416930571,0.0003339590266821,0.0318873291338945,0.0015891843338669,5.75791425314094e-05,3.45474855188457e-05,0.0275919251010514,0.0315764017642249,0.0,0.0004836647972638,0.0005527597683015,0.0,0.0472955076752997,2.30316570125638e-05,0.0046869422020567,0.0,0.0,0.002740767184495,2.30316570125638e-05,0.0,0.0514296901090549,0.0239759549500789,0.002821377984039,0.0
3106042,0.024743476986221,0.744415127528584,0.0056581647610671,0.0,0.000263852242744,0.0,0.0009967751392553,0.0017296980357666,5.8633831720903e-05,0.0026385224274406,2.93169158604515e-05,0.0,0.0,0.0012313104661389,0.0386690120199355,0.0,0.009029610085019,0.0012606273819994,0.0,0.0895924948695397,0.0001172676634418,0.0011140428026971,0.0,0.0,0.000263852242744,0.0,0.0,0.0171797126942246,0.0394605687481677,0.0,0.0
3106045,0.0771122527052137,0.710842715050825,0.0044267133020002,5.46507815061755e-05,0.0,0.0,0.0010930156301235,0.0021313804787408,0.0,0.0180894086785441,0.0001093015630123,0.0,0.0,0.0046999672095311,0.021805661820964,0.0,0.0102196961416548,0.0069953000327904,0.0015302218821729,0.0743250628483987,0.0,0.0016395234451852,0.0,0.0001093015630123,0.0050278718985681,0.0009837140671111,0.0,0.0118592195868401,0.0260684227784457,5.46507815061755e-05,0.0
3112066,3.19509233816857e-05,0.0570963000830724,0.000702920314397,0.0046328838903444,0.880695252092785,0.0,0.0,0.0,3.19509233816857e-05,0.0042494728097642,0.0004153620039619,3.19509233816857e-05,0.0001278036935267,0.0002236564636718,0.0018531535561377,0.0065179883698638,0.001214135088504,0.0030353377212601,0.0006390184676337,0.0,3.19509233816857e-05,0.0008946258546872,0.0001278036935267,0.0006709693910154,0.0003195092338168,0.0003514601571985,0.0083391910026199,3.19509233816857e-05,9.58527701450572e-05,0.0,3.19509233816857e-05
3112069,0.0058729759207987,0.217851449666199,0.0016899787853726,0.0669039828365275,0.189217695636019,0.0008030395646806,9.58853211558976e-05,0.0,0.0002996416286121,0.0588136588639987,0.0043867534428823,0.0027686886483765,0.0004314839452015,0.0064363021825896,0.0198482614792708,0.061798089484976,0.0196924478323925,0.0908393561300684,0.014490669159685,0.0001558136468783,0.0038473985113803,0.0218378818932557,0.0076348686970383,0.0083779799359965,0.0064482878477341,0.0022293337168746,0.084259225965745,1.19856651444872e-05,5.9928325722436e-05,0.0001558136468783,0.0058010619299318
3114990,0.0090813265223384,0.207086678018325,0.006648828346712,0.0548122922241142,0.23522257358307,0.0420822184383362,0.0,0.0,0.0002432498175626,0.0338928079137274,0.0051082461688153,0.0,0.0009729992702505,0.0047839130787318,0.0173518203194681,0.0245682315738263,0.101678423741182,0.0353523068191032,0.0171085705019055,0.0004864996351252,8.10832725208789e-05,0.0032433309008351,0.0005675829076461,0.0064866618016703,0.0062434119841076,0.0004864996351252,0.0430552177085867,0.0,0.0003243330900835,0.0,0.0385956377199384
3102795,0.362460447164366,0.192287631697903,0.000208630341806,0.000104315170903,0.0057025626760318,0.0,0.0009736082617615,0.0092145067631002,0.0063284537014499,0.009909941235787,0.0009388365381271,0.0012170103272019,0.0002781737890747,0.0010083799853958,0.0046246392433672,3.47717236343406e-05,3.47717236343406e-05,0.0001738586181717,0.0002781737890747,0.106088528808373,0.0005215758545151,0.000208630341806,0.030738203692757,0.0001390868945373,0.0007302061963211,0.0008345213672241,3.47717236343406e-05,0.113216732153413,0.056052018498557,0.0185681004207379,0.0500365103098161
3106117,0.0581823884576178,0.513290990355211,0.0058809691837214,0.0,0.0,0.0,0.0,0.0001568258448992,0.0006273033795969,0.0242295930369325,0.0018819101387908,0.011761938367443,0.0023523876734885,0.0065082725633184,0.0385007449227633,0.0,0.0084685956245589,0.000392064612248,0.0003136516897984,0.0794322904414648,0.0,0.0076060534776131,0.0080765310123108,0.0021955618285893,0.002666039363287,0.0010977809142946,0.0,0.0149768681878774,0.0244648318042813,0.007213988865365,0.0
3106118,0.166098793475219,0.368267136327973,0.0032261781311211,1.09733950038133e-05,0.0001316807400457,0.0,7.13270675247862e-05,0.0,0.0001975211100686,0.115763830592728,0.0059146599070553,0.0025129074558732,0.0020794583532226,0.003873608436346,0.0606280073960682,0.0172940705260097,0.0232745708030879,0.0017118496205948,0.0040107758738937,0.0433613703575681,0.0332713336515618,0.0143422272699839,0.0125974574643776,0.0047020997591339,0.0301384293779731,0.0003072550601067,5.48669750190663e-06,0.0095797738383289,0.0174915916360783,0.0006968105827421,0.0
3106119,0.0005227391531625,0.560085961549631,3.87214187527831e-05,3.87214187527831e-05,0.0,0.0,0.0014326924938529,1.93607093763916e-05,0.0033687634314921,0.0483630520222261,5.80821281291747e-05,0.0,1.93607093763916e-05,0.0004065748969042,0.0,0.0015875781688641,0.0003678534781514,0.0002710499312694,0.0009293140500667,0.0,0.0,0.003117074209599,0.0,0.0041238310971714,0.0,3.87214187527831e-05,0.0,0.10720024781708,0.208514839983737,0.0023039244157905,0.0
3111973,0.0795144612618013,0.38965982316799,0.0019481492582047,0.0088416004795444,0.0002098006893451,0.0018282631500074,0.0001798291622958,0.0,0.0041360707328038,0.114071631949648,0.0072830810729806,0.0043758429491982,0.0027573804885358,0.0061741345721564,0.150876667166192,0.0398021879214746,0.0015585194065637,0.0106398921025026,0.0038962985164094,0.0008392027573804,0.000599430540986,0.006234077626255,0.0015285478795144,0.006533792896748,0.0268544882361756,0.030451071482092,0.0,0.0014386332983665,0.0066836505319946,0.0136370448074329,0.0
3102733,0.522562449637389,0.0060435132957292,0.0006043513295729,0.0005036261079774,0.0,0.0,0.0,0.0001007252215954,0.0112812248186946,0.0142022562449637,0.0010072522159548,0.0001007252215954,0.0001007252215954,0.0133964544721998,0.0005036261079774,0.0,0.0,0.0,0.0,0.0038275584206285,0.0,0.0001007252215954,0.0007050765511684,0.0,0.0001007252215954,0.0013094278807413,0.178384367445608,0.140713134568896,0.0677880741337631,0.0,0.0
3106245,0.0365232163080408,0.285390713476784,0.0348244620611552,0.02519818799547,0.0,0.0,0.0005662514156285,0.0,0.0002831257078142,0.0673839184597961,0.0206681766704417,0.0,0.0,0.0532276330690827,0.113250283125708,0.0,0.0031143827859569,0.0008493771234428,0.0,0.0062287655719139,0.0,0.0014156285390713,0.0,0.0,0.0240656851642129,0.0016987542468856,0.309173272933182,0.0014156285390713,0.0014156285390713,0.0033975084937712,0.0
3106247,0.0116782675947409,0.370862335653519,0.15092807424594,0.0252900232018561,0.0,0.0,5.80046403712297e-05,0.0,0.0002126836813611,0.0094934261407579,0.0003866976024748,1.93348801237432e-05,1.93348801237432e-05,0.0089327146171693,0.030568445475638,0.0,0.0029582366589327,7.73395204949729e-05,0.0004640371229698,0.0167440061871616,3.86697602474865e-05,0.0062258313998453,3.86697602474865e-05,1.93348801237432e-05,0.0022041763341067,0.0040409899458623,0.192072699149265,0.000444702242846,0.0001353441608662,0.0023975251353441,0.155278422273782
3106250,0.0283533725590518,0.438347403427987,0.118615161592905,0.0598618572524942,0.0,0.0,0.0001705466018589,0.0,0.0025155623774196,0.0214888718342287,0.0004263665046473,0.0101048861601433,0.0001279099513942,0.0119808987805918,0.0314658480429777,0.0124925385861687,0.0091668798499189,0.0002131832523236,0.0026861089792785,0.0432762002217106,0.0005542764560416,0.0036241152895028,8.5273300929479e-05,0.0002984565532531,0.0059264944145987,0.0042210283960092,0.175023450157756,0.0016201927176601,0.0011511895625479,0.0056706745118103,0.003752025240897
3113495,0.0079758568657038,0.351153265790041,0.182798016813969,0.0620823453330459,0.0,0.0,0.000215563699073,0.0,0.0008622547962923,0.0217719336063807,0.0010778184953653,0.0,0.0012933821944384,0.0088381116619961,0.137529640008623,0.0,0.005820219874973,0.0109937486527269,0.0021556369907307,0.0008622547962923,0.0118560034490192,0.0008622547962923,0.0,0.0010778184953653,0.0023712006898038,0.0043112739814615,0.164906229790903,0.0006466910972192,0.0008622547962923,0.0032334554860961,0.0
3102518,0.155417470180701,0.334190414970359,0.000928505106778,0.0,0.0,0.0,0.0,0.0014284693950432,0.015141775587458,0.0,0.0,0.0,0.0,0.0,0.0,0.0,0.0,0.0,0.0001428469395043,0.0412827655167488,0.0,0.0,0.0,0.0,0.0,0.0,0.0,0.295407470894936,0.140847082351261,0.0123562602671238,0.0
3102726,0.175768374164811,0.237505567928731,0.0012472160356347,0.0293986636971047,0.0004454342984409,0.0,0.0,0.0002672605790645,0.0048106904231625,8.9086859688196e-05,0.0,8.9086859688196e-05,0.0,0.0,0.0022271714922049,0.0,0.0,0.0,0.0,0.0084632516703786,0.0,0.0,0.0052561247216035,0.0,0.0,0.0,0.0,0.355011135857461,0.17184855233853,0.0012472160356347,0.0
3106020,0.0180193522906793,0.413852685624013,0.0042456556082148,0.292604660347551,0.0,0.0,0.0001481042654028,0.0011848341232227,0.000888625592417,0.0017278830963665,0.0,0.0,0.0,0.0,0.0272511848341232,0.0,0.0038013428120063,0.0030114533965244,0.0,0.131960900473934,0.0130331753554502,0.0017278830963665,0.0,0.0,0.0,0.002813981042654,0.0,0.0169332543443918,0.034705766192733,0.0169826224328594,0.0
3106023,0.0059331114996334,0.576538266313237,0.0029327167108454,0.0563871186058316,2.25593593141955e-05,0.0,0.0002143139134848,4.5118718628391e-05,0.0014212396367943,0.0212734758332863,0.0015114770740511,0.0,0.0188032259883819,0.0082116067903671,0.0652303874569962,0.0,0.0019062658620495,0.0124527663414359,0.0002481529524561,0.0334104111443235,0.0099373977779031,0.0032598274209012,0.0,0.0004286278269697,0.0014550786757656,0.0024589701652473,0.0946703513620213,0.0063053409283176,0.0117421465230387,0.0360160171451131,0.0236083695223056
3112010,0.0742259264238025,0.284469238696957,0.0033830712013263,0.0215082672402205,2.24044450418963e-05,0.0276246807366582,0.0001568311152932,0.0001792355603351,0.0008289644665501,0.14437424384998,0.0024196800645248,0.0243312273154994,0.0033158578662006,0.0020388044988125,0.0795581843437738,0.0895057579423758,0.0076175113142447,0.0258323251333064,0.0080207913249988,0.0002464488954608,0.0712013263431465,0.0040103956624994,0.0030694089707397,0.0073262535287,0.0146301026123583,0.0055563023703902,0.0705740018819734,0.000201640005377,0.0003136622305865,0.0116055025317023,0.0011650311421786
3112013,0.0369246843295677,0.36160070287502,0.0080854373081786,0.0509346931748698,7.12373331117061e-05,0.0336240212287253,4.7491555407804e-05,0.0001840297772052,0.0007361191088209,0.118580477408861,0.0020421368825355,0.0156781497290013,0.004582935096853,0.0022202302153148,0.0793702619752925,0.07512570421072,0.0115582572973743,0.0223803954859277,0.0059720630925313,0.0001246653329454,0.0221726199310185,0.0046957275409466,5.93644442597551e-06,0.0104718879674208,0.0143661955108607,0.0257582323643077,0.06882713667476,7.71737775376816e-05,0.0001899662216312,0.0071474790888745,0.0032175528788787
3108134,0.0035640571602585,0.384060995003553,0.0050753978547985,0.0255574478643854,0.0004060318283838,0.0241927297745396,0.0002594092236897,0.0006316050663749,0.0037106797649526,0.16498426626665,6.76719713973134e-05,0.0001353439427946,0.0004173104902834,0.0033159265984683,0.0962295433269797,0.0010263582328592,0.0150006203264045,0.0490396219392531,0.0420355728996312,0.0002706878855892,0.0435356349322716,0.0024023549846046,0.0,0.033779592389159,0.0167939275684333,0.0036204504697562,4.51146475982089e-05,2.25573237991045e-05,1.12786618995522e-05,0.0019850444943211,0.0
3101115,0.0097408564602095,0.0,0.0,0.0,0.0,0.0,0.0314280463150156,0.0,0.0112111744164676,0.0001837897445322,0.0,0.0,0.0,0.0,0.0,0.0,0.0,0.0,0.0,0.0132328616063224,0.0,0.0056974820804999,0.0,0.0,0.0,0.0,0.0,0.0,0.148134534092998,0.0075353795258224,0.0
3102826,0.024144031637007,0.0003642418565927,0.0,0.0,0.0,0.0,0.0011187428452492,0.0004422936830055,0.0058278697054844,0.140389218441045,0.0,0.0,0.0,5.20345509418254e-05,2.60172754709127e-05,2.60172754709127e-05,0.0,2.60172754709127e-05,2.60172754709127e-05,0.363773545634301,0.0873920283067957,0.0003642418565927,0.0,0.0026277448225621,5.20345509418254e-05,0.0,0.0,0.0001821209282963,0.293136642730773,0.0361379956290977,2.60172754709127e-05
3106120,0.0392991524457451,0.0003800691725894,0.0,0.0,0.0,0.0,0.0017483181939112,0.0049789061609212,0.0142525939721029,0.186157880734294,7.60138345178823e-05,3.80069172589411e-05,0.0,0.0197635969746494,7.60138345178823e-05,0.0,0.0567063205503402,0.0,0.0021283873665007,0.0502831515335791,0.0630914826498423,0.0,0.0,0.0007601383451788,0.0,0.0,0.0,0.0579605488198852,0.173957660294174,0.0437459617650412,0.0
3106123,0.0078651685393258,0.0004213483146067,0.0,0.0,0.0001404494382022,0.0,0.0018960674157303,0.0004915730337078,0.0292837078651685,0.15625,0.0049157303370786,0.0,0.008567415730337,0.0316713483146067,0.283216292134831,0.0001404494382022,0.0181179775280899,0.0,0.0224016853932584,0.0928370786516854,0.004002808988764,0.0002106741573033,0.0,0.0041432584269662,0.0061095505617977,0.026685393258427,0.0,0.0421348314606742,0.0802668539325843,0.0839887640449438,0.0
3112005,0.0046377615481803,0.490123570922314,0.0034667652768789,0.0005238667529506,0.0001694863024251,9.24470740501063e-05,0.0002619333764753,0.0,0.0032048319004036,0.0589812332439678,0.0084126837385596,0.0344519429293396,0.0080120797510092,0.0037903300360543,0.092215956364981,0.0551600875165634,0.0015407845675017,0.006979754090783,0.0034667652768789,0.0082894209731595,0.0237434901852023,0.0040984869495547,0.0006009059813256,0.0047918400049305,0.0056546793627315,0.0063326245724322,0.151644017133524,0.0001386706110751,0.0004006039875504,0.0072570953129333,4.62235370250532e-05
3112008,0.0124583693104724,0.335598865178241,0.0029110645121499,0.000135685210312,7.40101147156778e-05,0.0001850252867891,0.0006784260515603,0.000444060688294,0.0038361909460959,0.0671888491427162,0.007808067102504,0.0458492660663624,0.0040458862711237,0.007499691624522,0.126520291106451,0.0708770198593808,0.0082027877143209,0.0222647095102997,0.0041075613667201,0.0153694338226224,0.0131614654002714,0.026335265819662,0.0011594917972122,0.0052423831256938,0.0076847169113112,0.0089922289379548,0.140113482175897,0.0013075120266436,0.0088072036511656,0.0314172936968052,1.23350191192796e-05
3114955,0.0125214423967784,0.203443625989561,0.0016695256529037,0.0,0.390779081393962,9.1732178730977e-06,5.50393072385862e-05,0.0,0.0043664517075945,0.0204929687285003,0.0061460559749754,0.0096043591131333,0.0002568501004467,0.0099254217386917,0.0376010200618275,9.1732178730977e-06,0.0058800326566556,0.0018529900103657,0.101061341307917,0.0008714556979442,0.0046233018080412,0.0054580646344931,0.0048526322548686,0.002632713529579,0.0073752671699705,0.0047975929476301,0.097832368616587,0.000477007329401,0.0012567308486143,0.010888609615367,0.0013576362452184
3106131,0.132068775139995,0.25294285826958,0.0819859610379367,0.0,0.0003795646344348,0.0,0.0033421405473617,0.0121855035886111,0.0398838630806846,0.0437830270526067,0.0004880116728448,4.92941083681678e-06,0.0,0.0083602807792412,0.0208711254830823,1.97176433472671e-05,0.0095433393800772,0.0025041407051029,8.87293950627021e-05,0.0464991324236927,0.0053631989904566,0.0052646107737203,0.0333671819544128,0.0002021058443094,0.0229562662670558,0.0123432447353892,0.0794325262244657,0.029946170833662,0.0910412887451692,0.0024893524725924,0.0
3106134,0.0259850905218317,0.368832090876819,0.118068867589634,0.0,0.0,0.0,0.0002129925452609,0.0,0.0014199503017394,0.0269790557330493,0.0017749378771743,0.0124955626553071,0.0037628682996095,0.0039758608448704,0.0729144479943202,0.0,0.0452254171104011,0.0063187788427405,0.0026269080582179,0.0230031948881789,0.0034078807241746,0.0031948881789137,0.0045438409655662,0.0012779552715655,0.0372736954206603,0.0014909478168264,0.197728079517217,0.0006389776357827,0.0029108981185658,0.0131345402910898,0.0
3112173,0.175221521513531,0.0321505548016285,0.0001995689311088,0.0,0.0003991378622176,0.0,0.0003791809691067,0.0166041350682526,0.0130118943082941,0.133751097629121,0.0024147840664165,3.9913786221761e-05,0.000159655144887,0.127704159016524,0.0656581783347968,0.0002993533966632,1.99568931108805e-05,0.0002793965035523,0.000159655144887,0.0041111199808413,0.0046299992017242,0.0013969825177616,1.99568931108805e-05,0.0002195258242196,0.0001396982517761,0.0001197413586652,0.000159655144887,0.0117346531491977,0.048934301907879,0.0005987067933264,3.9913786221761e-05
3102866,0.159774555126338,0.442973845861567,0.0015198530808688,0.0,0.0003799632702172,0.0,6.33272117028687e-05,0.0001899816351086,0.0017731619276803,0.0172883287948832,0.0005699449053258,0.0,0.0,0.0052561585713381,6.33272117028687e-05,0.0,0.0,0.0006965993287315,0.0,0.0612374137166741,0.0006965993287315,0.0,0.0,0.0,6.33272117028687e-05,0.0073459565575327,0.084921790893547,0.0421125957824077,0.163700842251916,0.0006332721170286,0.0
3106297,0.297837122048113,0.28774001324211,0.0011586846170823,0.0,0.0,0.0,0.0001655263738689,0.0,0.0088832487309644,0.155815493268594,0.0040278084308099,0.0,5.5175457956301e-05,0.0784043257559038,0.0020414919443831,0.0,0.0,0.0004414036636504,0.0002207018318252,0.0235599205473405,0.0001103509159126,0.0088832487309644,0.0,0.0002207018318252,0.0019863164864268,0.0264290443610682,0.0247186051644229,0.0182079011255793,0.0310086073714412,0.012469653498124,0.0
3106300,0.385287190130827,0.0102376343835265,0.0,0.0,6.99610550127096e-05,0.0,0.0014691821552669,0.0021571325295585,0.13491989459201,0.0644108113150346,0.0014691821552669,0.0045474685758261,0.0005013875609244,0.0222359553182062,0.0006762901984561,3.49805275063548e-05,0.0,3.49805275063548e-05,1.16601758354516e-05,0.0673608358014039,0.001679065320305,0.0114969333737553,2.33203516709032e-05,0.0001166017583545,0.000699610550127,0.0336279471094424,4.66407033418064e-05,0.0331848604276953,0.0717450619155337,0.0677689419556447,0.0
3113704,0.0952993873243062,0.419348195438398,0.0,0.0,0.0001544560572517,0.0,0.0002059414096689,0.0007722802862585,0.0404160016475313,0.0862379652988725,0.0038614014312928,0.0,0.0034495186119549,0.0044277403078824,0.0829943880965865,0.122535138753025,0.0042732842506307,0.0006178242290068,0.0026772383256963,0.0047366524223858,5.14853524172373e-05,0.0055089327086443,0.0,0.0011326777531792,0.0039643721361272,0.0086495392060958,0.0,0.00391288678371,0.0202852288523915,0.0468516706996859,0.0
3113707,0.0008181026979982,0.37538729329852,0.0005570060922541,3.48128807658834e-05,0.0009921671018276,3.48128807658834e-05,5.22193211488251e-05,0.0,0.0072584856396866,0.345604873803307,0.0029242819843342,0.0096431679721497,0.0001392515230635,0.009538729329852,0.0742906875543951,0.0042297650130548,0.0061792863359443,0.00207136640557,0.0078328981723237,0.0008355091383812,0.0003307223672758,0.0106179286335944,0.0,0.005047867711053,0.0079547432550043,0.005953002610966,0.0932811140121845,0.0,0.0001740644038294,0.0093820713664055,3.48128807658834e-05
3112374,0.0017601138146135,0.321425965782658,0.0006110239667311,2.73592820924379e-05,1.82395213949586e-05,0.0034107905008572,0.0002188742567395,0.0001367964104621,0.0377922883303542,0.241637179440411,0.0077973953963448,0.0001641556925546,8.20778462773137e-05,0.0037664611680589,0.0931127567212636,0.002854485098311,0.0009940539160252,0.0008025389413781,0.0030095210301681,0.0024258563455294,6.38383248823551e-05,0.0249699047896983,0.0,0.0078338744391347,0.0240670484806479,0.0089647247656221,0.038093240433371,0.0004103892313865,0.0013953233867143,0.0564421989566994,9.1197606974793e-06
3112377,0.157120084298124,0.372836820988071,0.0014657606419626,6.75465733623333e-06,2.02639720087e-05,0.0007700309363306,0.0003715061534928,0.0040460397444037,0.0703970387582238,0.203044999527174,0.0035191764721775,6.75465733623333e-06,0.029990678572876,0.0017697202220931,0.0200545776312768,0.0018845493968091,0.0027964281372006,0.0002634316361131,0.0031544249760209,0.0506801939937587,4.05279440174e-05,0.0034921578428326,0.0,0.0045188657579401,0.0240735987463356,0.0023776393823541,6.75465733623333e-06,0.0079164583980654,0.0209056644556422,0.0026545803331397,2.70186293449333e-05
3115000,0.0858683557305487,0.132380381751263,0.00029102114183,0.0003252589232217,3.42377813917658e-05,0.0024993580415989,0.0002739022511341,0.0002396644697423,0.0219806556535137,0.209449627664127,0.033621501326714,0.0049302405204142,0.0050158349738936,0.0256269793717367,0.0879568603954464,0.0579988016776513,0.00087306342549,0.0063339895574766,0.003937344860053,0.0008217067534023,0.0001198322348711,0.0110416844988445,0.0,0.0171531284772747,0.0807326885217838,0.0573482838312077,0.0017803646323718,0.0010271334417529,0.003509372592656,0.0597620474193272,0.0719849353761876
3102597,0.237165982924936,0.0,0.0,0.0,0.0,0.0,0.0,0.0026610488967734,0.129837010755073,0.0,0.0,0.0,0.0,0.0,0.0003326311120966,0.0,0.0,0.0,0.0,0.0185164652400488,0.0,0.002771925934139,0.0,0.0,0.0,0.0,0.0,0.184499390176294,0.365894223306353,0.0077613926155893,0.0
3102872,0.0842193286345717,0.621311671245968,0.0074065225182176,0.0,0.0,0.0,0.0051367817465057,0.0008362202843148,0.0016724405686297,0.000597300203082,0.0,0.0001194600406164,0.0,0.0002389200812328,0.0007167602436984,0.0002389200812328,0.0,0.0002389200812328,0.0,0.108469716879704,0.0,0.0022697407717118,0.0001194600406164,0.0002389200812328,0.0003583801218492,0.0001194600406164,0.0097957233305459,0.0507705172619759,0.0685700633138215,0.0003583801218492,0.0001194600406164
3106284,0.0146481086541699,0.570097654057694,0.010382759007745,5.61230216634864e-05,0.0335615669547648,0.0,0.0001122460433269,0.0,0.0002244920866539,0.0377146705578628,0.0022449208665394,0.0146481086541699,0.0001122460433269,0.0181838590189696,0.0506790885621282,0.0,0.0009540913682792,0.02076551801549,0.0004489841733078,0.0135256482209002,0.002076551801549,0.0031428892131552,0.0,0.0008979683466157,0.0073521158379167,0.0002806151083174,0.0319339993265237,0.0009540913682792,0.142271859916938,0.0076888539678976,0.0
3106286,0.181593110871905,0.234445640473628,0.0039827771797631,0.0002152852529601,0.0002152852529601,0.0,0.00010764262648,0.0018299246501614,0.0007534983853606,0.0250807319698601,0.0019375672766415,0.0141011840688913,0.0092572658772874,0.023789020452099,0.0350914962325081,0.005059203444564,0.0543595263724435,0.152960172228202,0.0335844994617869,0.0008611410118406,0.0345532831001076,0.0158234660925727,0.00010764262648,0.0005382131324004,0.022497308934338,0.0039827771797631,0.017545748116254,0.0073196986006458,0.0195909580193757,0.0003229278794402,0.0649085037674919
3113898,0.0166721690326841,0.378590293826345,0.0015681743149554,0.0048695939253879,0.0,0.0363981512050182,0.0,0.0009078903928689,0.001733245295477,0.0964014526246286,0.0042918454935622,0.0,0.0003301419610432,0.0089138329481677,0.0331792670848465,0.0959887751733245,0.0226147243314625,0.0848464839881149,0.0051997358864311,0.0007428194123473,0.0407725321888412,0.0033014196104324,0.0,0.0037140970617365,0.0046219874546054,0.0037966325519973,0.0873225486959393,0.0004952129415648,0.0001650709805216,0.0068504456916474,0.0
3112246,0.163204747774481,0.0046119194880411,0.000321761824747,0.462800757927854,0.0001430052554431,0.0002145078831647,0.0012870472989882,0.123771048586036,0.0020735762039254,0.000321761824747,7.15026277215688e-05,0.0001072539415823,0.0001072539415823,0.0005362697079117,0.0153730649601373,7.15026277215688e-05,0.0869471953094276,7.15026277215688e-05,0.0001072539415823,0.0027170998534196,7.15026277215688e-05,0.0001430052554431,7.15026277215688e-05,0.0,0.0001430052554431,0.0,0.0001072539415823,0.0001787565693039,0.0520539129813021,0.0664259411533374,3.57513138607844e-05
3115242,0.0239063514925584,0.405108870626112,0.0119037532830636,0.0199525544353131,0.0,0.0380270552684346,9.88449264311333e-05,0.0,0.0009319664492078,0.100214634697393,0.0109717868338558,0.0024428817532265,0.0325482222033946,0.0140077381456692,0.0814623400830297,0.0232567991188681,0.0139936174418933,0.0050975740630913,0.0179474144991386,0.0007060351887938,0.0070744725917139,0.0048716428026772,0.0,0.0133864271795306,0.0112683216131492,0.0159987573780677,0.0388460560874354,0.0001270863339828,0.0015391567115705,0.0028523821627269,0.0008754836341043
3101143,0.740335326783426,0.0,0.0,0.0,0.0001601879538658,0.0,5.33959846219564e-05,0.0,0.0810551046561299,5.33959846219564e-05,0.0,0.0,0.0016018795386586,5.33959846219564e-05,5.33959846219564e-05,0.0,0.0,0.0,0.0,0.0022960273387441,0.0,0.0,0.0,5.33959846219564e-05,0.0115869286629645,0.0,0.0,0.0930692011960701,0.0555852199914566,0.0014950875694147,0.0
3101146,0.111182910141402,0.396229283868025,0.0001900562566519,0.0,0.0004561350159647,0.0,0.0034210126197354,0.0038771476357001,0.0025847650904667,0.0068420252394708,0.0001520450053215,0.0,0.0,0.0127717804470123,0.0076402615174091,0.0,0.0,3.80112513303938e-05,0.0010263037859206,0.134217728447621,0.0001900562566519,0.0231488520602098,0.0,0.0,0.0,0.0,0.224798540367949,0.0258476509046678,0.015926714307435,0.0001900562566519,0.0
3107228,0.182067946824225,0.303781388478582,0.0023338257016248,2.95420974889217e-05,2.95420974889217e-05,0.0018906942392909,0.0007090103397341,2.95420974889217e-05,0.0038109305760709,0.192348596750369,0.0006794682422451,0.0,5.90841949778434e-05,0.0167208271787297,0.022658788774003,0.0005908419497784,0.0,0.0,0.00602658788774,0.0077400295420974,0.0036927621861152,0.0079763663220088,0.0,0.002983751846381,0.0111373707533235,0.0049335302806499,0.194150664697193,0.001477104874446,0.0010044313146233,0.0211521418020679,0.0006203840472673
3114231,0.0011950500357398,0.661275911365261,0.0032500893495353,4.4674767691208e-05,2.2337383845604e-05,0.0,0.0001898677626876,0.0001898677626876,0.0083206754824874,0.0318977841315225,0.0014854360257326,0.0,1.1168691922802e-05,0.0271510900643317,0.0460820228734811,2.2337383845604e-05,0.005584345961401,0.0004132416011436,0.0,0.0381522516082916,0.0017423159399571,0.0003238920657612,0.0,0.0019210150107219,0.0101076661901358,0.0145416368834882,0.0364322730521801,0.0008488205861329,0.0008934953538241,0.0218012866333095,0.0693687455325232
3114234,0.002370990237099,0.890655509065551,0.007112970711297,0.0,0.0,0.0,0.0,0.0,6.97350069735007e-05,0.0338912133891213,0.0003486750348675,0.006694560669456,0.0216178521617852,0.00139470013947,0.005718270571827,0.0094142259414225,0.001115760111576,0.006555090655509,0.0013249651324965,0.0,0.00139470013947,0.000697350069735,0.0,0.0029986052998605,0.003207810320781,0.000418410041841,0.0004881450488145,0.0002092050209205,0.000278940027894,0.000418410041841,0.0
3112509,0.0001929756850636,0.613756558565513,0.0067593645362846,5.21555905577519e-05,5.21555905577519e-06,0.0003077179842907,0.0001356045354501,8.3448944892403e-05,0.0069836335756829,0.184881137409119,0.0013716920316688,5.21555905577519e-06,3.65089133904263e-05,0.0121157436865658,0.0374112051070754,0.0103998247572157,0.0010952674017127,0.0014029853860035,0.0039116692918313,0.0004433225197408,0.029301010775345,0.0149947322853537,0.0,0.002435666079047,0.005961384000751,0.0089707615759333,0.0,0.0009805251024857,0.0034422689768116,0.0058414261424682,0.008605672442029
3112072,0.013116673685508,0.430765122179196,0.0040880470844418,0.033002249453044,0.0030711710508746,0.0232546195959202,0.0002465154020768,1.02714750865372e-05,0.0019413087913555,0.143143276805982,0.0075187197633452,0.0010066045584806,0.0031738858017399,0.0025370543463746,0.0730096449151063,0.002218638618692,0.0008525324321825,0.0043756483868648,0.0063066857031338,0.0027116694228458,0.0602422013825406,0.0100352311595468,0.0003389586778557,0.0028657415491438,0.0108877635917294,0.0124387563297965,0.037439526690428,0.0002567868771634,0.0010476904588267,0.0312971845886788,0.0001335291761249
3112075,0.0073265746178863,0.309336319557785,0.0044435972885717,0.125868169309396,8.33919062198449e-05,0.0251962688078531,0.0005480039551589,0.0003156979306894,0.0106086417841103,0.136584029258646,0.0016976209480468,0.0030795439654042,0.0028710641998546,0.0038360276861128,0.0939826783097652,0.0052715597860402,0.002680454128495,0.0161899429361099,0.0036930701325931,0.002150319867526,0.0510120203476251,0.0040921599695023,3.57393883799335e-05,0.0040147246280125,0.0078686220083153,0.0035084166259634,0.0433697477990493,0.0017214472069668,0.0051107325383304,0.0151356309789018,0.0159814631705603
3112959,0.0096680785890348,0.211321702921961,0.0008256156220834,0.0586905018307129,4.78617751932419e-05,0.0406944743580539,0.0002512743197645,9.57235503864838e-05,0.0192763299590782,0.256898078349726,0.0047263503003326,3.58963313949314e-05,0.0015196113623854,0.0104338669921267,0.196005934860124,0.0005863067461172,0.002931533730586,0.0311340847632039,0.0017828511259482,0.0008734773972766,0.0273410390791394,0.0020580563333094,0.0,0.0058750329049704,0.0224352071218321,0.0012085098236293,0.0413166774355661,0.0105774523177065,0.0052887261588532,0.0022016416588891,0.0005145140833273
3115043,0.0145995178140905,0.253482453790517,0.0007617867666755,0.0394120010715242,1.67425663005626e-05,0.0469963836056791,7.53415483525315e-05,0.0003264800428609,0.015386418430217,0.262037905170104,0.0047883739619608,8.37128315028128e-06,0.0687282346638093,0.0078941200107152,0.0876305920171444,0.000954326279132,0.0062282346638092,0.00535762121618,0.0024276721135815,0.0003348513260112,0.0566317305116528,0.0034405973747656,0.0,0.0111421778730244,0.0446021966246986,0.0004604205732654,0.0272652692204661,0.0015235735333511,0.0019086525582641,0.0016575140637556,8.37128315028128e-06
3102693,0.186759301317256,0.352582896312508,0.0006813395548581,0.0404467935747615,0.0002064665317751,0.0,0.0001858198785976,3.09699797662799e-05,0.000557459635793,0.0017756121732667,2.06466531775199e-05,1.032332658876e-05,0.0,0.0026014783003675,6.19399595325598e-05,0.0,0.0,3.09699797662799e-05,0.0001548498988313,0.209202213321221,0.0004129330635503,0.0018994920923318,0.0321158690176322,2.06466531775199e-05,0.0045938803319981,2.06466531775199e-05,2.06466531775199e-05,0.0650059875294215,0.069672131147541,0.0,0.0
3101254,0.0713377075522228,0.254519282271023,0.0007699517943224,0.0055235672201392,3.3476164970541e-05,0.0,6.69523299410819e-05,0.0002343331547937,0.0028454740224959,0.0199183181574719,0.0008034279592929,0.0,0.0,0.0222951258703803,0.001673808248527,0.0,0.0,0.0,0.0,0.262587038028923,0.000435190144617,6.69523299410819e-05,0.00247723620782,3.3476164970541e-05,0.0001673808248527,0.0,0.0,0.0928963577932512,0.225562399571505,0.0,0.0
3107337,0.0001040149781568,0.572429096456556,0.0018375979474377,0.0085638998682476,0.0,0.0,3.46716593856182e-05,0.0,0.0015602246723528,0.0129325289508356,0.0004160599126274,3.46716593856182e-05,0.0,0.0073157201303654,0.0002080299563137,0.0,0.0004854032313986,0.0,0.0,0.0146314402607309,3.46716593856182e-05,0.0001386866375424,0.0,0.0,0.0003813882532418,0.0014215380348103,3.46716593856182e-05,0.051764787462728,0.0646973164135635,0.0,0.0
3107340,0.0001014867813467,0.457502410311057,0.0035139798041305,0.0777261886639265,0.0002029735626934,0.0001268584766834,0.0,0.0,0.0020931648652763,0.0953848886182575,0.0035774090424722,1.26858476683412e-05,5.07433906733648e-05,0.0201324402496575,0.0004059471253869,2.53716953366824e-05,0.00282894403004,0.0002664028010351,0.0037296392144923,0.0483077079210433,0.0036027807378089,0.0010021819657989,0.0,0.0001776018673567,0.0144745521895773,0.0883696148576648,0.0643045618308215,0.0018267620642411,0.0224920079159689,0.0034886081087938,2.53716953366824e-05
3107341,4.56829602558246e-05,0.678026496116948,0.0102329830973047,0.0133851073549566,0.0,0.0001827318410232,0.0,0.0,0.0003654636820465,0.0469164001827318,0.001553220648698,0.0,4.56829602558246e-05,0.0292827775239836,0.0098218364550022,0.0,0.0001370488807674,0.0,9.13659205116492e-05,0.0006395614435815,0.0,0.0001370488807674,0.0,0.000776610324349,0.0008222932846048,0.0045226130653266,0.128734582000914,9.13659205116492e-05,0.0608497030607583,0.0017816354499771,0.0
3114218,0.0335448776065277,0.428656854613144,0.0020447136436411,0.0757508535714975,0.0,0.0001350282594857,0.0006172720433633,0.0004050847784572,0.0039351092764414,0.144287340136186,0.0061148511795683,0.0033949962384984,5.78692540653151e-05,0.0065006462066704,0.129029146814298,0.0004629540325225,0.0010802260758858,0.0001350282594857,0.0012731235894369,0.0020061341409309,0.0002893462703265,0.00551686888756,0.0,0.0020832931463513,0.0114388225535773,0.0023726394166779,0.0726452036033255,0.0002314770162612,0.0186338998090315,0.0242665072047221,0.0052468123685885
3112524,0.0582686355999646,0.353608630294456,0.0019029091873728,0.0374144486692015,7.07401184896985e-06,0.0007887523211601,0.0004350517287116,4.24440710938191e-05,0.0037810593332743,0.128237686798125,0.0067627553276151,0.0024087010345742,0.0381536829074189,0.0110637545317888,0.155454947387037,0.0031196392253957,0.0026492174374392,0.0201149526925458,0.0085701653550269,0.0055849323547616,0.0095640640198072,0.0059952250420019,1.06110177734548e-05,0.0053196569104253,0.0114209921301618,0.0175081793262004,0.0720417366699089,3.89070651693342e-05,0.0001839243080732,0.0265629144928818,3.53700592448492e-05
3101281,0.765447875991007,0.0008756360194059,0.0,0.0,2.3665838362324e-05,2.3665838362324e-05,0.0348361140693409,0.0001183291918116,0.0072890782155957,0.03126257247663,0.0011832919181162,0.0008993018577683,0.0001183291918116,0.0018222695538989,0.0029345639569281,0.0127322210389303,0.0001893267068985,9.46633534492959e-05,0.0082830434268133,0.0006389776357827,0.0001656608685362,2.3665838362324e-05,0.0156667849958585,0.0003313217370725,0.0003549875754348,0.0012542894332031,0.0,0.0001893267068985,0.0006389776357827,0.0,0.0283753401964265
3107415,0.0305542555325266,3.34291636023267e-05,0.0,0.0,0.0,0.0,0.0314568429497894,0.0054823828307815,0.0176840275456308,0.0003342916360232,3.34291636023267e-05,0.0,6.68583272046533e-05,0.0005348666176372,0.0182857524904727,0.0,0.0004345791268302,3.34291636023267e-05,0.0,0.0009694457444674,0.0001671458180116,0.252624189342783,0.0,0.0031423413786187,0.0107307615163469,0.0,0.0001002874908069,0.0253727351741659,0.158086514675403,0.0076218493013304,3.34291636023267e-05
3107418,0.0021643028181985,0.0002072204825934,0.0,0.0,2.30244980659422e-05,0.0,0.0110517590716522,0.0,0.0002072204825934,0.0206529747651501,0.0003453674709891,6.90734941978265e-05,0.0,0.0173604715417204,0.000368391969055,2.30244980659422e-05,0.0,2.30244980659422e-05,6.90734941978265e-05,0.127947135752441,2.30244980659422e-05,0.0197319948425124,0.0,0.0,0.0,2.30244980659422e-05,0.0,0.128822066678946,0.170289187695708,0.0071836433965739,0.0
3114329,0.0122488301679053,0.278347948042415,0.0877144692173594,0.0878652038850222,3.27684060136579e-05,0.0641408779311339,0.0002883619729201,0.0008257638315441,0.0058458836328365,0.0334565425399447,0.007176280916991,0.0008192101503414,0.0002687009293119,0.0146867995753215,0.034839369273721,0.0243993551177697,0.0183765220924593,0.0255659103718559,0.0336465992948239,0.000242486204501,0.0177211539721862,0.0025821503938762,0.0,0.0089261137981204,0.0110036307393863,0.0033096090073794,0.008251084634239,0.0014287025021954,0.0012320920661135,0.0004063282345693,0.0957886044591247
3114332,0.0039519683842529,0.365709074327405,0.0003039975680194,0.257447940416477,0.0007599939200486,0.0333637330901353,0.0,0.0,0.000531995744034,0.101041191670467,0.000531995744034,0.0006459948320413,7.5999392004864e-05,0.0005699954400364,0.0566575467396261,0.0017859857121143,0.0503875968992248,0.0030399756801945,0.0037239702082383,0.0023939808481532,0.0292597659218726,0.000797993616051,0.0,0.0035339717282261,0.007219942240462,0.0014439884480924,0.0155418756649947,3.7999696002432e-05,0.001937984496124,0.0047119623043015,0.0327557379540964
3112528,0.0001799341652642,0.0564569904423205,0.000158765439939,0.0286095322770139,1.05843626626023e-05,0.0030482964468294,0.0003386996052032,1.05843626626023e-05,0.0009420082769716,0.0648503900337641,0.0001270123519512,0.0,1.05843626626023e-05,0.0022227161591464,0.0075360662157728,0.0027836873802644,0.0066681484774394,0.0024873252257115,0.0015664856740651,0.0004022057811788,0.40335947670911,0.0107007906518909,0.0027307655669513,0.0025931688523375,0.0006562304850813,4.23374506504091e-05,0.0018734321912806,0.0058849056404068,0.181775844367531,0.0014077202341261,0.147757702769928
3112531,0.130049467010381,0.0002020483522608,6.96718456071901e-06,0.0,0.0001114749529715,6.96718456071901e-06,0.0003762279662788,2.78687382428761e-05,0.0030028565456698,0.147049397338536,0.0245662927610952,0.0531665853828468,0.0088065212847488,0.027199888525047,0.085494321744583,0.244896537309273,0.0003762279662788,0.0057339928934717,0.0045008012262244,0.0842262941545322,0.0002786873824287,0.0013098306974151,6.96718456071901e-06,0.0067303002856545,0.0208458162056713,0.0050999790984463,2.78687382428761e-05,0.0448617013864697,0.0391486100466801,0.0480317703615969,6.96718456071901e-06
3115695,0.003160164576414,0.321171863381748,0.00526694096069,0.0248723541367174,0.0,0.0238065731423189,0.0,2.47856045208943e-05,0.0001487136271253,0.110072869677291,0.0073861101472264,0.0038789471075199,0.0501040995389878,0.0189485946562237,0.0547142219798741,0.121325534129777,0.0172631735488029,0.0615054776185991,0.0537104049967779,0.0004213552768552,0.0048331928815743,0.0115624845089972,0.0009418529717939,0.0364348386457146,0.013718832102315,0.0133718336390225,0.004684479254449,4.95712090417885e-05,0.000223070440688,0.0006444257175432,0.0027016308927774
3115702,0.0073521294681297,0.182997372662442,0.0023734351886605,0.0076833064711986,0.0001545492680988,0.0751109442960281,4.41569337425209e-05,3.31177003068907e-05,0.0010487271763848,0.0215265051994789,0.0007175501733159,0.0021636897533835,0.0124412160819553,0.0023734351886605,0.016867948689643,0.0282493983617778,0.174430927516393,0.0362197249023028,0.0480979400790409,0.0001987062018413,0.0062592453580023,0.233093413993332,0.0009272956085929,0.0150685536396353,0.00543130285033,0.0034000838981741,0.0016448457819089,0.0036319078003223,0.015852339213565,0.0001545492680988,0.0048793411785485
3102701,8.80669308674593e-05,8.80669308674593e-05,0.0,0.0,0.0,0.0,0.0007045354469396,0.0,0.0007926023778071,0.0033465433729634,0.0,0.0,8.80669308674593e-05,0.0001761338617349,8.80669308674593e-05,0.0,0.0,0.0,0.0,0.22254513430207,0.0,0.0,0.0,0.0,0.0,0.0635843240863056,0.0,0.0,0.0129458388375165,0.0,0.0
3101236,6.35364381472775e-05,0.0001906093144418,0.0,0.0,0.0,0.0,0.0011436558866509,0.0,0.0003176821907363,0.0104199758561535,0.0,0.0,0.0,0.0001270728762945,6.35364381472775e-05,0.0,0.0786581104263295,0.0,0.0,0.423216214499015,0.0,0.0,0.0,0.0,0.0,0.0622021729461846,6.35364381472775e-05,6.35364381472775e-05,0.0043840142321621,0.0003812186288836,0.0
3107355,0.104837691044588,0.0,0.0,0.0,0.0,0.0,0.0007578628268283,0.0020209675382089,0.0030314513073133,0.0906909182771252,0.0042945560186939,0.177971453833523,0.0,0.0914487811039535,0.0194518125552608,0.0,0.0084628015662498,0.0003789314134141,0.0026525198938992,0.0798282177592522,0.0025262094227611,0.0389036251105217,0.000126310471138,0.000126310471138,0.0,0.0280409245926487,0.0,0.0291777188328912,0.0155361879499811,0.169003410382721,0.0
3112545,0.186730011922396,0.43728097113335,0.0003612847284945,5.4192709274179e-05,0.0001445138913978,5.4192709274179e-05,0.0001445138913978,0.0036128472849452,0.0315943495068463,0.0299324397557715,0.0065211893493262,0.0227609378951552,0.0026735069908595,0.0198345315943495,0.0644170670905741,1.80642364247263e-05,0.0068102171321218,0.0324253043823838,0.0061599046208316,0.0468766935221648,7.22569456989053e-05,0.0123559377145128,0.0,0.0020954514252682,0.0079482640268795,0.0068102171321218,5.4192709274179e-05,0.0095379168322555,0.0300950178835941,0.0029625347736551,1.80642364247263e-05
3112548,0.0390608259099397,0.340772032938439,0.0005816267180947,0.0,6.12238650626014e-05,0.0,0.000306119325313,0.0014081488964398,0.0116631462944256,0.175773716594729,0.004989745002602,9.18357975939021e-05,0.0,0.0517953898429608,0.0544280160406526,0.0005510147855634,0.0097039826124223,0.0048979092050081,0.0010101937735329,0.0897235742492423,6.12238650626014e-05,0.0207548902562219,0.0,0.0011632534361894,0.0101937735329231,0.0027244619952857,0.151376006367282,0.0002755073927817,0.0010408057060642,0.0039183273640064,0.0
3108371,0.0021402394331786,0.443430246762766,0.0018763742975812,4.88639139995114e-05,0.0003322746151966,1.95455655998045e-05,9.77278279990227e-05,0.001895919863181,0.0111311996090887,0.135851453701441,0.0027656975323723,2.93183483997068e-05,0.0018568287319814,0.0043684339115563,0.0745076960664549,0.0008306865379916,0.0160566821402394,0.0525384803322746,0.0051698021011483,0.021803078426582,7.81822623992182e-05,0.0112875641338871,0.0,0.0058050329831419,0.0082873198143171,0.0081114097239188,3.90911311996091e-05,0.0088541412167114,0.0189103347178109,0.0012509161983874,0.140405570486196
3108379,0.0331599192371745,0.470915066393527,0.0010758551574727,2.94754837663773e-05,5.89509675327546e-05,4.4213225649566e-05,5.89509675327546e-05,0.0005010832240284,0.0015179874139684,0.171385200359601,0.003596009019498,0.0002800170957805,0.0030212370860536,0.0013411345113701,0.16329418006573,0.0014148232207861,0.0052024228847656,0.0018422177353985,0.0048339793376858,0.0011053306412391,5.89509675327546e-05,0.0112596347987561,4.4213225649566e-05,0.0055708664318453,0.0137060999513655,0.0065140819123693,0.0019011687029313,0.0019159064448145,0.0054234890130134,0.0334546740748383,0.0
3102698,0.892622213809096,0.0023661918508352,0.0,0.0001892953480668,0.0005678860442004,0.0001892953480668,0.0,0.0002839430221002,0.0439638445885192,0.0007098575552505,0.0001892953480668,0.0001419715110501,0.0010884482513842,0.0001892953480668,0.0015143627845345,0.0001892953480668,0.0005205622071837,0.0003312668591169,0.0002839430221002,0.0001419715110501,4.73238370167053e-05,0.0002366191850835,0.0,0.0001419715110501,9.46476740334106e-05,0.0001419715110501,0.0001419715110501,0.0002366191850835,0.0001419715110501,0.0,0.0003785906961336
3101221,0.225853094274147,0.130827067669173,0.261017929438982,0.0,0.0001156737998843,0.0,0.0028340080971659,0.0015037593984962,0.0041064198958935,0.0,0.0,0.0,0.0,0.0,5.78368999421631e-05,0.0,0.0,0.0,0.0,0.219664545980335,5.78368999421631e-05,0.0,0.0,0.0,0.0,0.0,0.0,0.0637362637362637,0.0363794100636206,0.0,0.0
3107274,0.258679794829497,0.329149161017604,0.134520710364203,0.0,0.0001288759440162,1.2887594401629e-05,0.0053096888934711,6.4437972008145e-05,0.0169214114493389,0.0001546511328195,0.0,0.0,0.0001675387272211,7.7325566409774e-05,0.000206201510426,0.0,0.0042400185581359,1.2887594401629e-05,0.0,0.0535737299275717,1.2887594401629e-05,0.0005928293424749,0.0,0.0,6.4437972008145e-05,3.8662783204887e-05,6.4437972008145e-05,0.0250663711111684,0.119545325669511,0.0,0.0
3107277,0.110342743965893,0.346112099544575,0.224825718665727,1.11898127944319e-05,0.0001007083151498,2.23796255888639e-05,0.0010182729642933,0.0001007083151498,0.0060648785345821,0.0026519856322803,0.0121073774435754,0.0,6.71388767665917e-05,0.0001678471919164,0.0633567200420737,2.23796255888639e-05,0.0044087862410061,0.0015330043528371,0.0051808833238219,0.0792798236485504,0.0007832868956102,0.0025960365683082,1.11898127944319e-05,0.0004028332605995,0.0047444806248391,0.0028198328241968,0.0,0.0092315955554063,0.0257253796143991,0.0628755580919131,0.008784003043629
3114001,0.0773277365896206,0.30094308765809,0.0432566506759703,0.0,0.0,0.0,8.17706061927606e-05,0.0001090274749236,0.0025621456607065,0.226232010466638,0.000327082424771,0.0096216746620148,0.0080135194068905,0.0068959877889228,0.146178587003925,0.0033253379851722,0.0090765372873964,0.0215601831661579,0.0105484081988661,0.0254579153946795,0.0066779328390754,0.0060237679895333,2.72568687309202e-05,0.0059147405146096,0.0186709550806803,0.0050425207152202,0.0,0.0009539904055822,0.0063781072830353,0.0383504143044047,0.0009539904055822
3114003,0.022293247306689,0.296781966266404,0.0889738534759145,0.0001792221757572,8.96110878786069e-05,0.0395384033295498,0.0009060676663281,0.0,0.0078559053706912,0.0767967023119661,0.0012047712925901,0.024075512276719,0.0055857578110998,0.0137503235955951,0.14732062847243,0.0616723420355656,0.0075173745942609,0.0206404205747058,0.0191469024433957,0.0023896290100961,7.96543003365394e-05,0.0238863333134198,0.0042415914929207,0.0151841010016528,0.0159209032797658,0.0023597586474699,0.0255690304080292,0.000896110878786,0.0042714618555469,0.0217754943545015,0.0045104247565565
3114005,0.0158491683947691,0.298954674340852,0.0932963731008506,0.0,8.46417537771383e-05,0.124105971475729,8.46417537771383e-05,0.0001058021922214,0.0015870328833213,0.0757332091920945,0.0007617757839942,0.0030047822590884,0.0022641669135384,0.0063058106563968,0.0880697448051124,0.0421727538194591,0.0340894663337424,0.0540225993482585,0.0179652122391976,0.0024757712979812,0.0,0.0011638241144356,0.0060307249566211,0.010114689576368,0.0069829446866139,0.0017986372677641,0.010559058783698,2.11604384442846e-05,0.0001058021922214,0.0028989800668669,0.0237420119344873
3112552,0.0234368824598846,0.504347482412458,0.0114615445419334,0.0077859457750375,3.95225673859774e-05,0.0,3.95225673859774e-05,0.0,0.0002766579717018,0.308434115880168,0.0059283851078966,0.0009485416172634,3.95225673859774e-05,0.0075488103707216,0.0433957789898032,0.0007904513477195,0.0044660501146154,0.0013832898585092,0.0013042447237372,0.0006718836455616,0.0,0.0030827602561062,3.95225673859774e-05,0.0039917793059837,0.0137143308829342,0.0009880641846494,0.0374278713145206,0.0007114062129475,0.0005928385107896,0.0019761283692988,0.0063631333491423
3112555,0.0131985214176995,0.351989562948467,0.0052837573385518,0.0053924766253533,4.34877147205914e-05,0.0,6.52315720808872e-05,0.0001304631441617,0.0056099151989563,0.133920417482061,0.0062622309197651,0.0353989997825614,0.0023265927375516,0.0034355294629267,0.0729071537290715,0.0119808654055229,0.0066101326375299,0.0011959121548162,0.0124809741248097,0.0019786910197869,0.0001087192868014,0.0024787997390737,6.52315720808872e-05,0.0066536203522504,0.0145901282887584,0.0073929115025005,0.0479017177647315,0.0014785823005001,0.0007610350076103,0.0601000217438574,0.179256360078278
3115375,0.0107544950428499,0.40034524373291,0.0046592627671438,0.0414750767632636,0.0001222101709414,0.0217839629703182,6.11050854707383e-05,0.0,0.0004277355982951,0.10800323856953,0.0069507034722964,0.0045676051389376,0.0317288156306809,0.0019859152777989,0.0731733398512091,0.0501367226287408,0.0067215594017812,0.0310261071477674,0.0154443103527291,0.0003055254273536,0.0001222101709414,0.0058049831197201,0.0018331525641221,0.0151846137394785,0.0177357510578818,0.0136875391454454,0.0551778921800767,0.0003055254273536,0.0009929576388994,0.000580498311972,0.0063091000748537
3110236,0.0219338569439702,0.438204313220731,0.0016286217132049,0.0249284194488954,0.0001576085528908,0.125561480469673,5.25361842969345e-05,0.0,0.0090887598833696,0.0232997977356905,0.0024429325698074,0.0040978223751608,0.0048595970474664,0.0050434736925057,0.0219338569439702,0.0397961596049279,0.0183088602274817,0.0605742204943655,0.0504347369250571,0.0001838766450392,0.0002101447371877,0.0177834983845123,0.0,0.007591478630907,0.0089311513304788,0.0244818618823715,0.0199374819406866,0.0058052483648112,0.0072762615251254,0.0014972812524626,0.0154456381832987
3102777,0.165478611164397,0.675350086322655,7.67312488010742e-05,0.0471283330136198,9.97506234413965e-05,0.0,7.67312488010742e-06,4.60387492806445e-05,0.0105352004603875,0.0542489929023595,0.0002608862459236,0.0,1.53462497602148e-05,0.0056013811624784,5.3711874160752e-05,7.67312488010742e-06,0.0,0.0003913293688854,0.0,0.0005985037406483,1.53462497602148e-05,1.53462497602148e-05,0.0050796086706311,7.67312488010742e-06,0.0,0.0168732016113562,1.53462497602148e-05,7.67312488010742e-06,3.83656244005371e-05,0.0004373681181661,7.67312488010742e-06
3101377,0.0908166423486758,0.328138126188265,0.0001326435866825,0.0760489896980148,0.0002652871733651,4.42145288941946e-05,6.63217933412919e-05,8.84290577883893e-05,0.0018570102135561,0.0825043109165672,0.0040014148649246,6.63217933412919e-05,0.0001105363222354,0.131405579873546,0.0044435601538665,0.0001326435866825,0.0001326435866825,0.0007958615200955,0.0001547508511296,0.153977096874033,0.0003979307600477,0.0001768581155767,0.0082239023743202,8.84290577883893e-05,0.0001326435866825,0.0054826015828801,0.0001326435866825,0.000243179908918,0.0001547508511296,0.0009506123712251,4.42145288941946e-05
3107644,0.106584774797359,0.163491267652712,0.0,0.0498036266399265,4.17815659730927e-05,0.0,0.0002924709618116,0.0,0.0011281022812735,0.170385226038272,0.0027993649201972,0.0,0.0,0.0285368095596223,0.053647530709451,8.35631319461853e-05,0.0028411464861703,0.0002089078298654,4.17815659730927e-05,0.0041781565973092,0.0044706275591209,0.003175399013955,0.0007102866215425,0.001838388902816,0.0116152753405198,0.0104036099273001,0.0,0.0019637336007353,0.0027993649201972,0.0319211164034428,0.0836884766441046
3114474,0.0170060885996221,0.223085357034549,6.99839037021485e-05,0.231716705157814,0.0002799356148085,0.0390743462336996,6.99839037021485e-05,2.33279679007162e-05,0.0014463340098444,0.207059043086757,0.0016796136888515,0.0,0.0001166398395035,0.0058553199430797,0.0374647164485502,0.0016096297851494,0.0032192595702988,0.0009331187160286,0.0051321529381575,0.0014696619777451,0.0,0.0033825553456038,0.0,0.0024727645974759,0.007394965824527,0.0132969417034082,0.0412671752163669,0.0001866237432057,0.0005831991975179,0.0010264305876315,0.000163295775305
3112611,0.0399682161303139,0.378307508939213,0.0034962256654747,0.0426698450536353,7.94596742153357e-05,0.021771950735002,0.0,7.94596742153357e-05,0.001907032181168,0.11601112435439,0.0027810885975367,0.0015097338100913,0.0566547477155344,0.0081048867699642,0.0741358760429082,0.0252681764004768,0.0109654350417163,0.0188319427890346,0.0294000794596742,0.0,0.0305125148986889,0.002622169249106,0.0,0.0158124751688518,0.0127135478744537,7.94596742153357e-05,0.0190703218116806,0.0001589193484306,0.0012713547874453,0.0,0.0310687326181963
3115704,0.0160886319845857,0.585356454720617,0.0064547206165703,0.057514450867052,0.0,0.010019267822736,0.0,0.0,0.0,0.0485549132947977,0.0028901734104046,0.0038535645472061,0.0227360308285164,0.0076107899807321,0.0766859344894027,0.0227360308285164,0.0005780346820809,0.0088631984585741,0.0124277456647399,0.0,0.004431599229287,0.0028901734104046,0.0,0.0101156069364162,0.0103082851637765,0.0023121387283237,0.0176300578034682,0.0,0.0003853564547206,0.0,0.0005780346820809
3115398,0.0367719492673316,0.264514838074129,9.23531584780199e-05,0.0,6.156877231868e-05,0.0242734884866396,0.0002000985100357,4.617657923901e-05,0.0007388252678241,0.321219677379633,0.0083425686491811,0.0014314739564093,0.0029245166851373,0.0055411895086812,0.0738055658170176,0.0716814431720231,0.0037710873045191,0.0032323605467307,0.0080501169806674,0.0004771579854697,0.000184706316956,0.0020317694865164,0.0,0.008157862332225,0.0149458194803596,0.0237501539219308,1.539219307967e-05,0.000184706316956,0.0010466691294175,0.0042174609038295,9.23531584780199e-05
3115401,0.0390857899966876,0.466797998640191,0.0001046006868778,5.23003434389219e-05,6.97337912518959e-05,0.0532068827251966,0.0,0.0,8.71672390648699e-05,0.0877948431861369,0.0090130925193075,0.0065375429298652,0.003347221980091,0.0024581161416293,0.102683007618417,0.0225937483656143,0.0047244643573159,0.0191593591464584,0.0541831558027231,8.71672390648699e-05,0.0169453112742107,0.0020222799463049,6.97337912518959e-05,0.0130750858597305,0.0144348947891424,0.0168930109307718,0.0,0.0,0.0008716723906486,0.0005230034343892,0.0209201373755688
3115407,0.0716357592152006,0.341948310139165,0.007887103607861,3.25913372225662e-05,4.88870058338494e-05,0.0020858455822442,4.88870058338494e-05,3.25913372225662e-05,0.0028028550011407,0.0806309682886289,0.0095492618062119,0.0064530847700681,0.0036013427630935,0.0106247759345566,0.0422872600462797,0.0331453899553499,0.0104129322426099,0.0271811752436202,0.0835478929700486,0.0055242316592249,0.0997783789068866,0.0043509435192125,3.25913372225662e-05,0.0176156177687971,0.0164912166346185,0.0087996610500928,0.0393377440276375,0.0013199491575139,0.0047257438972721,0.0002281393605579,0.0524883485969429
3115414,0.0087924165407336,0.467303200989147,0.0039497183679076,0.0,0.0,0.02483170765215,0.0002060722626734,0.0,0.0002404176397856,0.036955625772771,0.0025072125291935,0.0022667948894078,0.0021294133809589,0.0136694600906718,0.0573224344003297,0.107329303475752,0.0748729221046847,0.0394284929248523,0.0478431103173513,0.0014768512158263,0.0207102623986811,0.0019920318725099,0.0,0.0268580849017722,0.0086893804093968,0.0129482071713147,0.0170353070476714,0.0,6.86907542244814e-05,0.0012020881989284,0.0082085451298255
3105622,0.0482303319273794,0.796900788556758,0.0059141756831102,0.0,0.0,0.0,0.0,0.0,0.0007335411699981,0.0,0.0,0.0,0.0,0.0,0.0,0.0,0.0,0.0,0.0,0.0,0.0,0.0001833852924995,0.0,0.0,0.0,0.0,0.0,0.0,0.0209976159911975,0.0039427837887401,0.0
3107794,0.0868965517241379,0.113694581280788,0.0007881773399014,0.0,0.0,0.0,0.0015763546798029,0.0017733990147783,0.0025615763546798,0.0204926108374384,0.0007881773399014,0.366699507389163,0.0,0.016551724137931,0.0005911330049261,0.0,0.0023645320197044,0.0003940886699507,0.0,0.0516256157635468,0.0,0.0135960591133005,0.0,0.0001970443349753,0.0,0.0,0.0023645320197044,0.0482758620689655,0.0258128078817734,0.0882758620689655,0.0
3112821,0.0119794637763833,0.403308613804906,0.0016479685618305,0.0273816314888762,0.0001901502186727,6.33834062242505e-05,0.0001267668124485,0.0,0.0008873676871395,0.205869303416366,0.0084299930278253,0.0121696139950561,0.0061481904037523,0.0019015021867275,0.232426950624327,0.002281802624073,0.0057045065601825,0.0116625467452621,0.0061481904037523,0.0003803004373455,0.0,0.0072890917157888,0.0001901502186727,0.0119160803701591,0.0169867528680991,0.006591874247322,0.0034860873423337,0.0001901502186727,0.0003803004373455,0.0108385624643468,6.33834062242505e-05
3112824,0.0211361918941769,0.274725603597268,0.0020425417299505,0.0789857620625931,0.0001197094054183,0.102306650605655,0.0001795641081275,0.0,0.0024166336218828,0.105404131470855,0.0048781582707976,0.0114472118931294,0.0168640624883096,0.001227021405538,0.148372326178202,0.0410752897341703,0.0138937728663669,0.026448296759616,0.0152704310286779,0.0040102650815146,0.0001346730810956,0.0052223228113753,7.48183783864669e-06,0.0129286157851815,0.0068234361088457,0.0059256155682081,0.0275780542732517,7.48183783864669e-06,7.48183783864669e-06,0.0495746575188729,0.0027757618381379
3115554,0.0674870611013888,0.259541274155714,0.0173232304427151,0.0379416911792084,0.000102394161671,0.0482741929478348,4.65428007595785e-05,0.0002792568045574,0.0003444167256208,0.0714338906058011,0.0096157426369289,0.0183844063000335,0.0218192649960904,0.0065718434672524,0.116096362214693,0.107914137841159,0.0214655397103176,0.0205067580146703,0.0263152995494657,0.0002978739248613,5.58513609114942e-05,0.0030625162899802,0.0059854041776818,0.0331105484603642,0.0106396842536396,0.0244535875190825,0.0359217336262427,0.0002792568045574,0.0009494731354954,0.0018430949100793,0.0149867818445843
3115562,0.0401329372073115,0.212288299175856,0.0075952129177367,0.0220135287107441,5.03550027695252e-05,0.0156855833627071,3.35700018463501e-05,0.0,0.0011245950618527,0.051009617805529,0.0055894053074172,0.0207462611410444,0.039310472162076,0.0055726203064941,0.0783188143075348,0.0496836027325981,0.0102052805612904,0.0556590630612485,0.0257901539184585,0.000100710005539,0.0194957785722678,0.0063950853517296,0.0001678500092317,0.0192523960588818,0.0148631183174715,0.0114809406314517,0.0732581365291975,8.39250046158753e-06,0.0,0.0026939926481696,0.0118921731540695
3105682,0.124180904522613,0.0001608040201005,0.0,0.0,4.02010050251256e-05,0.0,0.0024924623115577,0.0235577889447236,0.0012462311557788,0.0002814070351758,0.0,0.0,0.0,0.0,0.0036180904522613,0.0,0.0,0.025929648241206,0.0,0.201165829145729,0.0,0.034894472361809,0.0,0.0,0.0,4.02010050251256e-05,0.0,0.0693467336683417,0.141145728643216,0.0141105527638191,0.293547738693467
3107912,0.181891528462573,0.0001344688480502,0.0,0.0,0.0004930524428507,0.0,0.0021963245181532,0.0038099506947557,0.0015688032272523,0.194710891976692,0.002061855670103,0.0132227700582698,0.0085163603765127,0.0417301658449126,0.0327207530255491,0.0009412819363514,0.0096369341102644,0.0089645898700134,0.0047960555804571,0.0555804571940834,0.0001792917974002,0.0267593007619901,0.0,0.0045719408337068,0.0604213357238906,0.0069475571492604,0.0,0.0458090542357687,0.0216046615867324,0.184087852980726,0.0
3107915,0.258150532258401,0.0006457929712726,4.16640626627502e-05,0.0001041601566568,6.24960939941254e-05,0.0,6.24960939941254e-05,0.0003124804699706,0.001999875007812,0.0549340666208362,0.0056246484594712,0.0484136408141158,0.092910859737933,0.0149782305272587,0.0594962814824073,0.171051809261921,0.0003124804699706,0.035372789200675,0.0275607774514093,0.006999562527342,0.027769097764723,0.0095202383184384,0.0001458242193196,0.0116034414515759,0.0216444805532988,0.0009374414099118,2.08320313313751e-05,0.0231860508718205,0.0119159219215466,0.0812240901610316,0.0095410703497698
3112872,0.108151803948264,0.34481364874064,0.0004892784206943,0.0550970047651464,0.0498000340367597,0.0006381892443839,0.0006594622191967,0.001042375765827,0.0133381552076242,0.0719877467665078,0.0121468686181076,0.0011274676650782,6.38189244383935e-05,0.0096366575901974,0.0642443839346494,0.0163163716814159,0.0072328114363512,0.00767954390742,0.0165929203539823,0.044928522804629,0.0433755956432948,0.0007871000680735,0.0008721919673247,0.0020422055820285,0.0209326072157931,0.001467835262083,0.0463112661674609,0.0041482300884955,0.0029143975493533,0.0126786929884275,0.0008934649421375
3108826,0.0320778145695364,0.127226821192053,0.0010264900662251,0.032682119205298,0.32523178807947,5.79470198675497e-05,0.0002152317880794,0.0020198675496688,0.0276158940397351,0.0686920529801325,0.0068791390728476,0.0173923841059603,0.0012334437086092,0.0108692052980132,0.0504884105960265,0.0602980132450331,0.0013741721854304,0.0150165562913907,0.0146026490066225,0.001523178807947,0.0605298013245033,0.00466059602649,0.0055546357615894,0.0054966887417218,0.0115480132450331,0.0130877483443709,0.0386009933774834,0.0012086092715231,0.0032119205298013,0.0255877483443709,0.0003890728476821
3115570,0.0126079447322971,0.373737046632124,0.0023316062176165,0.0160405872193437,0.0005397236614853,0.0432966321243523,0.0002806563039723,3.23834196891192e-05,0.0025259067357513,0.1073402417962,0.0062392055267702,0.0187392055267703,0.0026230569948186,0.0097150259067357,0.0820164075993092,0.0750323834196891,0.0053324697754749,0.0610859240069085,0.0238341968911917,0.0007664075993091,0.0090889464594127,0.0031411917098445,2.15889464594128e-05,0.0398639896373057,0.0258635578583765,0.0095962867012089,0.0347366148531952,7.55613126079447e-05,0.0003454231433506,0.0095315198618307,0.0061852331606217
3105628,0.159857738715924,0.360829733353195,0.0029420527335021,0.0456762997169671,0.147866080738865,0.0,0.0001489646953671,0.0002048264561298,0.0017503351705645,0.0367570385818561,0.0007075823029941,0.0,3.72411738417995e-05,0.00538134962014,0.0002234470430507,5.58617607626992e-05,0.0,3.72411738417995e-05,5.58617607626992e-05,0.0030537762550275,5.58617607626992e-05,3.72411738417995e-05,0.0015455087144346,0.0,0.0,0.0209295396990913,3.72411738417995e-05,0.0381535826009236,0.169670788023238,0.0018620586920899,1.86205869208997e-05
3114685,0.0771716277525728,0.0946110434878831,0.0006196746707978,0.0060418280402788,0.186964700675003,0.0044705101250415,6.63937147283391e-05,8.85249529711187e-05,0.0019918114418501,0.188890118402125,0.0185902401239349,0.0020139426800929,0.0317583268783888,0.0029877171627752,0.072524067721589,0.0040278853601859,0.002810667256833,0.0010622994356534,0.0400132787429457,0.0020582051565785,0.0460993692597101,0.0320681642137878,0.0135885802810667,0.0043377226955848,0.0767290029877172,0.0079008520526723,0.0055992032754232,0.0027885360185902,0.0092287263472391,0.0135443178045812,0.0165984286820848
3112696,0.0404382802988709,0.0871428230407486,0.0010980878947745,0.0067317562244873,0.537036594972667,0.0035687856580172,5.96786899333986e-05,0.0,0.0001671003318135,0.0291948151154186,0.0030436131866033,0.0172232699147788,0.0232030746461054,0.0015874531522284,0.0632116683774558,0.0321190709221551,0.0028168341648564,0.0006445298512807,0.0147883793654962,0.0011816380606812,0.0325606932276623,0.0028765128547898,0.0054785037358859,0.0027213482609629,0.007340478861808,0.0017664892220286,0.030782268267647,0.0001671003318135,0.0022797259554558,0.0300183810364995,0.0024229548112959
3112699,0.0019614680498648,0.0599773341469793,0.0012204690088048,0.0027460552698108,0.892206433615204,0.0010461162932612,0.0,0.0,8.71763577717723e-05,0.0017435271554354,0.0003051172522012,0.0004358817888588,0.001525586261006,0.0003051172522012,0.0043152297097027,0.0025281143753814,0.0017435271554354,0.0042716415308168,0.0020050562287507,0.0001743527155435,0.0049254642141051,0.0001743527155435,0.000348705431087,0.0007845872199459,0.00074099904106,8.71763577717723e-05,0.0058844041495946,4.35881788858861e-05,0.0010025281143753,0.0009589399354894,0.0002615290733153
3115575,0.135612636031194,0.148896329911442,0.0054192183989073,0.0054412477419923,0.208507732299423,0.119421068863726,6.60880292549676e-05,2.20293430849892e-05,0.0011014671542494,0.0415693704013746,0.0052209543111424,0.0002863814601048,0.0013217605850993,0.0044719566462528,0.0218751376833943,0.0281975591487862,0.0113230823456845,0.0139886328589681,0.0475613517204917,0.0008811737233995,0.065206855531568,0.0062343040930519,0.0324271930211041,0.006014010662202,0.0130634004493986,0.0014539366436092,0.0010353791249944,0.0004185575186147,0.0010353791249944,0.003965281755298,0.0087015905185707
3115580,0.0026288791997948,0.0419979481918441,0.0006411900487304,0.0011541420877148,0.724031803026417,0.0007694280584765,6.41190048730444e-05,0.0,0.0003205950243652,0.0110284688381636,0.0008335470633495,0.0108361118235445,0.0079507566042575,0.0008976660682226,0.136573480379584,0.0064760194921774,0.0002564760194921,0.0003847140292382,0.0020518081559374,6.41190048730444e-05,0.0019876891510643,0.0009617850730956,0.0003205950243652,0.0030777122339061,0.0051295203898435,6.41190048730444e-05,0.007245447550654,6.41190048730444e-05,6.41190048730444e-05,0.0281482431392665,0.0
3102958,4.20150413848158e-05,0.0001260451241544,0.0,0.0,0.0007142557035418,4.20150413848158e-05,0.0,0.0,0.0682744422503256,0.0002941052896937,0.0,0.0,0.0001680601655392,0.0,8.40300827696315e-05,0.0,0.0001260451241544,0.0,8.40300827696315e-05,0.163816646359397,0.0,0.0024788874417041,0.0,0.0,0.0,0.0,8.40300827696315e-05,0.0,0.0204193101130205,0.0021427671106256,0.0
3105736,0.492862748945355,0.000956538801138,4.90532718532326e-05,0.0,9.81065437064652e-05,0.000122633179633,2.45266359266163e-05,0.0299224958304719,0.0092955950161875,0.001275385068184,0.0,0.0,0.0,0.0,0.0004660060826057,0.0003924261748258,0.0002452663592661,4.90532718532326e-05,0.0002207397233395,0.1589571274404,7.35799077798489e-05,0.0001716864514863,2.45266359266163e-05,7.35799077798489e-05,4.90532718532326e-05,2.45266359266163e-05,2.45266359266163e-05,0.0001962130874129,0.0089522221132149,0.0028450897674874,0.0
3107884,0.361628460550803,8.65588528066708e-05,0.0,0.0,0.0074584878168414,0.0,0.0014859269731811,0.0006347649205822,0.003447927636799,0.0592351082706984,0.0,0.0,1.44264754677785e-05,0.0,0.0059148549417891,0.0,0.0,0.0,0.0004183677885655,0.197556155055758,0.0064919139605003,0.0632023890243375,0.0,0.0015292063995845,1.44264754677785e-05,0.0,0.0,2.88529509355569e-05,0.0160278142447019,0.115094421281937,0.0
3107887,0.538555064951686,0.0,0.0,0.0,6.39918090484418e-05,0.0,0.0039035003519549,0.0,0.0044794266333909,0.154988161515326,0.0,6.39918090484418e-05,0.0085749024124912,0.0,0.04722595507775,0.0,0.0313559864337365,0.0,0.0001919754271453,0.0288603058808473,0.0001279836180968,0.0283483714084597,0.0,0.001599795226211,0.0090228450758302,0.0,0.0,0.0,0.013182312663979,0.0332117488961413,0.0
3114721,0.143030913132838,0.0006501405142401,0.0,8.38890986116354e-05,6.29168239587266e-05,6.29168239587266e-05,0.0024118115850845,2.09722746529089e-05,0.0037120926135648,0.149658151923158,0.000209722746529,2.09722746529089e-05,0.0014261146763978,0.0012583364791745,0.0116815569816702,8.38890986116354e-05,0.168197642716329,0.0005662514156285,0.0080114089174111,0.0419655215804706,4.19445493058177e-05,0.0122897529466046,2.09722746529089e-05,0.003208758021895,0.0013841701270919,0.0639234931420662,0.0074871020510884,0.0097521077136026,0.0790654754414664,0.0004194454930581,0.0
3114724,0.071163562466208,0.366314297965956,0.101497100881854,0.0,0.0001491507727874,3.72876931968604e-05,1.86438465984302e-05,0.0,0.0024050562111974,0.11710200048474,0.0001677946193858,0.0002050823125827,0.0005593153979529,0.0039338516322687,0.0122490072151686,0.000130506926189,0.127728993045845,0.0109066502600817,0.0138896657158305,0.0072897440199862,0.000130506926189,0.0052575647407573,0.0,0.0024050562111974,0.0056677293659227,0.0598653914275593,0.0011932061822995,0.0026101385237802,0.0142811864943975,1.86438465984302e-05,0.0
3112770,0.000118193995745,0.672195519134295,0.161544926851049,3.28316654847267e-05,6.56633309694534e-05,6.56633309694534e-06,2.62653323877814e-05,0.0,5.90969978725081e-05,0.0191802589761773,0.0001575919943266,3.28316654847267e-05,0.0006238016442098,0.0019370682635988,0.0243742284558611,4.59643316786174e-05,0.025470806083051,0.0020289969269561,0.0028038242323956,0.0004202453182045,0.000111627662648,0.0026265332387781,6.56633309694534e-06,0.0009192866335723,0.0023179155832217,0.0068618180863078,0.0333766711317732,0.0003742809865258,0.0015299556115882,0.0014774249468127,0.0123906705539359
3112773,0.0038773499884727,0.582886215496825,0.112631777502987,1.04793242931696e-05,2.61983107329239e-05,2.09586485863392e-05,1.57189864397544e-05,0.0,0.0008278666191603,0.0387630205604343,0.0019910716157022,0.0167931171798042,0.0,0.007508435856056,0.0522970678850628,5.23966214658479e-06,0.0281265064028671,0.014613417726825,0.010940414562069,0.0023630876281097,1.04793242931696e-05,0.0053811330245425,0.0,0.0199159558191688,0.0047785718776853,0.0071783371408211,0.0377832037390229,2.09586485863392e-05,0.0001624295265441,0.0020329889128749,0.0173170833944627
3108380,0.0103138974057122,0.531473200558743,0.0972352780974637,9.66378802920221e-05,0.0001142084039814,2.63557855341878e-05,0.0001054231421367,5.27115710683757e-05,0.0016340587031196,0.0950653184218156,0.0042257109473147,0.0273836611700212,8.78526184472928e-05,0.0094178006975497,0.060618306728632,1.75705236894586e-05,0.0148822335649714,0.0349565568801778,0.0152424293006053,0.0003514104737891,4.39263092236464e-05,0.0017219113215669,0.0002020610224287,0.0099009900990099,0.0083459987524928,0.0297381113444086,0.0273660906463317,1.75705236894586e-05,0.0001317789276709,0.0012035808727279,0.0023895912217663
3107964,0.677756240357609,0.0001977926342023,0.0,0.0,0.0,0.0,0.0001582341073618,0.0,0.0136476917599589,0.0,0.0,0.0,0.0,0.0,0.0001582341073618,0.0,0.0,0.0,0.0,0.108706831757585,0.0,0.0010680802246924,3.95585268404605e-05,0.0,0.006962300723921,0.0,0.0,7.91170536809209e-05,0.152419003916294,0.0131729894378733,0.0
3114775,0.049897629482709,0.0023993089990082,2.39930899900829e-05,0.0001279631466137,0.0196423430052145,0.0001839470232573,0.000199942416584,7.99769666336095e-06,0.00097571899293,0.370949166640008,0.0111407914520618,0.0699078665344381,0.0012796314661377,0.0448190921014748,0.104865798649989,0.0044627147381554,0.0096212290860232,0.0182907322691065,0.0118605841517643,0.0264723759557248,6.39815733068876e-05,0.021537797114431,0.0001199654499504,0.0051345212578777,0.0285997632681788,0.0157794555168112,0.106457340285998,7.19792699702486e-05,0.0007437857896925,0.0039908506350171,4.79861799801657e-05
3114777,0.043908187314274,0.0092222563787273,5.12347576595963e-05,0.0009222256378727,0.010913003381494,0.001639512245107,5.12347576595963e-05,0.0,0.0006148170919151,0.184803770878164,0.0075315093759606,0.0583563889742802,0.0018444512757454,0.0145506711753253,0.330412952146736,0.112306588789835,0.0030228507019161,0.0434470744953376,0.0110667076544728,0.0,0.0006148170919151,0.0216210677323496,0.0,0.0108105338661748,0.0299210984732042,0.0068142227687263,0.0624039348293883,0.0001537042729787,0.0002561737882979,0.0066092837380879,0.0
3112881,0.0228965552606951,1.28200197428304e-05,1.28200197428304e-05,0.0,0.0,0.0,0.0003333205133135,0.000448700690999,0.0101790956758073,0.174929169390921,0.0070510108585567,0.0231144955963232,0.069240926631027,0.0162942450931374,0.148942989372204,0.113841775316334,0.0064100098714152,0.0914964809045806,0.0474340730484725,5.12800789713216e-05,0.0067176903452431,0.010884196761663,0.0,0.0121277386767176,0.0236913964847506,0.0153327436124252,0.183749342973988,0.0001153801776854,0.0001153801776854,0.000525620809456,0.0
3113318,0.0084556239483717,0.165875061234053,0.0,0.0,4.25976017550212e-05,0.109901812527955,0.0001490916061425,2.12988008775106e-05,0.0007241592298353,0.1054077655428,0.0227897169389363,0.0151647462247875,0.0671764179676684,0.0053885966220101,0.12500266235011,0.0675597963834636,0.023024003748589,0.0460480074971779,0.0497752976507423,0.000127792805265,0.0349513322399949,0.0133969457519542,0.0,0.0149943558177675,0.0146322762028498,0.017017741901131,0.0746735958765521,0.0012140316500181,0.0013844220570381,0.0043023577772571,0.0
3115612,0.0072968943577683,0.366860550574302,0.0003044747285975,0.0004094660143208,0.0182894819729962,0.195199798416731,3.14973857169855e-05,6.2994771433971e-05,0.0006824433572013,0.112571656552506,0.004189152300359,0.0080423324864036,0.0485899670327363,0.0018478466287298,0.041293072674968,0.0094072192008063,0.0185939567015938,0.023171576759129,0.0096591982865422,0.0001994834428742,0.0013648867144027,0.0032232324717048,2.0998257144657e-05,0.0072338995863343,0.020903764987506,0.0083048107007118,0.0775885601495076,2.0998257144657e-05,0.0014698780001259,0.0048715956575604,0.0007349390000629
3114812,0.0277345408235461,0.192443752653177,0.0005660110372152,0.0073581434837979,0.214518183104571,0.0969293901231074,0.0001415027593038,0.0,0.0001415027593038,0.136691665487477,0.0052356020942408,0.0164143200792415,0.0410358001981039,0.001415027593038,0.0503749823121551,0.0213669166548748,0.0048110938163294,0.0348096787887364,0.0117447290222159,0.0002830055186076,0.0101881986698741,0.0072166407244941,0.0,0.0113202207443045,0.0063676241686712,0.0031130607046837,0.0578746285552568,0.0015565303523418,0.0012735248337342,0.0009905193151266,0.0178293476722796
3112914,0.0044883756114781,0.258258106813253,0.0044043236337351,0.0109267571065947,0.253736110410678,0.0558777548035705,1.68103955486073e-05,0.0,0.0003866390976179,0.118849496528653,0.001580177181569,0.0015465563904718,0.0369156286247415,0.0018491435103468,0.0144905609628995,0.0366466622959638,0.008556491334241,0.0087245952897271,0.0112965858086641,0.0016474187637635,0.0154991846958159,0.0008405197774303,0.0,0.0070939869215122,0.0056314825087834,0.0006219846352984,0.0541799048531612,0.0,0.0,0.0102039100980046,0.0011767276884025
3112917,0.0074406056914106,0.27839178487512,0.0015664433034548,0.0144896005569576,0.177029849447394,0.0862849186319729,0.0,0.0,0.0007832216517274,0.097402314855104,0.0030241058219476,0.0222130362892699,0.0093551475067444,0.0024584457401444,0.062092072056392,0.0329605778435297,0.0209729353407014,0.0150987729527456,0.0224088417022017,0.0001958054129318,0.0040466452005917,0.0022626403272126,2.17561569924289e-05,0.0062005047428422,0.0095509529196762,0.0265860238447481,0.057022887477156,4.35123139848577e-05,2.17561569924289e-05,0.003959620572622,0.0048516230093116
3115564,0.0030541318542441,0.228375342273397,0.0030980130590465,0.0373867864916099,0.0910447237239346,0.0539036719792179,0.0001053148915256,0.0002720634697746,0.004203819420066,0.0603805378080461,0.0066085094432352,0.005599241732781,0.0053184020220459,0.0190181141613424,0.0506389103419223,0.0595380186758408,0.0290932387839641,0.0261268693393246,0.0285403356034543,0.0023344800954855,0.0055641367689391,0.04203819420066,0.0005265744576283,0.0251790353155936,0.0196938847152987,0.0052130871305202,0.0592835076879871,8.77624096047181e-06,2.63287228814154e-05,0.0055641367689391,0.0631187249877133
3105880,0.0903645300020479,0.569526930165882,0.0,0.0,0.0004095842719639,0.0,0.0006655744419414,0.0099836166291214,0.0020991193938152,0.0063997542494368,0.0,0.0,0.0,0.0027646938357567,5.11980339954946e-05,5.11980339954946e-05,0.0273909481875896,0.0,0.0,0.0142330534507475,0.0,0.0068605365553962,0.0,0.0,0.0,0.0,0.0,0.0775650215031743,0.158713905386033,0.0,5.11980339954946e-05
3113518,0.180010198878123,0.470372259051504,0.0,0.0,0.0007139214686384,0.0,0.0023457419683834,0.0023457419683834,0.0012238653748087,0.0706782253952065,0.0,0.0063233044365119,0.0068332483426823,0.0109127995920449,0.0240693523712392,0.0,0.0071392146863845,0.0,0.0287608363080061,0.063437021927588,0.0,0.008057113717491,0.0,0.0094849566547679,0.0005099439061703,0.014278429372769,0.01580826109128,0.0186639469658338,0.0100968893421724,0.0018357980622131,0.0
3111910,0.146100859771733,0.249454472321384,0.0005631253456684,0.0011765297400573,0.0001407813364171,0.000130725526673,0.0006033485846447,0.0001106139071848,0.0408466991804515,0.0423852380712957,0.0033686962642666,0.005681532505405,0.0025541756749962,0.0130624968575595,0.0834028860173966,0.0009653577354316,0.0180803459198552,0.0218110513349087,0.0025943989139725,0.0427472472220826,0.0003117301020664,0.0089999497209512,0.0362914173663834,0.0012368645985218,0.0154256121474182,0.0107597164261652,0.143818190959827,0.0124591482729147,0.0432098144703102,0.0234602041329378,0.0002916184825783
3111911,0.166365470286627,0.249033369757082,0.0445700596789107,0.0,5.25342523325208e-05,0.0127553164663361,0.0004307808691266,0.000105068504665,0.0066088089434311,0.033989661259141,0.0077015213919475,0.0012293015045809,0.0120618643355468,0.0078381104480121,0.0785282003866521,0.150815331596201,0.0111897957468269,0.003940068924939,0.0030574934857527,0.0181348239051862,8.40548037320333e-05,0.0095297133731192,0.003898041523073,0.0044864251491972,0.0281898798016307,0.0054740690930486,0.122152643523577,0.0006093973270572,0.0015024796167101,0.0084475077750693,4.20274018660166e-05
3111912,0.0379685843692782,0.501493687963766,0.0530018309723427,0.0025697857441135,3.21223218014198e-05,0.0124634608589509,0.0002087950917092,4.81834827021297e-05,0.003983167903376,0.127204394333622,0.0019434004689859,0.0074202563361279,0.0010439754585461,0.0023449294915036,0.0303716552632424,0.0228550319617102,0.0082233143811634,0.0112428126304969,0.0270148726349941,0.0157881211653978,9.63669654042594e-05,0.0023128071697022,1.60611609007099e-05,0.0041116571905817,0.0054447335453406,0.003099804053837,0.0976839805981176,0.0001284892872056,0.0005139571488227,0.0022164402042979,0.0146799010632489
3110106,0.0374116809840899,0.224724241346007,0.0139277181924465,0.0095562445991968,0.0004574797946424,0.0204849285823209,5.08310882936004e-05,0.0,0.0002033243531744,0.144207797488944,0.0127077720734001,0.0263813348243786,0.121486301021705,0.0052356020942408,0.0550500686219692,0.0710110303461597,0.0080313119503888,0.0363950592182179,0.0445280333451939,0.001779088090276,0.0336501804503634,0.0028465409444416,0.0067097036547552,0.0138768871041529,0.0229756519087074,0.0042698114166624,0.0247039089106898,0.0,0.0001016621765872,0.0006099730595232,0.0078279875972144
3110109,0.0558488668606113,0.271235139891535,0.0152641597529002,0.031426211255971,0.0,0.0070035556513306,0.0001077470100204,3.5915670006824e-05,0.0021190245304026,0.0657975074525015,0.0134324605825522,0.0429910569981683,0.009589483891822,0.004273964730812,0.0592967711812664,0.130553460474805,0.0050641094709621,0.0139711956326545,0.0719750026936753,0.0006464820601228,0.0045253744208598,0.004884531120928,0.0031246632905936,0.0072549653413784,0.0198972811837805,0.0550587221204612,0.0765722084545487,0.0001077470100204,7.1831340013648e-05,0.0142944366627159,0.0
3101188,0.0,0.0001082661181183,0.0,0.0,0.0,0.0,0.0010826611811833,0.0,0.0372976776917664,0.0,0.0,0.0,0.0001082661181183,0.0,0.0,0.0,0.0,0.0,0.0,0.0001082661181183,0.0,0.0042765116656742,0.0001082661181183,0.0,0.0,0.304606723325935,0.0,0.0,0.275374871433985,0.0002706652952958,0.0
3105868,0.0001066894270777,0.0001600341406166,0.0,0.0,0.0001066894270777,0.0,0.0008535154166222,0.0,0.0038941640883388,0.0187239944521498,0.0,0.0040008535154166,0.0001600341406166,5.33447135388883e-05,0.0008535154166222,0.0,0.014349727941961,0.0025605462498666,0.0,0.153099327856609,0.0,0.0012269284113944,0.0,0.0,0.0499839965859383,0.141683559159287,0.0,5.33447135388883e-05,0.552704576976422,0.0018137202603222,0.0002667235676944
3107943,0.0517721518987342,5.84225900681597e-05,0.0,0.0,9.73709834469328e-06,0.0,0.0011295034079844,0.0003213242453748,0.0020545277507302,0.114235637779942,0.0,0.156407010710808,9.73709834469328e-06,0.0116455696202532,0.0059493670886075,9.73709834469328e-06,0.0243427458617332,0.119591041869523,0.0024050632911392,0.239532619279455,2.92112950340798e-05,0.0032911392405063,9.73709834469328e-06,0.0105452775073028,0.0734371957156767,0.0262804284323272,0.0,0.0066601752677702,0.0132132424537488,0.0495618305744888,0.0
3111943,0.0950570745951686,0.488261215821609,2.12370586673746e-05,0.0,3.18555880010619e-05,0.0,0.0052243164321741,0.0,0.0010193788160339,0.0502362622776745,0.0001805149986726,0.0003397929386779,0.0001168038226705,0.0140376957791346,0.0428670029200956,7.4329705335811e-05,0.0062649323068755,3.18555880010619e-05,0.0076665781789222,0.191122909477037,0.0001592779400053,0.0145898593044863,0.0,0.0010724714627024,0.0113936819750465,0.0195062383859835,1.06185293336873e-05,0.000711441465357,0.025431377754181,0.0014547385187151,0.0
3111946,0.0271501803683311,0.607746345168027,0.0013923169419657,0.0,3.16435668628568e-05,0.0,0.0006645149041199,0.0003164356686285,0.0004746535029428,0.066293272577685,0.0010125941396114,0.0071198025441427,0.005727485602177,0.0207265362951712,0.0626226188215936,9.49307005885703e-05,0.0035124359217771,0.0001265742674514,0.0031960002531485,0.119865831276501,0.0006645149041199,0.011043604835137,0.0,0.0092399215239541,0.0376874881336624,0.0024365546484399,9.49307005885703e-05,0.0002215049680399,0.0013606733751028,0.0009809505727485,3.16435668628568e-05
3112866,0.0204312851693795,0.387917469189421,0.0033989198987877,3.77657766531969e-05,0.0001132973299595,2.51771844354646e-05,0.0006671953875398,0.0,0.0021526492692322,0.251620781248033,0.0006671953875398,3.77657766531969e-05,0.0001636516988305,0.0114933846947896,0.0967685083777081,0.0018379344637889,0.0020015861626194,0.0003902463587497,0.0057026322746327,0.0082958822714855,0.0003650691743142,0.038886161360575,0.0,0.0139859259539006,0.0465652026133917,0.0457343555270214,0.0464393166912144,0.0006042524264511,0.0022155922303208,0.0040283495096743,0.0
3112869,0.0069643126035235,0.712260954675501,0.0043103448275862,5.64673994880289e-05,9.41123324800482e-05,0.0,0.000112934798976,0.0,5.64673994880289e-05,0.0974627315163379,0.0003952717964162,0.0023716307784972,0.0,0.0046115042915223,0.0630176178286403,0.0005270290618882,0.0069643126035235,0.0085265773226923,0.0049691311549465,0.0101076645083572,0.0004705616624002,0.0033503990362897,0.0,0.0080183707273001,0.0206294232796266,0.0056467399488028,0.033165185965969,0.000112934798976,0.0017316669176328,0.0011481704562565,5.64673994880289e-05
3108867,0.0056950556562257,0.383824562701084,0.002033948448652,0.0,3.69808808845827e-05,0.0846492363448097,0.0035131836840353,0.0,0.0046226101105728,0.213305720942273,0.0013313117118449,0.0057690174179949,0.0,0.0055471321326874,0.135017196109611,0.0009615029029991,0.0097259716726452,0.001590177878037,0.0188972301320217,0.0052882659664953,0.0049184571576495,0.0037720498502274,0.0,0.0007396176176916,0.0077659849857623,0.0059169409415332,0.030213379682704,0.0004437705706149,0.0022188528530749,0.054140009615029,0.0
3108400,0.0047667028367694,0.330723918772283,0.0028290187567818,9.04252570660879e-05,0.0001291789386658,0.038224047951222,0.0002066863018653,1.2917893866584e-05,0.0024027282591846,0.110305895726761,0.0015113935823903,1.2917893866584e-05,2.5835787733168e-05,0.0422802666253294,0.0974913450111094,0.0419702371725314,0.0048183744122358,0.0014209683253242,0.019221826073477,0.000620058905596,0.0061230816927608,0.0013563788559913,1.2917893866584e-05,0.0042112334005063,0.0065881258719578,0.008538727845812,0.0618767116209373,0.0,3.8753681599752e-05,0.0008525809951945,0.0036557639642432
3107997,0.0599369085173502,0.0103240607972469,0.0040149125322626,0.0002867794665901,0.0,0.0,0.0008603383997705,0.0022942357327215,0.0022942357327215,0.0960711213077144,0.0232291367938056,0.0,0.0,0.0516203039862346,0.147691425293949,0.0,0.0002867794665901,0.0,0.0157728706624606,0.137367364496702,0.0014338973329509,0.0903355319759105,0.0,0.0086033839977057,0.0094637223974763,0.0,0.0,0.0,0.0,0.214224261542874,0.0
3111905,0.0915966969675942,0.210013184373048,0.0859065991256679,0.1299354659635,0.0009714801193532,0.0003122614669349,6.93914370966623e-05,6.93914370966623e-05,0.0023246131427381,0.157934910832003,0.0069391437096662,0.0905905211296926,0.0059329678717646,0.0026368746096731,0.110887516480466,0.0119006314620776,0.0070779265838595,0.0034348761362847,0.0145375060717507,0.0008673929637082,0.0188744708902921,0.0039553119145097,0.0004163486225799,0.0067656651169245,0.0017000902088682,0.0030532232322531,0.0,0.0015960030532232,0.0024633960169315,0.0167580320588439,0.0
3111908,0.0626491646778043,0.165480998714889,0.0857123187075454,0.09957315953736,0.0001606388837892,0.009317055259776,0.0003901230034881,9.17936478795667e-05,0.0021571507251698,0.174201395263448,0.0075959243620341,0.0008261428309161,0.0003901230034881,0.0023866348448687,0.146410868367909,0.0025931705525977,0.0081237378373416,0.0037176427391224,0.0028685514962364,0.0035111070313934,0.0293280704975216,0.0168900312098403,6.88452359096751e-05,0.0104185790343308,0.0067009362952083,0.0150312098402791,0.0002983293556085,0.0020883054892601,0.0032816229116945,0.0262300348815862,0.0966357628052139
3112960,0.0615950183809738,0.33563408107635,0.0680971315677595,0.0112786655663091,0.0001000325105659,0.027258859129217,7.50243829244504e-05,0.0015755120414134,0.0052016905494285,0.237952334508715,0.0039262760397129,0.0155300472653612,0.0003751219146222,0.0077775276965013,0.0712481556505864,0.0011753819991497,0.0046515117413159,0.0431640283092005,0.0018005851901868,0.0011003576162252,0.0433891014579738,0.0034511216145247,0.0,0.0026008452747142,0.0102283242053667,0.0091779828444244,2.50081276414835e-05,0.0023257558706579,0.0018506014454697,0.0078775602070673,0.0109285517793283
3112963,0.0446366870568964,0.252335491796985,0.0575618745361009,0.0325817102198562,7.67832919556704e-05,0.0248521921629853,0.0006398607662972,2.55944306518901e-05,0.0018172045762842,0.2674362058816,0.0061426633564536,0.0040439200429986,0.0005374830436896,0.005349236006245,0.0961582759591513,0.0007678329195567,0.0060658800644979,0.0516751554861662,0.0060914744951498,0.0009981827954237,0.0712804893655141,0.0108520385964014,0.0,0.0029433595249673,0.0159709247267795,0.0051956694223337,0.0,0.0046325919479921,0.0025082542038852,0.0144608533183179,0.0
3115653,0.104536264487285,0.259646325141669,0.0135974029672239,0.0114332089871003,0.0002135717743543,0.0045277216163111,7.11905914514338e-05,7.11905914514338e-05,0.0015946692485121,0.241193723837458,0.0083292991998177,2.84762365805735e-05,0.0006691915596434,0.0040436255944414,0.0790073183928012,0.0020502890338012,0.0020787652703818,0.002833385539767,0.0037588632286357,0.0043426260785374,0.0320927186263063,0.0119315431272603,0.0089130620497195,0.0042571973687957,0.0140103083976422,0.015092405387704,0.091209385767577,7.11905914514338e-05,0.0002135717743543,0.064598342683031,5.6952473161147e-05
3115660,0.100012523089446,0.305759055759056,0.0410835603143295,0.0610265802573495,8.60962399423938e-05,0.0372796718950565,7.82693090385398e-05,8.60962399423938e-05,0.0010253279484048,0.146410569487493,0.0036786575248113,0.0033968880122726,0.0012210012210012,0.0075608152531229,0.0350411696565543,0.0140102063178986,0.0046413700259854,0.0037021383175229,0.004500485269716,0.0010801164647318,0.099965561504023,0.0009548855702701,0.0,0.0028020412635797,0.0057371403525249,0.0044848314079083,0.10517829748599,3.91346545192699e-05,0.0001174039635578,0.001925425002348,0.0
3106106,0.171041457577395,0.464293985949201,7.72021925422682e-05,0.232069790782058,0.0,0.0,0.0002316065776268,0.0113487223037134,0.0025476723538948,0.0,0.0,0.0,0.0,0.0,3.86010962711341e-05,0.0,0.0288736200108083,0.0,0.0,0.0001930054813556,0.0316915000386011,0.0002316065776268,0.0176020998996371,0.0,0.0,0.0,0.0,0.0,0.0020458581023701,3.86010962711341e-05,0.0
3113632,0.131659332125291,0.219647942013979,0.0,0.0067046337043748,0.0,2.58866166192079e-05,0.000750711881957,0.0002070929329536,0.0049961170075071,0.0712399689360601,0.0030028475278281,0.0785658814392959,0.0469065493140047,0.0035464664768314,0.142712917421693,0.0,0.0006471654154801,0.0369143152989904,0.0075847786694279,0.00685995340409,0.0,0.0253429976702045,0.0105617395806368,0.0037535594097851,0.0071447061869013,0.011700750711882,0.0,0.0001812063163344,0.0009319181982914,0.155060833549055,0.0
3112060,0.117018099277224,0.039483901797981,0.0,0.0026880114688489,0.0,0.0,5.9733588196643e-05,0.0002389343527865,0.0108117794635924,0.307209844095335,0.0057941580550743,0.0122453855803118,0.0425303147960098,0.0121856519921152,0.0802222089480915,0.0296875933337316,5.9733588196643e-05,0.0063317603488441,0.0399617705035542,0.0077653664655635,0.0004778687055731,0.031121199450451,0.0,0.0158294008721104,0.022758497102921,0.0001792007645899,0.0066304282898273,0.0020309419986858,0.0042410847619616,0.164864703422735,0.0
3112063,0.0005338493877414,0.275616429214908,9.17553635180675e-05,0.0734293150045044,0.0009175536351806,8.34139668346068e-06,0.0002168763137699,3.33655867338427e-05,0.000633946147943,0.28077975376197,0.0127206299422775,0.0403306529645324,0.0410980614594108,0.0088669046745187,0.0836141603550098,0.0028944646491608,0.0036785559374061,0.0134379900570552,0.0066898001401354,0.0015681825764906,0.0210370024356878,0.0382619865870341,1.66827933669214e-05,0.0062059991324947,0.0179423442661239,0.0039037736478596,0.0216292416002135,0.0041373327549965,0.0138967668746455,0.0087751493110006,0.0009342364285475
3108420,0.0538819832979632,0.355124989664581,0.0001929278174351,0.0916682743984786,0.0,0.0741945263622082,8.26833503293553e-05,8.26833503293553e-05,0.0004409778684232,0.117823774219331,0.0072210125954303,0.0037483118815974,0.0272855056086873,0.0036931896480445,0.0986412369429209,0.05087782156933,0.0159027643800127,0.0146073918915194,0.0042995342171264,0.0002204889342116,0.0027285505608687,0.0069454014276658,0.0,0.0043822175674558,0.0129812860017088,0.0009095168536229,0.0371799465314335,0.0,2.75611167764518e-05,0.0076619904638536,0.0003307334013174
3108423,0.012493240597438,0.456693207033508,0.000205112905331,0.114900520240914,7.45865110294803e-05,0.0198400119338418,1.86466277573701e-05,1.86466277573701e-05,0.0001864662775737,0.108933599358556,0.0088385015569934,0.0306737026608738,0.0074027112196759,0.0074213578474332,0.0614592850882918,0.0423464916369874,0.0066754927371384,0.0041581979898935,0.0165395588207873,0.0001118797665442,0.0012493240597438,0.0032445132297823,0.0,0.0046243636838277,0.0263476850211639,0.002573234630517,0.0450875459173209,3.72932555147402e-05,3.72932555147402e-05,0.0015476701038617,0.0100691789889798
3109905,0.0410973180786512,0.203900134327667,0.0002663393394784,0.0854022882023253,0.000104219741535,0.0156908610866645,2.31599425633424e-05,0.0,0.0012274769558571,0.108770670248738,0.0130390476631618,0.0288688684052064,0.0377159664644032,0.0132590671175135,0.0737644170642457,0.102772245124832,0.0114641715688545,0.0298415859928667,0.0391287229607671,0.000243179396915,0.009507156422252,0.0176131363194219,3.47399138450137e-05,0.0104914539811941,0.0265644541201538,0.0169646579276483,0.0519477511695771,2.31599425633424e-05,0.0,0.0067627032284959,0.0064847839177358
3109913,0.0184800803481754,0.280080348175427,0.0045530632741881,0.0249748911951791,0.0002008704385671,0.0198192166052896,6.69568128557081e-05,0.0,0.0001339136257114,0.0386340810177436,0.0017408771342484,0.0104452628054905,0.0335453632407097,0.0039504519584867,0.0308670907264814,0.0316036156678942,0.0133244057582859,0.0392366923334449,0.0299296953465015,0.0001339136257114,0.0034147974556411,0.005959156344158,0.0,0.0169400736524941,0.0061600267827251,0.0014060930699698,0.0104452628054905,0.0001339136257114,0.0,0.0005356545028456,0.0020087043856712
3101371,0.0384959713518353,0.686713360366528,0.0035283585233556,0.0,0.0,0.0,0.0,0.0007899310126915,0.0005792827426404,5.26620675127706e-05,0.0,0.0,0.0,0.0,0.0001053241350255,0.0,0.0,0.0,0.0,0.0040023171309705,0.0,0.0,0.0,0.0,0.0,0.0,0.124440465532677,0.0272789509716151,0.0520301227026173,0.0540312812681026,0.0
3106202,0.0735331045450741,0.599062526157194,0.0059010630283753,4.18515108395413e-05,0.0,0.0,0.0,0.002092575541977,0.0010462877709885,8.37030216790826e-05,0.0,0.0,0.0,0.0,0.0072821628860801,4.18515108395413e-05,0.0,0.0,0.0,0.0036829329538796,8.37030216790826e-05,0.0,0.0,4.18515108395413e-05,0.0,0.0,0.157152423202478,0.0377082112664267,0.0650790993554867,0.038503389972378,0.0
3111998,0.079229685589114,0.273820765670232,0.0009907580847407,0.0399089741009644,0.0,0.0102791151291856,7.74029753703732e-05,0.0002012477359629,0.0029722742542223,0.032756939176742,0.006641175286778,0.0,0.0055265724414446,0.003947551743889,0.1024660587953,0.0496927101877796,0.0040559159094075,0.0390885025620385,0.0057278201774076,0.0033747697261482,0.000433456662074,0.0193817050327415,0.0009443162995185,0.0065947335015558,0.0115949657104819,0.0021363221202223,0.100856076907596,0.0,0.0023994922364815,0.0692292211712618,0.0043964890010372
3112001,0.0968040533956933,0.398421514177141,0.0041898080483289,0.0416788463412258,0.0,0.0127886582870506,7.30780473545747e-05,0.0,0.0004384682841274,0.0592906557536783,0.0032154340836012,0.0176848874598071,0.0060898372795478,0.0076975543213485,0.0615317158725519,0.121650589496249,0.019706713436617,0.0205592906557537,0.0210708369872357,0.0005846243788365,7.30780473545747e-05,0.0035077462730195,0.0004141089350092,0.0052616194095293,0.0079411478125304,0.0025333723082919,0.0507161648640748,0.0,2.43593491181916e-05,0.0165887167494885,0.0004628276332456
3112984,0.0340222300660563,0.291994727022569,0.0031335316702804,0.0675402136564353,9.36457740543578e-05,0.0324230483860511,0.0003097514064874,1.44070421622089e-05,0.0052801809524495,0.0415643166379726,0.0046390675762312,0.0039115119470397,0.031861173741725,0.006627239394616,0.0770992861310609,0.0893380684478573,0.0063030809459663,0.0337412927438932,0.0370116913147146,0.0067785133373192,7.92387318921489e-05,0.0123396316119319,0.0003313619697308,0.0133841421686921,0.0121019154162555,0.002622081673522,0.0374294955374187,7.92387318921489e-05,0.0003745830962174,0.0741026213613214,0.0066128323524538
3112987,0.0986686874601726,0.184937051134113,0.0021183886468146,0.105437197526824,8.61133596266125e-05,0.0182215868969912,3.4445343850645e-05,0.0,0.0049773521864182,0.126776088042299,0.0085941132907359,0.0019978299433374,0.0171365585656959,0.0086630039784372,0.0306219106832234,0.0492223963625717,0.0039956598866748,0.0328091900177394,0.0967225255326111,0.0010333603155193,6.889068770129e-05,0.0055284776880285,0.0001377813754025,0.0121419837073524,0.0098685910132097,0.0032895303377366,0.0720941046794,3.4445343850645e-05,0.0001033360315519,0.0028934088834541,0.0077846477102457
3110099,0.0243633179793673,0.217023868438083,0.0007994213711979,0.0760211656324946,0.0,0.070691689824508,0.0001903384217138,0.0001142030530282,0.0059766264418135,0.0465187102668545,0.0047965282271879,0.0,0.0291598462065553,0.0051772050706155,0.153907647797784,0.0835585671323613,0.0062811679165556,0.0599566028398493,0.0220792569188016,0.0096691918230614,3.80676843427614e-05,0.0126765388861396,7.61353686855229e-05,0.0167117134264723,0.0121816589896837,0.0049868666489017,0.0435874985724618,0.0,0.0006471506338269,0.0412653698275534,0.0018272488484525
3110105,0.0543380602613858,0.351185128238378,0.0027694673175069,0.0372720283800932,1.85248650000463e-05,0.0712281059251781,0.0001065179737502,4.16809462501042e-05,0.0139029111825348,0.0651380565564128,0.0145790687550364,0.0323073645600808,0.0119114881950298,0.0128608875262822,0.0440289728888601,0.0947639469077369,0.0064698091012661,0.0159128590350398,0.0354797476913387,0.0011809601437529,0.0001528301362503,0.0021627779887554,0.0005094337875012,0.011189018460028,0.0295378972425738,0.0170382445837926,0.0341691134925854,4.16809462501042e-05,0.0001528301362503,0.0066735826162666,0.0097487102062743
3111986,0.0263649788811665,0.276414032406308,0.0027676515237574,0.0002065411584893,3.09811737734037e-05,0.0013631716460297,0.0001445788109425,3.09811737734037e-05,0.0030671362035669,0.0855183666725187,0.019311598318755,0.0051532019043094,0.0345543358152696,0.0064131029710945,0.174599568328979,0.0402238906158025,0.0055766112792126,0.0555905528074107,0.0623444486900127,0.0010843410820691,0.0001858870426404,0.0064131029710945,1.03270579244679e-05,0.0314045831483069,0.0230913015191102,0.0032943314779052,0.0455733066206768,0.0001445788109425,0.0012392469509361,0.0158313797982093,0.0047194654714818
3111989,0.0259486322993258,0.271238568547976,0.0019960486384096,0.0,2.03678432490784e-05,0.0023015662871458,0.0001222070594944,2.03678432490784e-05,0.0029126015846182,0.215064056867018,0.0010794956922011,8.14713729963134e-05,0.0080045623968877,0.0020164164816587,0.0963602664113897,0.002607083935882,0.0006925066704686,0.0598203556225431,0.0196142330488625,0.0012628062814428,0.0001833105892417,0.025744953866835,0.0,0.0071694808236755,0.0056826282664928,0.0269059209320325,0.0303480864411267,0.0002240462757398,0.0013442776544391,0.0418151821903579,0.0445852088722325
3108157,0.043590451221195,0.476279839933766,0.0070787912239547,0.0001241893197185,2.7597626604112e-05,0.0166689664688837,0.0,0.0,0.0001241893197185,0.116268800883124,0.0045674072029805,0.000248378639437,0.0054919276942183,0.0006071477852904,0.0630881744170001,0.0185594038912654,0.0030909341796605,0.0329515661653098,0.0067062232647992,0.000262177452739,0.0207120187663861,0.0034359045122119,1.3798813302056e-05,0.004926176348834,0.0019180350489857,0.0049537739754381,0.0564233475921071,0.0,2.7597626604112e-05,0.0039878570442941,0.0768179936525459
3109981,0.0257047574383826,0.296414986191444,0.0023187952686155,0.0165442134333802,6.77400864988797e-05,0.032108801000469,4.16862070762336e-05,1.56323276535876e-05,0.0036267000156323,0.0562607472252618,0.0079881194309832,0.0148038142879475,0.0021676827679641,0.0038351310510135,0.108300765984055,0.0612943567297171,0.0047939138137668,0.0223750716481684,0.0487155437444636,0.0005106560366838,3.64754311917044e-05,0.0484966911573133,1.04215517690584e-05,0.0093429211609608,0.009285602626231,0.02302120785785,0.060564848105883,2.08431035381168e-05,2.08431035381168e-05,0.0132822677296649,0.031853472982127
3109989,0.0261133383898581,0.396711453028497,0.0016253115180409,0.0278470040091017,0.0,0.0286325712428215,2.70885253006826e-05,2.70885253006826e-05,0.0001354426265034,0.081509372629754,0.0120002167082024,0.0074493444576877,0.027142702351284,0.004090367320403,0.0593780474590963,0.0241900530935096,0.0083432657926102,0.0627099360710803,0.0374905190161448,2.70885253006826e-05,0.0,0.02936396142594,0.0,0.0211290497345325,0.0071513706793802,0.0044425181493119,0.0327229385632246,0.0,0.0,0.0001896196771047,0.036190269801712
3101413,0.0,0.0,0.0,0.0,0.0,0.0002409638554216,0.0424096385542169,0.0125301204819277,0.0021686746987951,0.399277108433735,0.0050602409638554,0.0,0.0,0.0537349397590361,0.116385542168675,0.0,0.0,0.0,0.0,0.0002409638554216,0.0,0.0,0.0,0.0718072289156627,0.0,0.204096385542169,0.0,0.0,0.0,0.0113253012048193,0.0
3106190,0.0468716861081654,0.001272534464475,0.0001060445387062,0.0003181336161187,0.0,0.0,0.0,0.0007423117709437,0.0,0.004559915164369,0.0,0.0,0.0,0.0009544008483563,0.0,0.0,0.0,0.0,0.0,0.0,0.0,0.0,0.0,0.0,0.0010604453870625,0.0242841993637328,0.0,0.290880169671262,0.623753976670201,0.0021208907741251,0.0
3112161,0.186062361560743,0.0,0.0,0.0,0.0,0.0626171409098654,0.0042596694496507,0.0006815471119441,0.0535866416766059,0.242119611518146,0.0214687340262396,0.116118589197478,0.0101380132901687,0.0214687340262396,0.0623615607428864,0.0404668597716817,0.0017890611688533,0.000255580166979,0.0043448628386437,0.0490713920599761,0.006133924007497,0.0016186743908672,0.0,0.0033225421707275,0.0244505026409951,0.0021298347248253,0.0,0.0184869654114841,0.0619355937979213,8.51933889930141e-05,0.0
3112164,0.200276677356474,0.0105483242155568,0.0001100421304156,0.0,7.86015217254606e-05,0.0004244482173174,0.0007860152172546,0.0002672451738665,0.045903288687669,0.0275262529082563,0.0009432182607055,0.0002672451738665,0.0007702949129095,0.0303087467773376,0.0011790228258819,0.000345846695592,0.0002200842608312,0.0011161416085015,0.001037540086776,0.0011004213041564,0.0008174558259447,3.14406086901842e-05,0.0004244482173174,9.43218260705527e-05,6.28812173803685e-05,1.57203043450921e-05,0.0004401685216625,0.0005816512607684,0.437244545054392,4.71609130352764e-05,9.43218260705527e-05
3108569,0.126701651291395,0.437842415222161,0.004785794018399,0.0159098782381093,5.13221878648687e-05,0.0281887116847791,2.56610939324343e-05,1.28305469662172e-05,0.0005388829725811,0.0213243690578529,0.0028227203325677,0.0020528875145947,0.0018989209510001,0.0055941184772706,0.0599186543322342,0.0376191637049487,0.0023479900948177,0.0016423100116758,0.0084040082628722,0.0054273213667098,0.0397233734074084,0.0030793312718921,0.0029895174431286,0.0014626823541487,0.0037465197141354,0.0002566109393243,0.139801639743902,7.6983281797303e-05,0.0006415273483108,0.0001411360166283,0.0383248437880907
3108572,0.423538966532435,0.0001861189130655,0.0,0.0,3.38398023755541e-05,0.0,0.0027241040912321,0.366349700517749,0.0207099590538391,0.0183750126899259,1.69199011877771e-05,1.69199011877771e-05,0.0003214781225677,0.0038746573720009,0.0031301817197387,0.0237217014652634,1.69199011877771e-05,0.0010490338736421,0.0014212716997732,0.0260228080268011,6.76796047511083e-05,0.0002030388142533,0.0459882914283781,0.0015735508104632,0.0013028323914588,0.0026733443876687,3.38398023755541e-05,0.0057696863050319,0.0138404791716016,0.0017765896247165,1.69199011877771e-05
3109970,0.0250884270221287,0.416060101142974,0.0035443889035049,0.0491464234558157,7.30801835774212e-05,0.0967800871115788,0.0,7.30801835774211e-06,0.0005846414686193,0.0354438890350493,0.002462802186559,0.0031570639305445,0.031709491654243,0.0024262620947703,0.036642404045719,0.045141629395773,0.0174076997281417,0.031256394516063,0.0197316495659037,0.0002046245140167,4.38481101464527e-05,0.0028647431962349,7.30801835774211e-06,0.0107647110409541,0.0108231751878161,0.0036393931421555,0.0538674033149171,0.0008184980560671,0.0018635446812242,0.0011473588821655,0.0240799204887603
3109978,0.0053169161886106,0.61602770393172,0.0848607807471666,0.0229466909192668,0.0003148174059045,0.0426752483559536,3.4979711767175e-05,0.0,0.0007695536588778,0.0215475024485798,0.0082552119770533,0.0017140058765915,0.0018539247236602,0.0023436406884007,0.0228767314957325,0.0066811249475304,0.0152161746187211,0.0151112354834196,0.0142717224010074,3.4979711767175e-05,0.0022387015530992,0.0029732755002098,3.4979711767175e-05,0.0061914089827899,0.0121379599832097,0.0031131943472785,0.0353295088848468,3.4979711767175e-05,0.0001049391353015,0.0003148174059045,0.0037078494473205
3101466,0.122466457322295,7.13673993719669e-05,0.0,0.0,0.0002141021981159,0.0,0.0013559805880673,0.0062089637453611,0.0023551241792749,0.299957179560377,0.0074935769340565,7.13673993719669e-05,0.0,0.108763916642878,0.0003568369968598,0.0001427347987439,0.0,0.0,0.0,0.0119897230944904,0.0,0.0,0.0,0.0,0.0,0.0,0.0,0.0588067370825007,0.101341707108193,0.0057807593491293,0.0
3106346,0.0186522812471427,0.0010057602633263,0.0,0.0,0.0001828655024229,0.0,0.0,0.0,0.0385846210112462,0.0002742982536344,0.0,0.0,0.0003657310048459,0.0001828655024229,9.1432751211484e-05,0.0,9.1432751211484e-05,0.0,0.0,0.0733290664716101,0.0,0.0,0.0,0.0,0.0,0.0,0.0,0.276218341409893,0.582335192465941,0.002834415287556,0.0
3106349,0.0041748273373879,0.0006184929388722,0.0001889839535443,0.0,0.000154623234718,1.71803594131189e-05,3.43607188262378e-05,0.0004295089853279,0.000584132220046,0.0692196680754561,0.0030237432567089,3.43607188262378e-05,0.0001202625158918,0.022678074425317,0.0005497715012198,0.0001202625158918,0.0001374428753049,0.0005497715012198,0.0004810500635673,0.241865099817888,0.0001374428753049,0.000154623234718,3.43607188262378e-05,0.000154623234718,0.0002405250317836,0.0001718035941311,0.0,0.0047933202762601,0.613682438236608,5.15410782393568e-05,0.0
3112393,0.0416463592942782,0.480894824056926,0.0006335900185203,9.74753874646652e-05,0.0001949507749293,0.0229310849010625,0.0010234915683789,2.43688468661663e-05,0.0043132858953114,0.201505994736329,0.0014377619651038,2.43688468661663e-05,0.0002193196217954,0.0045082366702407,0.0628228872209767,0.0017058192806316,0.0255385515157423,0.0016570815868993,0.0037284335705234,0.0171312993469149,0.0003411638561263,0.0033141631737986,4.87376937323326e-05,0.0021444585242226,0.0225899210449362,0.012598693829808,0.0269275757871138,0.0014377619651038,0.0014377619651038,0.0003899015498586,0.0257091334438054
3112395,0.0917304702396668,0.316788406817448,0.0002053448326439,5.8669952183989e-05,0.0002640147848279,0.0083604681862184,5.8669952183989e-05,0.0001173399043679,0.0184516999618645,0.208923699727185,0.0038428818680512,0.0412449763853442,0.0231746311126756,0.0027281527765554,0.0456452227991434,0.0026988178004634,0.0133180791457655,0.0032561823462113,0.0220305670450879,0.0197131039338203,0.0002346798087359,0.0059256651705828,2.93349760919945e-05,0.0098858869430021,0.0296576608290064,0.0032561823462113,0.0397782275807445,2.93349760919945e-05,8.80049282759835e-05,0.0013200739241397,0.0301563554225703
3112396,0.0732102196479745,0.23934443261214,0.0105538384284391,8.65778378050787e-06,0.000103893405366,0.0121815017791746,6.06044864635551e-05,0.0,0.0040864739443997,0.1609222271283,0.0045107053496446,0.0279819571786014,0.0153156195077184,0.0019826324857363,0.0452196046855926,0.0011861163779295,0.0048397011333039,0.0037574781607404,0.0268218141520134,0.0093330909153874,0.0010822229725634,0.0065626001056249,0.001740214539882,0.0038960027012285,0.037964381877527,0.0029003575664701,0.0369514211752076,1.73155675610157e-05,8.65778378050787e-06,0.0123892885899068,0.190038353982148
3110149,0.0076196750109793,0.37562582345191,0.0171497584541063,0.0361879666227492,0.0001097935880544,0.019235836627141,0.0009003074220465,0.0,0.0021958717610891,0.111001317523057,0.0064997804128238,0.0108036890645586,0.0272068511198946,0.0095959595959596,0.0660298638559508,0.0697189284145806,0.0039964866051822,0.0116600790513834,0.0654150197628458,0.0011638120333772,2.19587176108915e-05,0.0046332894158981,0.0,0.0120114185331577,0.0297321036451471,0.0311155028546333,0.0214975845410628,4.39174352217831e-05,0.0001097935880544,0.0231444883618797,0.0030083443126921
3105625,0.0001534448365812,0.0,0.0,0.0,0.0,0.0,0.0380031711932893,0.0002045931154416,0.0386169505396143,0.0,0.0,0.0,0.0002045931154416,0.0,0.0277223671423457,0.0,0.0,0.0,0.0,0.0,5.11482788604163e-05,0.210424019231753,0.0,0.0003068896731624,0.0,0.0,0.0,5.11482788604163e-05,0.0190783080149353,0.0,0.0
3107211,0.0,5.75142347731063e-05,0.0,0.0,0.0,0.0,0.0,0.0,0.0008627135215965,0.0006326565825041,0.0,0.0,0.0,0.0,0.0,0.0,0.0,0.0,0.0,0.0487720710875942,0.0,0.0,0.0,0.0,0.0,0.0,0.0,0.0,0.0263415195260827,0.0295623166733767,0.0
3112189,0.609882623327588,0.0394976606747107,6.5665271279652e-05,0.0038414183698596,0.0030534351145038,3.2832635639826e-05,0.0035623409669211,0.0,0.0424690142001149,0.0001149142247393,4.9248953459739e-05,0.0,0.0021177049987687,1.6416317819913e-05,0.0001969958138389,0.0001969958138389,1.6416317819913e-05,4.9248953459739e-05,0.0001149142247393,1.6416317819913e-05,0.0004104079454978,0.0,0.111827956989247,4.9248953459739e-05,0.0218172863826644,3.2832635639826e-05,1.6416317819913e-05,0.0748748255766232,0.0549618320610687,0.0072560124764015,0.0
3108500,0.1774949192427,0.145534281741363,2.13926623168253e-05,0.0,0.0018290726280885,2.13926623168253e-05,0.0026740827896031,0.0007380468499304,0.0229971119905872,0.0075516097978393,7.48743181088887e-05,0.0,3.2088993475238e-05,0.0017007166541876,6.4177986950476e-05,0.0,2.13926623168253e-05,0.0,1.06963311584127e-05,0.24858273612151,0.0013691303882768,0.0002139266231682,0.0,0.0,0.0029094020750882,3.2088993475238e-05,3.2088993475238e-05,0.051374478553856,0.244806931222591,0.0313295539629907,1.06963311584127e-05
3108502,0.618318433922181,0.329341146613057,0.0033791009025193,0.0001283202874374,0.0005703123886108,2.85156194305431e-05,0.0077419906753924,0.020217574176255,0.0078417953433993,0.0001568359068679,0.0,7.12890485763577e-05,2.85156194305431e-05,4.27734291458146e-05,0.0021386714572907,0.0,0.0001283202874374,9.98046680069008e-05,4.27734291458146e-05,0.0002994140040207,7.12890485763577e-05,1.42578097152715e-05,5.70312388610862e-05,1.42578097152715e-05,5.70312388610862e-05,1.42578097152715e-05,0.0014828122103882,1.42578097152715e-05,7.12890485763577e-05,0.0023097651738739,0.0
3115598,0.0114162657007443,0.463976140275,0.0149213385954479,0.0005676596204789,0.0187237570056406,0.0007118271431403,5.40628209979997e-05,4.50523508316664e-05,0.0008469841956353,0.140004685444486,0.0002342722243246,0.0382134039754194,0.0020093348470923,0.0127948676361933,0.108305851399326,0.0027301724603989,0.0032527797300463,0.0084608314861869,0.0052260726964733,0.0001892198734929,0.0014867275774449,0.0034510100737056,1.80209403326666e-05,0.0073435331855616,0.0080914022093672,0.0033158530212106,0.0867347858211241,0.0006217224414769,0.0052260726964733,0.0241120181651079,0.0154349353949289
3110205,0.0359547361334093,0.105926424637906,0.0001337890793585,4.3157767535001e-06,0.0001942099539075,0.023447615101766,0.0023434667771505,0.000302104372745,0.0072634522761406,0.0276252869991541,0.0049847221502926,0.021574567990747,0.0107678629999827,0.0076820826212301,0.0536882628135412,0.0130077511350493,0.0674728537642205,0.0486733302259741,0.0730402057762356,0.0263737117406391,0.0447589207105495,0.0080532394220311,5.61050977955012e-05,0.0270297098071711,0.0053084054068051,0.0284582319125796,0.0003927356845685,0.125917102560119,0.10326790615775,0.00112210195591,0.0120712275795398
3105704,0.0860542185038301,0.497473787146194,5.43271581463574e-05,0.248438094203292,5.43271581463574e-05,0.0048894442331721,0.0,0.0013581789536589,5.43271581463574e-05,5.43271581463574e-05,0.0,0.0,0.0,0.0,5.43271581463574e-05,5.43271581463574e-05,0.000162981474439,0.0,0.0,0.0041831911772695,0.120443309610474,0.0,0.0152659314391264,0.0004346172651708,5.43271581463574e-05,0.0,5.43271581463574e-05,0.0068995490845873,0.003965882544684,0.0004346172651708,0.0
3106350,0.0764126533678324,0.597487688840664,0.0,0.0560470745346799,0.0,0.0019614389449962,0.0,0.0031716885068024,0.002170102662549,0.0383106585426926,0.0014189132793589,0.0,0.0,0.061806193139137,0.005759118604457,0.0,0.0018779734579751,0.0002503964610633,0.0,0.0102245221600868,0.0276270762039897,0.0009598531007428,0.0189883982973041,4.17327435105584e-05,4.17327435105584e-05,0.0,0.0,0.0455721559135298,0.0256239045154828,0.0004590601786161,0.0
3113853,0.0530202333481022,0.561549254172205,0.0008122876975335,0.0091197755132181,0.0015876532269974,0.0017353418992763,0.0016984197312066,0.0,0.0124058484714222,0.103308226259046,0.002658396101019,7.38443361394181e-05,0.0207502584551765,0.030202333481022,0.109917294343524,0.0020676414119037,0.0010707428740215,0.0009968985378821,0.000886132033673,0.0266578053463299,0.000369221680697,0.0053906365381775,0.0001107665042091,0.037439078422685,0.0035076059666223,3.69221680697091e-05,0.0010707428740215,0.0001846108403485,0.0003322995126273,0.0001846108403485,0.0007753655294638
3113856,0.0270218133254192,0.495867339367859,0.0008235643270514,0.0168867784537765,5.93559875352426e-05,0.0377429885739724,0.0001706484641638,0.0,0.0019958450808725,0.0757159815996439,0.0147573824009497,7.41949844190533e-06,0.0235643270514913,0.0094746995103131,0.157931443834397,2.96779937676213e-05,0.0114037691052085,0.0056017213236385,0.00736014245437,0.0033832912895088,0.0077236978780234,0.0018993916011277,0.0157812731859326,0.0100237423950141,0.0267324528861849,0.0064623831428995,7.41949844190533e-06,0.0005787208784686,0.0061952811989909,0.0112776376316961,7.41949844190533e-06
3105734,0.165206402695872,0.783993260320135,0.0048020219039595,0.0,0.0003369839932603,0.0,0.012636899747262,0.0051390058972198,0.0146588037068239,0.0,0.0,0.0,0.0,0.0,0.0,0.0,0.0,0.0,0.0,0.003201347935973,0.0,8.424599831508e-05,0.0,0.0,0.0,0.0,0.0,0.0,0.0,0.0068239258635214,0.0
3106380,0.285258171342016,0.383121222471376,0.0022275353064346,1.48502353762307e-05,0.0001782028245147,7.42511768811536e-06,0.0054054856769479,0.0038981867862605,0.0052941089116262,5.19758238168075e-05,0.0,0.0,7.42511768811536e-06,0.0,4.45507061286921e-05,2.97004707524614e-05,3.71255884405768e-05,0.0,2.22753530643461e-05,0.176183192503601,0.0,0.0063559007410267,7.42511768811536e-06,0.0,7.42511768811536e-06,7.42511768811536e-06,1.48502353762307e-05,1.48502353762307e-05,0.0065192533301652,0.0010914923001529,7.42511768811536e-06
3113981,0.0752426708500833,0.470399058731248,0.0034317089910775,0.0,0.0952054122953231,0.0,0.0004118050789293,0.0004706343759192,0.0007451710952054,0.0538484165114227,0.0093342484557309,0.0,0.0002353171879596,0.005294636729091,0.0384743602313952,0.0763800372585548,0.0037454652416903,0.0007647808608687,0.0023727816452593,0.0462006079027356,0.0257084027845867,0.0021374644572997,0.0,0.0011569761741347,0.0013922933620943,0.0073340523580743,1.96097656633003e-05,0.002353171879596,0.0099421511912932,0.0048436121188351,0.051259927443867
3112338,0.856682800411601,0.0755554708639811,9.52780212660544e-05,0.0,0.0002667784595449,3.81112085064217e-05,3.81112085064217e-05,0.0003239452723045,0.0048782346888219,0.0004763901063302,9.52780212660544e-05,9.52780212660544e-05,0.000457334502077,0.0,0.0002667784595449,0.0002286672510385,9.52780212660544e-05,0.0001333892297724,0.0001715004382788,7.62224170128435e-05,0.0001524448340256,5.71668127596326e-05,1.90556042532109e-05,0.0001333892297724,0.0068790731354091,3.81112085064217e-05,1.90556042532109e-05,0.0163878196577613,0.0096421357521247,1.90556042532109e-05,0.0
3112341,0.0,0.5218410041841,0.11907949790795,0.0,0.0,0.0056903765690376,0.0,0.0,8.36820083682008e-05,0.0573221757322176,0.0001673640167364,0.0,0.0034309623430962,0.001673640167364,0.244602510460251,0.014979079497908,0.0070292887029288,0.004602510460251,0.0043514644351464,0.0001673640167364,0.0,0.0017573221757322,0.0,0.0024267782426778,0.004602510460251,0.000418410041841,0.0,0.0003347280334728,0.0010041841004184,0.0007531380753138,0.0001673640167364
3110160,0.0043961411649774,0.0656571823991533,4.07050107868279e-05,0.0010990352912443,0.0,0.0037041559816013,0.0002849350755077,0.0003256400862946,0.0017096104530467,0.0339072739854276,0.0008955102373102,0.0026865307119306,0.0863760328896487,0.0019538405177677,0.393332519233118,0.0571905401554931,0.0128220783978508,0.0656164773883665,0.0626857166117149,0.0113159929987381,0.0775430455489071,0.0135140635812268,0.0,0.0304880530793341,0.0175438596491228,0.0040705010786827,0.010868237880083,0.0031342858305857,0.0037041559816013,0.000936215248097,0.0120079781821142
3108180,0.0136626161839899,0.314875000862539,0.0152979899393463,0.0126482704369967,0.001959688381946,6.9003112040353e-06,0.0001380062240807,0.0,0.0055685511416564,0.0514901222045114,0.0236887683634532,0.0200454040477226,0.0212460581972247,0.0140559339226199,0.0368200605847324,0.0581489225164055,0.0156637064331601,0.0387935495890865,0.0686511961689472,0.0005796261411389,0.103028546587451,0.0041746882784413,6.9003112040353e-06,0.0199073978236418,0.0111095010384968,0.008218270644006,0.0499375521836035,0.0072867286314612,0.0447071162909447,0.0016905762449886,6.9003112040353e-06
3110164,0.023521272915946,0.404444828778969,0.036319612590799,0.0001729505361466,0.0002594258042199,0.0678830854375649,0.0,0.0,0.0010377032168799,0.0377032168799723,0.0031131096506399,0.0230888965755794,0.0208405396056728,0.0022483569699066,0.0709097198201314,0.11319612590799,0.0179003804911795,0.0196298858526461,0.0047561397440332,0.0002594258042199,0.0223106191629194,0.0165167762020062,0.0,0.0082151504669664,0.0136630923555863,0.0059667934970598,0.0357142857142857,0.0,0.0,0.0019889311656866,0.0072639225181598
3110171,0.0162142802878198,0.283196405508948,0.0075427876840928,0.0184282783994096,2.17058638391161e-05,0.0575965096970947,6.51175915173484e-05,0.0,0.0004015584810236,0.0582802444080268,0.0050140545468358,0.0251028315299378,0.050173104264117,0.0034837911461781,0.077750404271714,0.111199140447792,0.0084435810334161,0.0413279647496771,0.0245493320020404,0.0005100878002192,0.0068156412454824,0.0049380840233989,0.003831084967604,0.0153134869384964,0.0176794260969601,0.0045799372700535,0.0747332891980769,1.08529319195581e-05,0.0001085293191955,0.0018992630859226,0.0111459610813861
3105716,0.001571475018966,0.732036414869405,0.0001083775875149,0.0799284707922402,0.0,0.0,0.0,0.0002167551750298,0.0012463422564213,2.70943968787255e-05,0.0,0.0,0.0,0.0,2.70943968787255e-05,0.0,0.0,0.0,0.0,0.0006231711282106,0.0,0.0,0.0,0.0,0.0,0.0,0.0,2.70943968787255e-05,0.167009862360464,0.0066923160290451,0.0
3106345,7.5264680794126e-05,0.0010537055311177,0.0001421666192777,0.0,3.34509692418338e-05,8.36274231045845e-06,1.67254846209169e-05,0.0005686664771111,0.0209486694876984,0.0037465085550853,9.19901654150429e-05,0.0,6.69019384836676e-05,5.01764538627507e-05,0.0002174313000719,5.01764538627507e-05,0.0001338038769673,0.0002174313000719,0.0002090685577614,0.208332636438141,0.0003679606616601,1.67254846209169e-05,8.36274231045845e-06,8.36274231045845e-06,4.18137115522922e-05,5.85391961732091e-05,8.36274231045845e-06,5.85391961732091e-05,0.0007024703540785,0.27709110371473,8.36274231045845e-06
3113842,0.0338114886626741,0.0004268474085188,1.29347699551163e-05,0.0,5.17390798204654e-05,3.8804309865349e-05,0.0004397821784739,0.0008407600470825,0.035350726287333,0.146059422333174,0.0056912987802511,0.0474447361953668,0.0037640180569388,0.0318195340895862,0.136358344866837,0.14673203037084,0.0065320588273337,0.004009778686086,0.0132581392039943,0.0178499825380606,2.58695399102327e-05,0.0099856424053498,0.0,0.0072952102546856,0.0295171450375755,0.0466298456881944,0.219800545847292,1.29347699551163e-05,0.0006855428076211,0.0094035777573695,1.29347699551163e-05
3112322,0.0901042691324021,2.81048874399258e-05,0.0,2.81048874399258e-05,0.0003372586492791,0.0,0.0002529439869593,0.0001405244371996,0.0075883196087799,0.0510946853657851,0.0107641718894916,0.005283718838706,0.0018549225710351,0.0086000955566173,0.251651162137096,0.0675360445181417,0.0277676287906467,0.0365363536719035,0.0131811922093252,0.0263623844186504,0.0002529439869593,0.0044967819903881,0.0215002388915432,0.004918355301987,0.0239453640988168,0.012506674910767,0.101121385008853,0.0100334448160535,0.0433377364323656,0.013265506871645,0.14403754812962
3112325,0.0350860462091985,0.434314447960466,9.53660756859855e-05,0.000147383935151,6.06875027092635e-05,8.6696432441805e-06,0.0001300446486627,7.80267891976245e-05,0.0013698036325805,0.069981360267025,0.0197321080237548,0.0073865360440417,0.0114352594390741,0.0070484199575187,0.1419740777667,0.0803849321600416,0.004802982357276,0.02872252806797,0.0071958038926698,0.0004074732324764,4.33482162209025e-05,0.0177640990073259,0.0033898305084745,0.019550045515627,0.0021327322380684,0.0087823486063548,0.0835146733711908,1.7339286488361e-05,0.000147383935151,0.0047856430707876,0.000147383935151
3108173,0.0044580663137364,0.612816940651992,0.016439119531903,0.0001114516578434,0.0014488715519643,0.0766787405962664,0.0001114516578434,0.0,0.002061855670103,0.182056283087211,0.0023962106436333,0.0045695179715798,5.57258289217052e-05,0.0035664530509891,0.023070493173586,0.0014488715519643,0.0051825020897185,0.0055168570632488,0.0176093619392588,0.0011702424073558,5.57258289217052e-05,0.0038450821955976,0.0007801616049038,0.0018946781833379,0.0045695179715798,0.006798551128448,0.0148230704931736,0.0,0.0,0.0017832265254945,5.57258289217052e-05
3108175,0.0234639955832479,0.407484817414623,0.0018140231879485,0.0001577411467781,0.0020506349081157,0.0549727896521808,0.0002760470068617,0.0018140231879485,0.0089123747929647,0.168980203486079,0.0067039987380708,0.0,7.88705733890685e-05,0.0048899755501222,0.0369902989194731,0.0012224938875305,0.0156952441044246,0.0272497831059232,0.0166416909850935,0.0078476220522123,0.0,0.01269816231564,0.0,0.0110813155611641,0.0053631989904566,0.0177064437258459,0.029379288587428,0.0044561873964823,0.0125009858821674,0.0063885164445145,0.0889265714961748
3110180,0.01635160866066,0.538876783856467,0.0113656439550085,9.81489115285712e-05,0.0001177786938342,0.0073219088000314,9.81489115285712e-05,0.0004711147753371,0.0053981901340714,0.248493414208036,9.81489115285712e-05,0.0,3.92595646114285e-05,0.01058045266278,0.0187071825373457,0.0016292719313742,0.0028463184343285,0.0012759358498714,0.0056141177394342,0.0035922501619457,3.92595646114285e-05,0.0021592760536285,0.0,0.0048485562295114,0.0018451995367371,0.0154290088922914,0.0721001904088884,0.0019040888836542,0.0048878157941228,0.0030033566927742,0.0
3110185,0.000831838623307,0.458057136915438,0.0022875562140944,0.0,0.0,0.0,0.0002599495697834,0.0,0.0081364215342223,0.203774467753256,0.0018716369024409,0.0056149107073227,0.0829499077179027,0.0106059424471652,0.0288544022459643,0.0017676570745275,0.0205620109698718,0.0142452364241337,0.0089942551145077,0.0116717356832774,0.0239153604200785,0.0047830720840157,0.0,0.0046271023421456,0.0110998466297538,0.002781460396683,2.59949569783462e-05,0.0057448854922145,0.0226156125711612,0.0494424081728145,0.0078764719644389
3105725,0.0123003884333189,0.638001726370306,0.0045317220543806,0.0,0.0,0.0,0.0002697453603798,0.0,0.0002157962883038,0.0019961156668105,5.39490720759603e-05,0.0,0.0,0.0028593008200259,5.39490720759603e-05,0.0,5.39490720759603e-05,5.39490720759603e-05,0.0,0.147820457488131,0.0,0.0001078981441519,0.0051251618472162,0.0,0.0,0.0,0.0435908502373759,0.0468817436340095,0.0868040569702201,0.0001078981441519,0.0
3107305,0.0317058736499482,0.667169699659713,0.003269714454801,1.47950880307738e-05,0.0004290575528924,0.0,0.0005622133451694,0.0,0.0006657789613848,0.0033140997188933,0.0004586477289539,2.95901760615476e-05,0.0,0.0053558218671401,0.0075306998076638,0.0,2.95901760615476e-05,0.0002219263204616,0.0,0.0286876756916704,0.0,0.0002663115845539,0.0078561917443408,1.47950880307738e-05,1.47950880307738e-05,0.0,0.0010948365142772,0.158292646841249,0.0719041278295606,0.0,0.0046900429057552
3107310,0.192245229395047,0.0373528217620788,0.0006090133982947,0.0,0.0,0.0,0.0004060089321965,0.0,0.0052781161185546,0.107795371498173,0.0101502233049127,0.0475030450669915,0.0,0.0225334957369062,0.0539991879821356,0.216808769792935,0.0,0.0002030044660982,0.0010150223304912,0.0170523751522534,0.0,0.0655704425497361,0.0347137637028015,0.0030450669914738,0.0176613885505481,0.0018270401948842,0.0042630937880633,0.0038570848558668,0.0026390580592773,0.084652862362972,0.0
3112368,0.0651424813051373,0.285391555498363,0.0025736713421696,1.42981741231645e-05,4.28945223694934e-05,0.0,0.0004146470495717,0.0,0.0020732352478588,0.157394300747795,0.0035602453566679,0.025994080555913,0.0250075065414147,0.0055619897339109,0.0411501451264673,0.0599951386207981,0.0011152575816068,0.012253535223552,0.0177726304350934,0.0018444644618882,0.0001429817412316,0.024778735755444,0.0160568495403137,0.0071061925392127,0.0105377543287722,0.0022305151632136,0.0833583551380489,4.28945223694934e-05,0.071891219491271,0.059809262357197,1.42981741231645e-05
3112371,0.0711820462312911,0.365439331952792,0.0230819738370625,3.36717342626732e-05,8.4179335656683e-05,0.0,3.36717342626732e-05,0.0007744498880414,0.0051181036079263,0.0523763826455882,0.0044783406569355,0.0246982170816708,0.0817886425240332,0.0070879000622927,0.0417192787514521,0.0329141202417631,0.0070205565937673,0.0713167331683418,0.0234018553125579,0.001750930181659,0.0260282505850464,0.0073741098035254,5.05076013940098e-05,0.0133340067680186,0.0090745323837904,0.0118187787261983,0.105544051046349,0.0007071064195161,0.0025422159368318,0.0021213192585484,0.0
3108170,0.181402105999039,0.372143574955215,0.0022174160003495,3.27696945864465e-05,0.0004806221872678,0.0,0.0006444706602001,0.0006881635863153,0.0184821077467558,0.0393782496613798,0.0210272206929698,0.0017040241184952,0.0005133918818543,0.0107484598243544,0.0122121728492157,2.1846463057631e-05,0.0030038886704242,0.0030038886704242,0.0020754139904749,0.0123214051645039,0.0019880281382444,0.0154891423078604,0.0202735177174815,0.0009612443745357,0.0274173111373269,0.0023157250841088,0.0009503211430069,0.0089570498536287,0.0332175470791279,0.0203390571066544,0.164132476951981
3108171,0.240447536279751,8.25712693268377e-05,0.0,0.0,0.0024358524451417,0.0,0.0005573560679561,0.200183721074252,0.0401193154841773,0.0650558388208823,0.0004334991639658,0.0027248518877856,0.0011766405879074,0.0158227194847553,0.016411039778709,0.103595978779184,0.0061205953388518,0.0015482112998782,0.0019094606031831,0.0589146006646987,0.0001857853559853,0.0031686724604174,0.0365068224511281,0.0011663191792415,0.0097950168238961,0.0066263443634787,0.0170200028899944,0.0025081023058027,0.0097640525978985,0.103988192308486,5.16070433292736e-05
3110124,0.0285671863400148,0.314268745360059,0.0069487750556792,0.0295174461766889,0.0001187824795842,0.0658351893095768,5.93912397921307e-05,2.96956198960653e-05,0.0002969561989606,0.0364365256124722,0.0089383815887156,0.0,0.0605493689680772,0.009561989606533,0.0214996288047513,0.0136599851521901,0.010927988121752,0.071358574610245,0.0669636228656273,0.0001187824795842,0.0139866369710468,0.0162138084632517,0.0038604305864884,0.0129175946547884,0.0084929472902746,0.008671121009651,0.0917594654788419,0.0003860430586488,0.0005642167780252,0.0005048255382331,0.0
3105904,0.273361390382667,0.493024705790663,0.0010911074740862,0.0044813342685683,0.0,0.0048320473852388,0.0,0.0240433325539709,0.0217831813576494,0.0007403943574156,0.0,0.0,3.89681240745071e-05,0.0012469799703842,0.000389681240745,0.0,7.79362481490141e-05,0.0,0.0,0.0010521393500116,0.0,0.0,0.0,0.0,0.0,0.0,0.0,0.102719975060401,0.0595432935858468,3.89681240745071e-05,0.0042475255241212
3107349,0.160397635679742,0.677431488447071,0.0116066630843632,0.0286673831273509,2.68672756582483e-05,0.0,0.0010478237506716,0.0020150456743686,0.0006448146157979,0.0408919935518538,0.0,0.002498656636217,5.37345513164965e-05,0.0074422353573347,0.0242342826437399,0.0,0.0,0.0,0.0002686727565824,0.0017463729177861,0.0,0.0002955400322407,0.0,0.0007522837184309,0.0,0.0002955400322407,0.0,0.0157442235357335,0.0200967221923697,2.68672756582483e-05,0.0
3114252,0.0106315241090551,0.720859783510525,0.0096088911185289,0.0329943851660331,0.0,0.0462500241187026,0.0001736546587685,1.92949620853995e-05,0.0003087193933663,0.015262315009551,0.0036660427962259,0.0450537364694078,0.0003280143554517,0.0012348775734655,0.0388407586779092,0.0187739981090937,0.0068497115403168,0.0029714241611515,0.0307947594882976,0.0011576977251239,0.0,0.0004823740521349,0.0,0.0019680861327107,0.005556949080595,0.0012348775734655,0.0,7.7179848341598e-05,0.0002701294691955,0.0001157697725123,0.0008296833696721
3114255,0.0273257034859303,0.386287274254515,0.0012862242755144,0.0196608567828643,0.0,0.110930281394372,0.0001049979000419,7.87484250314994e-05,0.0003674926501469,0.0270107097858043,0.0072973540529189,0.0356730365392692,0.0067723645527089,0.0030449391012179,0.0470653086938261,0.0638387232255355,0.0050136497270054,0.0347280554388912,0.0370117597648047,0.0008399832003359,0.0,0.0064048719025619,0.0,0.0142009659806804,0.0079535909281814,0.0093710625787484,5.24989500209996e-05,0.0002624947501049,0.0006562368752624,0.0009974800503989,0.0002099958000839
3112515,0.0,0.293792948068041,0.0,0.333445984003605,0.0,0.0152078404866509,0.0,0.0,0.0,0.0798693252224851,0.0034921707784161,0.0322180916976456,0.009237354962262,0.0047313281514025,0.0453982201194097,0.0777289624873268,0.0019150613946153,0.0129548270812211,0.0469753295032105,0.0010138560324433,0.0,0.0005632533513574,0.0,0.0052945815027599,0.0227554353948406,0.0110397656866058,0.0,0.0001126506702714,0.0006759040216289,0.0,0.0
3112518,0.0090084033613445,0.183126050420168,0.0001008403361344,0.166924369747899,0.0,0.076,3.36134453781513e-05,0.0001008403361344,0.0001344537815126,0.0536806722689076,0.0049411764705882,0.0117983193277311,0.0404033613445378,0.0023193277310924,0.0514285714285714,0.0377478991596639,0.0483697478991597,0.0224873949579832,0.0195294117647059,0.0010420168067226,0.0087394957983193,0.0042689075630252,0.0,0.0070588235294117,0.0221848739495798,0.0063193277310924,0.0205714285714286,0.0002689075630252,0.0014453781512605,0.0005714285714285,0.0056134453781512
3108206,0.0,0.148505303760849,0.0022500803600128,0.0578592092574735,0.0,0.0118932819029251,0.0,0.0,0.0,0.0077145612343298,0.001607200257152,0.0045001607200257,0.0462873674059788,0.0035358405657344,0.0151076824172292,0.0160720025715204,0.0083574413371906,0.0687881710061074,0.0045001607200257,0.0,0.0012857602057216,0.0012857602057216,0.0,0.0077145612343298,0.0054644808743169,0.0,0.0012857602057216,0.0,0.0,0.0003214400514304,0.0
3110265,0.0136926859842823,0.148594571139289,0.0024106841521623,0.0472011956993395,0.0,0.114555710910756,0.0,0.0,0.0,0.0344727833759221,0.0056410009160599,0.003326744129984,0.0068945566751844,0.0081963261173521,0.0556385902319078,0.0423316137119715,0.030181765585073,0.0248782604503158,0.0128248396895039,4.82136830432477e-05,0.0007232052456487,0.0264210983076997,0.0005303505134757,0.0080998987512656,0.0118123523455957,0.0017839062726001,0.0078106166530061,0.0,9.64273660864954e-05,0.0001446410491297,0.0001446410491297
3110272,0.0061282953185625,0.0946078253617145,0.0012691735866845,0.0414113210283932,0.0,0.118830909816151,0.0,3.62621024767016e-05,0.0006164557421039,0.0196540595423723,0.0050766943467382,0.0046052870145411,0.004496500707111,0.0042064038872973,0.021503426768684,0.0482285962940131,0.0279943431120136,0.0278130325996301,0.0516372339268231,0.0,0.0082314972622112,0.0249483265039707,0.0004714073321971,0.0196540595423723,0.0081952351597345,0.0016317946114515,0.0455089386082605,0.0012329114842078,0.0064546542408528,0.0004351452297204,0.0078326141349675
3105919,0.248434004474273,0.315883668903803,0.0031319910514541,0.231208053691275,0.0,0.0,0.0,0.0299776286353468,0.008165548098434,0.0152125279642058,0.0007829977628635,0.0,0.0,0.002572706935123,0.0014541387024608,0.0,0.0,0.0112975391498881,0.0,0.0019015659955257,0.0,0.0,0.0,0.0,0.0002237136465324,0.0012304250559284,0.0,0.0001118568232662,0.113982102908277,0.0,0.0
3107358,0.0757426439532592,0.486554976770379,0.0026749260875686,0.117837533436576,0.0,0.0,0.0023933549204561,0.0078839926791496,0.0153456286076306,0.0080247782627059,0.0016894270026749,0.0,0.0,0.0050682810080247,0.0021117837533436,0.0001407855835562,0.0025341405040123,0.0002815711671124,0.0,0.0484302407433479,0.0,0.0001407855835562,0.0,0.0001407855835562,0.0018302125862311,0.0,0.0001407855835562,0.110235111924539,0.0489933830775729,0.023651978037449,0.0
3112581,0.0117610187384534,0.34428609131697,0.0035134600158353,0.064248482449195,9.89707046714173e-05,6.59804697809448e-05,0.0001814462918975,8.24755872261811e-05,0.013196093956189,0.146955001319609,0.0001649511744523,0.0034144893111639,0.0357449195038269,0.0068949590921087,0.0381367115333861,0.0016495117445236,0.0206848772763262,0.0075382686724729,0.0034144893111639,0.0367016363156506,0.000214436526788,0.0044206914753233,0.0,0.0059712325151755,0.0030680918448139,0.01710543679071,0.210939561889681,0.0001154658221166,0.000214436526788,0.012849696489839,1.64951174452362e-05
3112584,0.0021081605702375,0.324489666035544,0.0032378164229686,0.0658621183433836,2.38659687196703e-05,0.0595853685701103,0.0002307043642901,0.0001272851665049,0.0072632098136863,0.150252183736138,0.0013524048941146,0.0030707546419309,0.0156322095113841,0.0062926604190864,0.0860049959427853,0.0017979029768818,0.0046697745461488,0.0212804887750394,0.0110817648088336,0.0425689328729853,0.0005568726034589,0.0029673354441456,0.0008273535822819,0.0094747895817091,0.0084405976038567,0.0077643951567994,0.1337051120905,2.38659687196703e-05,6.36425832524542e-05,0.0218214507326852,0.0011694324672638
3113119,0.0070287539936102,0.319988887345465,0.0006667592721211,0.0356716210584803,0.0,0.161272398944298,0.0,0.0001111265453535,0.0007223225447978,0.0723711626614808,0.0004167245450757,0.0094179747187109,0.0038338658146964,0.0016946798166412,0.0871787748298375,0.0286984303375469,0.0190582025281289,0.0131962772607307,0.0839838866509237,0.0066398110848729,0.0343936657869148,0.0034171412696207,2.77816363383803e-05,0.0141408528962356,0.0055007639949993,0.0001666898180302,0.0097791359911098,0.0,2.77816363383803e-05,0.0187803861647451,0.0546742603139325
3110314,0.0288849817416002,0.306431980215237,0.0095059605463995,0.007187433583863,7.7284232084549e-05,0.002260563788473,0.0004637053925072,3.86421160422745e-05,0.0004830264505284,0.0645902969646618,0.00170025310586,0.0069749019456305,0.141236934134513,0.0074386073381378,0.133991537376587,0.0531135885001063,0.0027822323550437,0.0121529454952953,0.0086558339934694,0.0003671001024016,0.0101242344030759,0.003671001024016,0.0,0.0120756612632108,0.0119597349150839,0.0075738547442858,0.0001932105802113,1.93210580211372e-05,5.79631740634117e-05,0.0043279169967347,0.131769615704156
3107413,4.23477598035064e-05,0.51969170830863,4.23477598035064e-05,0.000169391039214,0.0002117387990175,0.0,0.0015245193529262,0.0,0.000254086558821,0.000423477598035,0.0,0.0,0.0,4.23477598035064e-05,4.23477598035064e-05,0.0,8.46955196070128e-05,0.0,0.0,0.141145083425087,0.0,0.0,0.0,0.0,0.0,0.0,0.0,0.0001270432794105,0.121580418395867,0.0,4.23477598035064e-05
3112494,0.0164841465512299,0.510349177226077,0.0001146723238346,0.0001146723238346,2.86680809586606e-05,0.0,2.86680809586606e-05,5.73361619173213e-05,0.0008887105097184,0.0615217017372857,0.0048449056820136,0.0084284158018462,0.0781778567742675,0.0037555186055845,0.0682300326816123,0.0401353133421249,0.0024941230434034,0.0246832177054068,0.0579095235364945,0.0154807637176767,5.73361619173213e-05,0.0043575483057164,5.73361619173213e-05,0.0172008485751964,0.0071956883206238,0.0042428759818817,5.73361619173213e-05,0.0010033828335531,0.0042715440628404,0.0072243564015824,0.0511725245112092
3112497,0.0333311440956259,0.440414422698017,0.0152863522921319,0.00011493497964,0.0002627085248916,1.6419282805727e-05,0.0002791278076973,3.28385656114541e-05,0.0019867332194929,0.192548929462761,0.0058124261132273,0.0116248522264547,0.0144325495862341,0.0071752265861027,0.116150006567713,0.0036943386312885,0.016304347826087,0.0342670432155523,0.0403585971364771,0.0034316301063969,0.0,0.0078319978983318,1.6419282805727e-05,0.0115099172468147,0.0023643767240246,0.0023315381584132,0.0,0.0013299619072638,0.005713910416393,0.0135130697491134,1.6419282805727e-05
3113085,0.0237661994916172,0.406136707735474,0.0049171447224035,0.0001389023932882,8.33414359729418e-05,0.0,6.94511966441182e-05,0.0,0.0002916950259052,0.182337171669468,0.0098203992054783,0.0150014584751295,0.104760185017988,0.0034169988748906,0.0832997652549553,0.0022641090105982,0.0190851888378037,0.0239051018849055,0.0168488603058631,0.0002222438292611,0.0187379328545831,0.0025696942758323,0.0,0.0131401664050672,0.0127373494645313,0.0045143277818676,2.77804786576473e-05,0.0005833900518105,0.0035697915075076,0.0256413818010084,0.0017084994374453
3113088,0.0019566333076725,0.639337952270978,0.0299589427764947,0.0001283038234539,3.20759558634847e-05,0.0101360020528612,3.20759558634847e-05,9.62278675904542e-05,0.0003207595586348,0.052604567616115,0.0025340005132152,0.0018604054400821,0.0051963048498845,0.0043944059532974,0.0288042083654093,0.0002245316910443,0.0027585322042596,0.007281241981011,0.0022773928663074,0.0001924557351809,0.0426289453425712,0.0003528355144983,0.0,0.0165511932255581,0.0053566846292019,0.0012830382345393,0.04731203489864,9.62278675904542e-05,0.0001603797793174,6.41519117269695e-05,0.0674878111367719
3110285,0.0261694819221644,0.248309076100428,0.0029037855448139,0.0001062360565175,0.0,0.0393427529303446,0.0001770600941959,0.0,0.0030100216013314,0.181238712418995,0.0086759446156025,0.0116505541980948,0.0389886327419526,0.0036474379404369,0.0520556676936152,0.0011685966216934,0.0214242713977124,0.108785721874004,0.0374659159318673,0.0010623605651758,0.0696200290378555,0.003470377846241,0.0,0.0132795070646978,0.0203973228513758,0.0056305109954318,0.0530117922022735,0.0002832961507135,0.0009561245086582,0.0206806190020893,0.0
3110293,0.0369348486091737,0.308494707475178,0.0006461803561171,0.0042873553786822,5.12841552473948e-05,0.0,0.0002564207762369,6.15409862968737e-05,0.0014667268400754,0.114927791909412,0.0008923443013046,0.0259805530483302,0.0398375317961763,0.0023795848034791,0.256082300812341,0.0039796504471978,0.0021129071961926,0.0158365471403955,0.0288934930663822,0.0220009026011324,9.23114794453106e-05,0.0041745302371379,3.07704931484369e-05,0.0117030442274555,0.0072413227209321,0.0052925248215311,0.0171596783457783,0.0081644375153852,0.0318884877328301,0.0343911545089029,0.0029231968491015
3105922,0.0004432926413421,0.0011593807542794,0.0,6.81988678987929e-05,0.0,3.40994339493964e-05,0.0501943667735116,6.81988678987929e-05,0.073109186387506,0.0018413694332674,6.81988678987929e-05,3.40994339493964e-05,0.0011934801882288,0.0001363977357975,0.162552001636773,0.0010911818863806,0.0,0.0004091932073927,0.0003068949055445,0.0231194162176908,6.81988678987929e-05,0.0103662279206165,0.0,0.0003068949055445,0.0003068949055445,0.0001022983018481,6.81988678987929e-05,6.81988678987929e-05,0.0,6.81988678987929e-05,3.40994339493964e-05
3107408,0.219897777249495,0.0003268750742897,0.0,2.97159158445263e-05,0.0,2.97159158445263e-05,0.0035361939854986,0.0646618328776893,0.0013075002971591,0.0982111018661595,0.0038036372280993,0.0,2.97159158445263e-05,0.0526566028765007,0.0865327469392607,0.0,2.97159158445263e-05,2.97159158445263e-05,0.0,0.076161892309521,2.97159158445263e-05,0.013491025793415,0.0,0.0005051705693569,5.94318316890527e-05,2.97159158445263e-05,0.0,0.157405206228456,0.197818851777012,0.0068940924759301,0.0
3114265,0.0921845313355736,0.0223463309420618,0.0001217046768402,6.7613709355709e-06,0.0001284660477758,0.0006896598354282,0.0002434093536805,0.06170427115802,0.0567752317459888,0.14798612566684,0.0021163091028336,0.0004327277398765,0.0010750579787557,0.0503045997606475,0.0031710829687827,0.0005882392713946,0.0004192049980053,0.001764717814184,0.0016565358792148,0.0546859681268974,0.0008384099960107,0.212266479151313,1.35227418711418e-05,0.0001690342733892,0.0061460861804339,0.0002231252408738,0.0010006828984644,0.0245911060926714,0.0882967430476203,0.0055105173124902,2.02841128067127e-05
3114268,0.0895553503886589,0.0026208416475563,0.000238258331596,0.0,0.0016380260297227,2.97822914495041e-05,0.000119129165798,0.0005062989546415,0.0533103016946124,0.184620424695476,0.0029186645620514,5.95645828990083e-05,0.0027101885219048,0.0780891681805998,0.0909253357953361,0.0002084760401465,0.0080412186913661,0.0008041218691366,0.00059564582899,0.0102748905500789,0.0011019447836316,0.0704053369866278,0.0,0.0020251958185662,0.0160824373827322,0.0896446972630074,0.0,0.0285612175000745,0.0576882985376895,0.0364833070256426,0.0
3112472,0.0369571980976932,0.0002222320992044,0.0,0.0,0.000155562469443,0.0,0.0004666874083292,0.0016222943241921,0.0047335437130539,0.258255922485444,0.001666740744033,0.0382461442730788,0.0,0.0758033690386239,0.0437130539135073,4.44464198408818e-05,0.0278679052402329,0.0005111338281701,0.001311169385306,0.0152673452153429,0.0030668029690208,0.0313125027779012,0.0,0.0011778301257833,0.0004444641984088,0.0606915862927241,0.0,0.0468465265122894,0.158051468954176,0.0599582203653496,0.0
3112475,0.0210542123441958,0.479846823847425,0.0001501726986033,0.0,0.0002853281273464,0.0565700555638985,9.01036191620363e-05,0.000180207238324,0.00088601892176,0.114822045352155,0.0004054662862291,0.0107823997597237,0.0031986784802522,0.0220003003453972,0.118441207388497,0.0466886919957952,0.0036191620363417,0.0002402763177654,0.0028082294638834,0.0098813635681033,0.0011112779696651,0.0070130650247784,0.0,0.0026430394954197,0.0006006907944135,0.0111728487760925,0.0460729839315212,0.0006907944135756,0.00265805676528,0.0218351103769335,1.50172698603394e-05
3105781,0.0,0.0006081337894336,0.0,7.60167236792094e-05,0.0,0.0,0.0,0.0,0.0037248194602812,7.60167236792094e-05,0.0,0.0,3.80083618396047e-05,3.80083618396047e-05,0.0,7.60167236792094e-05,3.80083618396047e-05,0.0,0.0,0.0009122006841505,0.0,0.0,0.0,0.0,0.0,0.0,0.0,0.0001140250855188,0.201482326111745,0.0,3.80083618396047e-05
3107311,0.191047273741459,0.47538697531725,0.0097615395342351,0.0011156045181983,0.0,0.0,0.0013945056477478,0.0005578022590991,0.0004183516943243,0.0271928601310835,0.0011156045181983,0.001255055082973,0.0005578022590991,0.0119927485706317,0.0224515409287408,0.0,0.0185469251150467,0.0002789011295495,0.0220331892344164,0.0817180309580254,0.0001394505647747,0.0025101101659461,0.0043229675080184,0.0013945056477478,0.0139450564774787,0.0093431878399107,0.0,0.0447636312927067,0.0276112118254079,0.0124111002649561,0.0
3112514,0.0604720898047055,0.401647957353017,0.0028960992362499,0.0320493105746066,0.112845353426624,0.0127377108001435,0.0,0.0002050335742477,0.011302475780409,0.0980188630888308,0.0020503357424778,0.0022553693167256,0.0045619970270131,0.0030498744169357,0.0299989748321288,0.0025372904813163,0.0187477574452817,0.0124814188323338,0.0033061663847455,0.000422881746886,3.84437951714593e-05,0.0068173663437387,0.0,0.0109308524270849,0.0056512378902045,0.0020375211440873,0.147290993900251,0.0001153313855143,0.0001281459839048,0.0006535445179148,6.40729919524322e-05
3112603,0.0339307501367327,0.35171862509992,0.0113277798813581,0.0369073162522613,0.0001156969161512,2.10358029365981e-05,0.0001262148176195,0.0,0.002639993268543,0.107535024611889,0.0043649291093441,0.0279776179056755,0.0003470907484538,0.0065947242206235,0.139677731499011,0.001199040767386,0.0021246160965964,0.0162080861626488,0.0099814884934157,0.0014199166982203,0.0168707139551517,0.011643316925407,0.0008729858218688,0.0034603895830703,0.0104232403550844,0.006331776683916,0.125236652783037,0.0,0.0001156969161512,0.041219655854264,3.15537044048971e-05
3112606,0.0897317958482197,0.270022605880381,0.0261358206932945,0.0294019068808877,6.41807329439702e-05,2.85247701973201e-05,4.27871552959801e-05,0.0004991834784531,0.0061470879775224,0.162013563528229,0.0024246054667722,0.0505601551747499,0.0006346761368903,0.00425732195195,0.0898958132768543,0.0020395210691083,0.0012907458514287,0.0331600453543846,0.0131499190609646,0.0526923817469995,0.0097483402149341,0.0059046274308452,0.0031662494919025,0.0040219925978221,0.0069956998908927,0.0060971696296771,0.0816664170749274,1.426238509866e-05,0.0001497550435359,0.0226843234994188,0.0006418073294397
3108744,0.001665417603464,0.757681738695978,0.0338912482304938,0.006162045132817,0.0002498126405196,0.0,0.0,0.0,0.0002498126405196,0.107919060704472,0.00208177200433,0.0,0.0,0.0080772753768007,0.0268964942959447,0.0002498126405196,0.0018319593638104,0.0064951286535098,0.0019985011241568,8.32708801732034e-05,0.0,0.0068282121742026,0.0,0.0001665417603464,0.0059122324922974,0.000832708801732,0.0009992505620784,8.32708801732034e-05,0.0005828961612124,0.0013323340827712,0.0002498126405196
3108746,0.0276732851395113,0.437424356416211,0.0479866540185143,0.0308625821857316,3.27107389355926e-05,0.0,0.0001962644336135,0.0,0.0008668345817932,0.197442020215237,0.0025350822675084,0.0,3.27107389355926e-05,0.0103365935036472,0.054594223283504,0.001357495665827,0.0031729416767524,0.0009486114291321,0.002486016159105,0.0002289751725491,1.63553694677963e-05,0.0183670799123352,6.54214778711851e-05,0.0018645121193287,0.0112034280854404,0.0094861142913218,0.0679892708776291,0.0002126198030813,0.000801413103922,0.0242386575512741,0.0145562788263387
3110220,0.0,0.384988363072149,0.0,0.467610550814585,0.0005818463925523,0.0,0.0003878975950349,0.0,0.0,0.0643910007757952,0.0011636927851047,0.0,0.0001939487975174,0.0067882079131109,0.0341349883630721,0.0001939487975174,0.0029092319627618,0.0003878975950349,0.0005818463925523,0.0001939487975174,0.0,0.0036850271528316,0.0,0.0001939487975174,0.0129945694336695,0.0060124127230411,0.0,0.0013576415826221,0.0044608223429014,0.0,0.0
3110224,0.0330351697499492,0.260113844277292,0.0013214067899979,0.0037609270176865,0.181134376905875,0.0282577759707258,0.0004065867046147,0.0,0.0007115267330758,0.0067086806261435,0.0015247001423053,0.0007115267330758,0.0068103273022972,0.0041675137223012,0.0084366741207562,0.0006098800569221,0.159890221589754,0.0202276885545843,0.0476722911160805,0.0002032933523073,0.0001016466761536,0.0267330758284204,0.0001016466761536,0.0092498475299857,0.0057938605407603,0.0005082333807684,0.0024395202276885,0.000304940028461,0.0009148200853832,0.0,0.130107745476723
3106086,0.0667994207096307,0.7394641564084,0.0001448225923244,0.0,0.0,0.0,0.0001448225923244,0.0,0.0137943519188993,3.62056480811006e-05,0.0,0.0001086169442433,0.0,0.0,0.0,0.0002896451846488,0.0,0.0,0.0,0.0016654598117306,0.0,0.0,0.0,0.0,3.62056480811006e-05,0.0,3.62056480811006e-05,3.62056480811006e-05,0.16578566256336,0.0004344677769732,0.0
3107452,0.0428144386229951,0.765758091993186,9.64289158175565e-05,0.0,0.0,0.0,0.0002089293176047,0.0006267879528141,0.0015589341390505,6.4285943878371e-05,0.0,3.21429719391855e-05,0.0,4.82144579087782e-05,3.21429719391855e-05,0.0,0.0,3.21429719391855e-05,0.0,0.0266143807656456,0.0,0.0,1.60714859695927e-05,0.0,3.21429719391855e-05,0.0,0.0,9.64289158175565e-05,0.147504098228922,4.82144579087782e-05,0.0
3114532,0.026060296371998,0.398228581161642,0.0,0.0,0.0008516436722875,0.0,0.0005109862033725,0.0,0.00204394481349,0.0122636688809402,0.0049395332992675,0.0074944643161301,0.0001703287344575,0.026400953840913,0.0061318344404701,0.0,0.001703287344575,0.0001703287344575,0.0001703287344575,0.335206949412366,0.0052801907681825,0.0074944643161301,0.0,0.0,0.00068131493783,0.001703287344575,0.0,0.0614886731391586,0.0502469766649634,0.0359393629705331,0.0
3112614,0.0014848789823629,0.308739337743974,3.29973107191764e-05,0.0,3.29973107191764e-05,0.0,0.0006104502483047,3.29973107191764e-05,0.0013363910841266,0.063222847337942,0.0045041329131675,0.0127039646268829,0.0038111893880648,0.0280642127666595,0.145270660441174,4.94959660787646e-05,0.0117140453053076,0.0022933130949827,0.0045041329131675,0.0007259408358218,1.64986553595882e-05,0.0146673046146739,0.0,0.0038936826648628,0.0068304433188695,0.0519542657273432,0.112124861823761,0.0416591047829602,0.129085479533418,0.0114500668195542,0.0023098117503423
3112617,0.0001975061556085,0.354536716394328,0.0001580049244868,7.90024622434066e-05,0.0021594006346531,2.63341540811355e-05,0.0001975061556085,0.0,0.0008953612387586,0.243340750786733,0.0054248357407139,0.0092827893136002,0.0024622434065861,0.0021857347887342,0.154107469682805,0.0032917692601419,0.0093617917758436,0.0032917692601419,0.0066493739054867,0.0004476806193793,5.26683081622711e-05,0.0027650861785192,0.002830921563722,0.0049376538902129,0.0142072761267726,0.0091116173120728,0.095592979314522,0.0062806957483508,0.0439517031614152,0.0001975061556085,1.31670770405678e-05
3112618,6.91649029616411e-05,0.356060920446529,0.0006639830684317,0.125478966953009,0.0131689975238965,0.0295057476034361,0.0001383298059232,0.0,0.0008714777773166,0.0985046547979693,0.0020196151664799,0.0087977756567207,0.0017982874770026,0.0017014566128563,0.0547924361262121,0.000885310757909,0.0055331922369312,0.0329916587127028,0.0031539195750508,0.0037072387987439,4.14989417769847e-05,0.0026420992931346,0.0027250971766886,0.0039285664882212,0.007082486063272,0.0023101077589188,0.0557469117870828,0.0053395305086387,0.0165027458466476,0.0159494266229544,0.0906060228797499
3110331,0.0,0.776333144902958,0.0,0.0,0.0,0.0,0.0009421518748822,0.0,0.0,0.0369323534953835,0.0,0.0,0.0,0.0107405313736574,0.073487846240814,0.0,0.0035801771245524,0.0039570378745053,0.0,0.010552100998681,0.0,0.0011305822498586,0.0,0.0,0.0001884303749764,0.0013190126248351,0.0001884303749764,0.0094215187488223,0.0420199736197475,0.0043338986244582,0.0
3107656,0.066790264308804,0.740349876402358,9.50751093363757e-05,0.0,0.0,0.0,0.0003327628826773,0.0044209925841414,0.0001901502186727,0.0,0.0,0.0,0.0,0.0,0.0,0.0,0.0,0.0,0.0,0.0581384293591938,0.0,0.0,0.0,0.0,0.0,0.0,0.0,0.0849020726373835,0.0386004943905685,0.0,0.0
3112709,0.0503762793497893,0.459662853702589,0.0035821794099939,0.0001505117399157,7.52558699578567e-05,0.0569084888621312,0.0009933774834437,0.0,0.0003311258278145,0.0789133052378086,0.0052378085490668,0.0216435881998796,4.5153521974714e-05,0.0127332931968694,0.0453190848886213,3.01023479831427e-05,0.0350090307043949,0.0003010234798314,0.0001053582179409,0.0020018061408789,3.01023479831427e-05,0.0028747742323901,0.0,0.0022275737507525,0.0206652618904275,0.0276640577965081,0.0380644190246839,0.0028898254063817,0.0093317278747742,0.0010987357013847,0.0879891631547261
3112712,0.118399410826071,0.524192954461765,0.0046642936050079,0.0001472934822634,0.0001104701116975,0.0227568430096968,0.0007241929544617,0.000736467411317,0.0166809868663312,0.122732294095986,0.0057076224377071,1.22744568552842e-05,0.0001841168528292,0.0118693997790598,0.03110347367129,0.0007241929544617,0.0241561310911992,0.0028231250767153,0.0017429728734503,0.0043819810973364,6.13722842764208e-05,0.0057812691788388,0.0,0.0028476739904259,0.0166809868663312,0.0251626365533325,0.0072296550877623,0.0009696820915674,0.0028231250767153,0.0026512826807413,0.0052902909046274
3108213,0.0247688590039924,0.58736079008195,0.0088779155284723,7.87980668207607e-05,0.0,0.0140785879386426,0.0001575961336415,0.0003677243118302,0.003178188695104,0.127705400294179,0.0082737970161798,0.0277369195209078,0.0268438747636058,0.0206976255515865,0.0338831687329271,0.0005253204454717,0.0089304475730195,0.0023114099600756,0.0012345030468585,0.0002101281781886,0.0,0.0085101912166421,0.0,0.005909855011557,0.0161798697205295,0.0036772431183021,0.019646984660643,0.0016810254255095,0.0021012817818869,0.0016022273586888,0.0007879806682076
3110367,0.0907752698724239,0.0937193326790972,0.002780503761858,0.0,0.0006542361792607,0.434739941118744,0.0,0.0004906771344455,0.0,0.0212626758259732,0.0035982989859339,0.0,0.0520117762512267,0.0017991494929669,0.0286228328426562,0.0042525351651946,0.0013084723585214,0.0188092901537455,0.0224075891396794,0.0003271180896303,0.0124304874059535,0.0052338894340857,0.0,0.0093228655544651,0.0176643768400393,0.005561007523716,0.0019627085377821,0.0019627085377821,0.0091593065096499,0.0,0.114818449460255
3106070,0.0084290847788474,0.561687591499933,8.8727208198394e-05,0.218890022625438,4.4363604099197e-05,4.4363604099197e-05,0.0,0.0042145423894237,0.0023069074131582,4.4363604099197e-05,0.0,0.0,8.8727208198394e-05,0.0,0.0,0.0,0.0,0.0,4.4363604099197e-05,0.011711991482188,0.0,0.0,0.0,0.0,0.0,0.0,0.185883501175636,0.0,4.4363604099197e-05,0.0007098176655871,0.0
3107567,0.158218451749735,0.52576882290562,0.0001060445387062,0.0471898197242842,0.0001060445387062,0.0,0.0002120890774125,0.0113467656415695,0.0123011664899258,0.119406150583245,0.0027571580063626,0.0,0.0,0.0428419936373277,0.0033934252386002,0.0,0.0,0.0,0.0,0.004559915164369,0.0001060445387062,0.0,0.0,0.0,0.004135737009544,0.0,0.0621420996818664,0.0,0.0001060445387062,0.0003181336161187,0.0
3112715,0.0939571558160631,0.222594375828623,8.14086014002279e-05,0.0150954806596423,5.81490010001628e-05,3.48894006000977e-05,0.0001046682018002,0.0105831181820296,0.029644360709883,0.157455864908241,0.0048031074826134,0.0426115879329193,0.0099899983718279,0.0089782057544251,0.0920033493824576,0.07501221129021,0.0034307910590096,0.0047914776824134,0.0433093759449213,0.0100830367734282,0.0001279278022003,0.0044076942758123,0.0002558556044007,0.0103040029772289,0.0143628032470402,0.0443909473635243,0.0659293373339846,0.0,1.16298002000326e-05,0.0315516479426883,0.0001511874026004
3112717,0.0168363746345398,0.214013509426353,5.04083072890412e-05,0.0757031958866821,0.0002419598749873,1.00816614578082e-05,0.0001411432604093,0.0002217965520717,0.0153342070773263,0.0968847666095373,0.0079443492287529,0.060409315455187,0.028077427159996,0.0280068555297913,0.124589172295594,0.013882447827402,0.0091642302651477,0.0042242161508216,0.0130355882649461,0.0039217663070874,0.0001814699062405,0.0029740901300534,1.00816614578082e-05,0.0176429075511644,0.0143966125617502,0.0398931343885472,0.150529287226535,0.0,2.01633229156165e-05,0.0449037201330779,0.007410021171489
3112718,0.0493626818679871,0.324096034619065,0.0002635265398965,0.0471573808235898,9.70887252250378e-05,0.0,8.32189073357467e-05,0.0003190058114536,0.0023301294054009,0.0952162998099835,0.004812826807584,0.0490991553280905,0.0446053343319602,0.0100694877876253,0.0973106423112665,0.0583364540423584,0.013245676084273,0.0350628996241279,0.0251459798332848,0.0011511948848111,0.0001109585431143,0.0070736071235384,0.0076977489285565,0.0117754753880082,0.0147158767805379,0.0367550174066215,0.0454791328589856,2.77396357785822e-05,4.16094536678733e-05,0.0060195009639523,0.0065049445900775
3108225,0.0423100060156407,0.347122518548225,0.0030479246039703,0.0014237016242229,0.0001203128133146,0.0213354722277923,0.0001002606777621,4.01042711048727e-05,0.0018648486063765,0.0211349508722679,0.0025867254862642,0.0348305594545819,0.0453178263485061,0.0096250250651694,0.0457589733306597,0.0134549829556848,0.0179466613194305,0.0257870463204331,0.0058953278524162,0.0037096450772007,0.0,0.0040505313815921,6.0156406657309e-05,0.0074794465610587,0.007539602967716,0.004872668939242,0.0389412472428314,4.01042711048727e-05,6.0156406657309e-05,0.004231000601564,0.0317024263084018
3106138,0.0,0.0001046243984097,0.0,0.0,0.0005231219920485,0.0,0.0002092487968194,0.0,0.195124503034108,0.0,0.0,0.0,0.0003138731952291,0.0,0.0,0.0,0.001778614772965,0.0,0.0,0.172002510985562,0.0,0.0005231219920485,0.0,0.0,0.0,0.0,0.0,0.0,0.0609960242728604,0.0,0.0
3112787,0.0569363388124431,0.416790705145366,0.0031696739305027,0.119612357444986,0.0001070835787332,2.14167157466403e-05,0.0001927504417197,0.0007602934090057,0.0029662151309096,0.0281522728489586,0.000267708946833,2.14167157466403e-05,0.0023130053006371,0.0067355571023183,0.0352733308347165,3.21250736199604e-05,0.0205921721903946,0.0016169620388713,0.0026021309632167,0.001574128607378,0.0016919205439845,0.0054184290838999,0.0082668522782031,0.0012957113026717,0.0019382127750709,0.0112330674091128,0.129282004604594,3.21250736199604e-05,0.0002141671574664,0.0009637522085988,0.0
3112790,0.0183500550891664,0.26632930646152,0.0020085607589629,0.0926375522859566,6.82520646249549e-05,4.87514747321106e-05,0.0002047561938748,1.95005898928443e-05,0.0049921510125681,0.107165491756126,0.0018525560398202,0.0055284172346213,0.000624018876571,0.0042413783016936,0.0667700197930987,0.0009555289047493,0.0076247306481021,0.0126558828404559,0.0213628962276109,0.0202513626037188,0.012704634315188,0.0050116516024609,0.0009652791996957,0.0025448269810161,0.0013260401127134,0.0140014235430622,0.103918643538967,4.87514747321106e-05,4.87514747321106e-05,0.01302639404842,0.122375951872544
3113252,0.0618018967334036,0.179820864067439,0.0140937829293994,0.0722075869336143,0.0001580611169652,0.0358008429926238,0.0001844046364594,0.0008429926238145,0.0242096944151739,0.0923867228661749,0.0017386722866174,0.017913593256059,0.0030821917808219,0.0030821917808219,0.0749473129610116,0.0314014752370917,0.0039251844046364,0.0160432033719705,0.0238145416227608,0.0139357218124341,0.0399631190727081,0.0076396206533192,0.0032402528977871,0.0029768177028451,0.0089304531085353,0.0042676501580611,0.148893572181243,0.0006585879873551,0.0031875658587987,0.0191517386722866,0.0049525816649104
3113255,0.0405314563644272,0.133388034323224,0.0038653169362173,0.0618549567005417,0.0001186286527739,0.01427498121713,0.0004942860532247,9.88572106449444e-06,0.0076218909407252,0.102574241765194,0.0041421171260231,0.0085808058839811,0.0037466882834433,0.0071473763296294,0.170924117205109,0.0970580094112065,0.0025702874767685,0.0182589268061212,0.0239234449760766,0.0031733164617027,0.011516865040136,0.0109731503815888,0.0092728063584957,0.0056348610067618,0.0155403535133853,0.0214520147099529,0.114219621179169,0.0022934872869627,0.0058029182648582,0.0283819051761635,0.0005536003796116
3112665,0.0117248822605965,0.403895211930926,0.0111361852433281,0.0031724228152799,0.0002125850340136,0.0107764259549974,3.2705389848247e-05,3.2705389848247e-05,0.0017987964416535,0.0373495552066981,0.0056907378335949,0.0290260334903192,0.0657378335949765,0.007424123495552,0.0305141287284144,0.074290293040293,0.0060014390371533,0.0992935635792779,0.0282247514390372,0.000539638932496,0.0198521716378859,0.0081272893772893,0.0,0.035092883307169,0.0106946624803768,0.0345695970695971,0.0394427001569859,0.000408817373103,0.0009975143903715,0.0025019623233908,1.63526949241235e-05
3113265,0.0014124587167397,0.519244750015579,0.0150177595912178,0.0023887169474274,4.1542903433521e-05,0.005026691315456,6.23143551502815e-05,0.0,0.0013709158133061,0.0706021643852689,0.0057744635772594,0.0252996281910143,0.0532787736534906,0.0092017531105248,0.063394470639553,0.0821926344432212,0.0061275782564443,0.0254657998047484,0.0174480194420788,0.0008100866169536,0.0036973184055833,0.0082047234281203,0.0,0.0201483081652577,0.0106142118272646,0.022204681885217,0.0126498140955071,0.0003115717757514,0.0007270008100866,0.0042996905053694,0.0
3113266,0.0049558347666384,0.378101040725301,0.0093140541643588,0.0017199661837157,4.37279538232808e-05,0.0079293356266215,0.0001603358306853,7.28799230388013e-05,0.0068507127656473,0.0683467918257878,0.0067341048887852,0.0324315657522666,0.043290674285048,0.0094015100720053,0.0879077631694021,0.135308865113838,0.0046351631052677,0.0352884587353876,0.0311343031221759,0.0002040637845086,0.0009182870302888,0.0096930297641605,0.0109319884558202,0.0185552284056788,0.0135410897006093,0.0347054193510772,0.020246042620179,0.0001020318922543,0.0006121913535259,0.0073317202577034,0.0
3107313,0.101162097735399,0.614421930870083,0.0302443384982122,0.0421632896305125,0.0,0.0001489868891537,0.0,0.0,0.0102800953516091,0.0,0.0,0.0,0.0,0.0,0.0,0.0,0.0,0.00119189511323,0.0,0.0001489868891537,0.0,0.0001489868891537,0.0,0.0,0.0,0.0,0.0,0.0001489868891537,0.0923718712753278,0.0020858164481525,0.0
3112847,0.0388629283489097,0.535708722741433,0.0152063862928349,0.054731308411215,9.73520249221184e-05,1.94704049844237e-05,0.0006230529595015,0.0001168224299065,0.0015771028037383,0.0253894080996885,0.001148753894081,0.0691978193146418,1.94704049844237e-05,0.0057827102803738,0.0235007788161994,1.94704049844237e-05,0.0109423676012461,0.0001557632398753,0.0007788161993769,0.0032515576323987,0.00202492211838,0.0069704049844236,0.0,0.0017133956386292,0.000369937694704,0.0042056074766355,0.177550623052959,0.000506230529595,0.0036020249221183,0.0060163551401869,5.8411214953271e-05
3112849,0.0371467465287231,0.545112986659406,0.0228260277702151,0.0791723386877212,0.0001089028042472,0.01873128233052,0.0001851347672202,5.44514021236047e-05,0.0003593792540157,0.031374897903621,0.0011543697250204,2.17805608494419e-05,6.53416825483256e-05,0.0066539613395044,0.0294037571467465,1.08902804247209e-05,0.0097685815409746,0.0009147835556765,0.0027334603866049,0.0009038932752518,0.0567383610127961,0.0015355295398856,1.08902804247209e-05,0.0012414919684181,0.0020364824394228,0.0097359106997005,0.0841274162809692,0.0057173972229784,0.0159106997005173,0.0006969779471821,0.0270950176967057
3108337,0.0122781216867882,0.416840521221656,0.0197339170286262,0.0467184240227094,0.0001026026881904,0.0181264749136427,3.42008960634769e-05,6.84017921269537e-05,0.0015732412189199,0.0590307466055611,0.0047539245528232,0.0,0.0061561612914258,0.0108416840521222,0.110195287116522,0.0,0.0162454256301515,0.0017100448031738,0.0009576250897773,0.0176476623687541,0.0872464858579295,0.0022572591401894,0.0,0.0008892232976503,0.0149115906836759,0.0064981702520606,0.0756523820924108,0.0004104107527617,0.0008550224015869,0.0064639693559971,0.0501727145251206
3108338,0.0042971998891045,0.304200166343222,0.0169115608538952,0.0191987801497089,0.0,0.0672303853617965,0.0007624064319378,0.00097033545883,0.0063071804823953,0.0753396174105905,0.0018020515663986,0.0006237870806764,6.9309675630718e-05,0.02703077349598,0.0901025783199335,0.0,0.0236345993900749,0.0056833934017188,0.0103964513446077,0.0002079290268921,0.008109232048794,0.006861657887441,0.0,0.0010396451344607,0.0062378708067646,0.0353479345716662,0.0387441086775714,0.0,0.000485167729415,0.0001386193512614,0.223385084557804
3116018,0.0001894703090309,0.401987980780909,0.006918095386155,0.0308059289632088,6.80149827290526e-05,0.104325267080263,5.3440343572827e-05,7.28731957811278e-05,0.0011513964933418,0.148005460631471,0.0054266239791679,0.0529448058415154,3.88657044166015e-05,0.0116111291944597,0.0382001292284672,0.0011951204108105,0.0097115678910983,0.0330455651802154,0.0106103373057322,0.0004518138138429,5.82985566249022e-05,0.0017829641901115,2.42910652603759e-05,0.0043432424685552,0.0039351525721809,0.0229890641624198,0.047042076983244,1.94328522083007e-05,6.80149827290526e-05,0.0027740396527349,0.0340852227733595
3107830,0.0400586600802717,0.0171349181846249,0.0003087372645878,7.71843161469589e-05,0.588530410620562,0.0,0.0004631058968817,0.0012349490583513,0.0009262117937635,0.003627662858907,0.0,7.71843161469589e-05,0.0,0.0,0.0002315529484408,7.71843161469589e-05,0.0,0.0,0.0020067922198209,0.0067922198209323,0.114695893794381,0.0003087372645878,7.71843161469589e-05,7.71843161469589e-05,0.0001543686322939,0.0,0.183853041062056,0.0003087372645878,0.0307965421426366,0.0007718431614695,0.0
3112836,0.0152528084380575,0.107044131197679,0.0011370988295724,0.0,0.395690787538965,0.0,7.84206089360284e-05,0.0,0.0015292018742525,0.0896935714705825,0.0060775971925422,0.0048032622973317,0.0274276079753759,0.019467916168369,0.0728331405493364,0.0163899072676299,0.0003921030446801,0.0068421981296684,0.0058815456702021,0.0019409100711667,0.0279373419334601,0.0370341325700394,0.0008430215460623,0.0031368243574411,0.0235653929852765,0.0161546454408218,0.0565804693473445,7.84206089360284e-05,0.0067049620640304,0.0348579606720646,0.0
3112839,0.0281078340234936,0.145390010986225,0.0010141130736077,1.69018845601285e-05,0.429054339558861,0.0009634074199273,0.000135215076481,0.0003042339220823,0.0017070903405729,0.0430660018592073,0.0058987577114848,0.0132003718414603,0.005662131327643,0.0126764134200963,0.0435392546268909,0.0268063889123637,0.0104453646581594,0.0138426434547452,0.0231048761936956,0.0024169694920983,0.036051719766754,0.0057804445195639,0.0002197244992816,0.0020789318008958,0.0116453984619285,0.0066762444012507,0.0888532071325953,0.000270430152962,0.0017746978788134,0.0184399560551001,0.0013521507648102
3108819,0.0717965335593333,0.0988417501703309,0.0040630141083802,0.0455157286006281,0.301901058543962,0.0064559549329478,0.0003406617146085,0.0002077205576881,0.0037389700383867,0.0810857968991475,0.0035644847699287,0.0018113232630407,0.0080595576383003,0.0242285258487462,0.0679080047194111,0.0417684497399339,0.008749189889825,0.0052262492314339,0.0129036010435881,0.0026089702045632,0.0390348472007578,0.0077105871013842,0.0036974259268491,0.0031822789437825,0.0183791149442478,0.0195755853565316,0.0844176346444655,0.0001412499792279,0.0020356614653439,0.016044335875833,1.66176446150523e-05
3108822,0.0018910939978777,0.0479917632350315,0.0022483006419213,0.0875996764128048,0.446897029931816,0.0423710116302281,4.20243110639505e-05,2.10121555319752e-05,0.0012607293319185,0.0485170671233308,0.0011136442431946,0.0022798188752193,0.0042654675729909,0.0038242123068195,0.0183015874683504,0.0252250927161363,0.0158851895821733,0.0174926194803694,0.0095185064559847,0.0002626519441496,0.0525829192187681,0.0008720044545769,0.0,0.0027105680636248,0.0125547629303552,0.005935933937783,0.0795415147662923,0.0,0.0,0.0008825105323429,0.0
3115956,0.0033086726928625,0.0466787543509046,0.0017469791818314,0.016993342950542,0.343519633663759,0.0072129064704403,5.29387630858005e-05,3.97040723143504e-05,0.0034939583636628,0.0567371193372067,0.0041027541391495,0.0046321417700075,0.0119906298389338,0.0124406093251631,0.126020725525748,0.0478566418295637,0.0204608319326619,0.013261160152993,0.0181976998107439,0.0034013155282626,0.0507285697269683,0.0099524874601304,0.0019852036157175,0.0104024669463598,0.0197990973940894,0.0210960970896915,0.0102965894201882,1.32346907714501e-05,0.0002249897431146,0.0207784645111767,0.0080334572982702
3115964,0.0014511990089372,0.0390230953013008,0.0008848774444739,0.0091850278736395,0.642314839394744,0.0054685426068489,1.76975488894788e-05,3.53950977789576e-05,0.000778692151137,0.0153968675338466,0.0023183789045217,0.0076630386691443,0.0090611450314131,0.0038934607556853,0.0364746482612158,0.0187240067250686,0.0071321122024599,0.0123882842226352,0.0161755596849836,0.001221130873374,0.0277497566587028,0.010423856295903,5.30926466684364e-05,0.0055924254490753,0.0076276435713653,0.0030793735067693,0.0219272630740642,5.30926466684364e-05,0.0001061852933368,0.0308468277143616,7.07901955579152e-05
3107499,0.245176174496644,0.46623322147651,0.0,0.0,0.0,0.0,0.0,0.0,0.0054530201342281,0.0002097315436241,0.0,0.0,0.0,0.0,0.0,0.0,0.0,0.0004194630872483,0.0,0.0266359060402685,0.0,0.0,0.0,0.0,0.0,0.0,0.248112416107383,0.0,0.0041946308724832,0.0,0.0
3114895,0.0555272325601156,0.0852876200186932,0.0004673294247599,0.0053105616449995,0.0050981391791995,0.0090704392896592,0.0001486957260599,0.0001911802192199,0.0010833545755799,0.0552298411079956,0.0006372673973999,0.0013807460276998,0.0004036026850199,0.0024641006032798,0.0243223723340981,0.0298665986914776,0.0046308097544396,0.0140198827427989,0.0089217435635992,0.0026127963293397,0.0022304358908998,0.0103237318378792,0.0004248449315999,0.0020817401648398,0.0027402498088197,0.0034412439459597,0.0160166539213187,0.0002973914521199,0.586328490101113,0.0006797518905599,0.0268289574305379
3114898,0.158010675252055,0.342692535795984,0.0032025756163687,0.0079979666186562,0.0002880623570278,0.0057273574514953,0.0001863932898415,0.0002033381343726,0.0005083453359315,0.0857578581716513,0.0013725324070151,0.0001186139117173,0.0010505803609251,0.0040159281538591,0.0282470558332627,0.0585274930102516,0.0036939761077692,0.0349911039566212,0.0068626620350758,0.0200796407692959,0.0005083453359315,0.0221638566466153,1.69448445310514e-05,0.0029145132593408,0.0018469880538846,0.0020842158773193,0.0514614928408032,0.0002202829789036,0.0007286283148352,0.002321443700754,0.144302296026434
3108426,0.0248152502519315,0.69734632180047,0.0179291232784683,0.044591871011085,0.0,0.0076839099764864,4.1988579106483e-05,8.39771582129661e-05,0.0004198857910648,0.0277964393684918,0.0002099428955324,0.0,8.39771582129661e-05,0.001133691635875,0.002435337588176,0.0007138058448102,0.006004366812227,0.0002099428955324,0.0003778972119583,0.0007138058448102,0.0,0.0003778972119583,0.0,0.0001259657373194,0.0006298286865972,0.0001679543164259,0.0157037285858247,0.0002099428955324,0.0004618743701713,0.0,0.147505878401075
3108429,0.0460415711447348,0.259762341433593,0.0025981965459269,0.249847164909063,0.0,0.0217981048448724,0.0002865657955066,0.0,0.0006877579092159,0.105628152223751,0.0005540272046461,0.0,1.91043863671099e-05,0.0101826379336696,0.0378075806205105,0.112486626929543,0.0156273880482959,0.0017002903866727,0.0017576035457741,9.55219318355494e-05,3.82087727342198e-05,0.0020059605685465,0.0,0.0003247745682408,0.0013373070456976,0.0037826685006877,0.115581537521015,0.0,0.0014710377502674,0.000878801772887,3.82087727342198e-05
3114956,0.0212765957446809,0.319025533971597,0.001737914297173,0.0429233980852092,5.14175827565994e-05,0.023209896856329,8.22681324105591e-05,0.0,0.0011826044034017,0.199633906810773,0.0078977407114136,2.05670331026398e-05,4.11340662052796e-05,0.0104686198492436,0.0859496313359316,0.015075635264235,0.0099441605051263,0.0012031714365044,0.0039283033226042,0.0012134549530557,9.2551648961879e-05,0.0234875518032146,0.0,0.0041442571701819,0.0014088417675308,0.0475406970167518,0.138878891025575,0.0012957230854663,0.0035169626605514,0.0038563187067449,0.0007712637413489
3114959,0.0713947506494504,0.430416032146194,0.0024442368478302,0.0224972166412858,5.11882062372829e-05,0.0227787517755909,8.95793609152451e-05,0.0,0.000921387712271,0.12414419717697,0.0047221120253893,0.0512905826497575,2.55941031186415e-05,0.0081773159464059,0.0850620017148049,0.0277823989352853,0.0339505777868779,0.0040438682927453,0.0038903036740335,0.017276019605083,0.0032888422507454,0.0001407675671525,0.0057714702532536,0.0015484432386778,0.0025722073634234,0.0096617739272871,0.0131041807967444,0.0004095056498982,0.0003455203921016,0.0017915872183049,0.0
3116023,0.0329256347791144,0.273978451415225,0.0010548258281638,0.0456337745184218,0.0,0.0317954642489389,0.0,0.0005525278147524,0.0062033804656302,0.164904437802949,0.0048974056307607,0.0003767235100585,0.004646256624055,0.0099706155662154,0.133460582163398,0.0126076801366251,0.0160484215284929,0.0033905115905266,0.0515860059773464,0.0007283321194464,0.0166260642439159,0.0102217645729211,0.0,0.0042946480146671,0.0022352261596805,0.0194891629203606,0.0588442122711405,5.02298013411357e-05,0.0001004596026822,0.0038174649019263,0.0032900519878443
3116030,0.0175814515685951,0.338497884731608,0.0016757321026317,0.0237074885995275,0.0,0.0308224822811933,0.0,0.0002472391626833,0.0060436239767045,0.129828031426845,0.0059062688863249,0.0065381023020713,0.0529366518323169,0.0052194934344266,0.100818636338663,0.0229657711114774,0.0076094720070325,0.0184605241470249,0.0216746332619087,0.0051920224163507,0.0268391846601835,0.0024449206087577,0.0013735509037964,0.019586835888138,0.0052744354705785,0.0189275314543157,0.0538706664468985,2.74710180759299e-05,0.0001373550903796,0.0014559639580242,0.0025822756991374
3107297,0.0825833774483854,0.641741662255161,0.0023822128110111,0.0,0.0,0.0,0.0,0.0030439385918475,0.0011911064055055,0.0,0.0,0.0,0.0,0.0,0.0001323451561672,0.0,0.0,0.0,0.0,0.0080730545262043,0.0,0.0,0.0,0.0,0.0,0.0,0.0,0.0062202223398623,0.0236897829539439,0.0,0.0
3107956,0.031063696266081,0.787458920284709,0.0029065446798672,8.25722920416825e-05,6.6057833633346e-05,0.0,0.0003137747097583,0.0024276253860254,0.0002146879593083,0.0001816590424917,1.65144584083365e-05,1.65144584083365e-05,0.0,1.65144584083365e-05,9.9086750450019e-05,0.0,1.65144584083365e-05,3.3028916816673e-05,0.0,0.0541178802041187,3.3028916816673e-05,0.0011890410054002,4.95433752250095e-05,1.65144584083365e-05,6.6057833633346e-05,0.0,4.95433752250095e-05,0.0583786104734695,0.047066206463759,4.95433752250095e-05,0.0
3112809,0.124868905128931,0.51109520400859,0.0096552412977976,9.98818065289407e-05,0.0001498227097934,6.65878710192938e-05,0.0012984634848762,0.0040951540676865,0.0003329393550964,0.0143829801401675,0.0003162923873416,4.99409032644704e-05,1.66469677548235e-05,0.0048109736811439,0.0286327845382963,3.32939355096469e-05,0.0159145011736112,0.0015315210334437,0.0,0.122238684223669,8.32348387741173e-05,0.0040785070999317,0.0,6.65878710192938e-05,0.0072247840055933,0.0074578415541609,6.65878710192938e-05,0.0177789615621515,0.0440978175825273,0.0002663514840771,0.0460788067453513
3112810,0.0011330160888284,0.0145026059370043,0.0,0.0011330160888284,0.0002266032177656,0.0002266032177656,0.126217992295491,0.0348968955359166,0.240199410831634,0.0024926353954226,0.0,0.0002266032177656,0.0002266032177656,0.0,0.0002266032177656,0.0,0.0,0.0,0.0004532064355313,0.0290052118740086,0.0002266032177656,0.0,0.0,0.0002266032177656,0.0,0.0002266032177656,0.0,0.0,0.0,0.0140493995014729,0.0004532064355313
3108889,0.0422434224939752,0.380190802445777,0.00246967675118,3.98334959867753e-05,1.99167479933876e-05,0.0032265131749288,0.0001593339839471,0.0,5.97502439801629e-05,0.263179907984624,9.95837399669382e-05,3.98334959867753e-05,1.99167479933876e-05,0.0015734230914776,0.0138620566033978,0.002111175287299,0.0060945248859766,0.0002987512199008,0.0050588539903204,0.0811009978290745,5.97502439801629e-05,0.0020912585393057,0.0,0.0008365034157222,0.0014539226035173,0.0072696130175864,0.0234021788922305,0.0283016988986038,0.0854030153956462,0.0020912585393057,0.0003385847158875
3116110,0.0066788099574984,0.401660524420723,0.0021886163708504,0.0209824769489276,1.412010561839e-05,0.0288473757783708,0.0,0.0,0.000183561373039,0.0658985329210263,0.0090368675957696,0.0051397184450939,0.0106465596362661,0.001341410033747,0.120077378178789,0.0687649143615594,0.0149390717442566,0.0830685813529885,0.0208836362095988,0.001341410033747,0.0084861834766524,0.0142048262521004,0.0009319269708137,0.0195704663870886,0.0105194786857006,0.0005365640134988,0.0167888055802657,8.47206337103402e-05,2.82402112367801e-05,0.0420779147428023,2.82402112367801e-05
3107588,0.0002966772151898,0.0001977848101265,0.0,0.0,0.0,0.0,0.0,0.0,0.0007911392405063,0.0023734177215189,0.0,0.0,0.0,0.0,9.88924050632911e-05,9.88924050632911e-05,0.0,0.0,0.0,0.28243670886076,0.0,0.0,0.0,0.0,0.0,0.0,0.0,9.88924050632911e-05,0.0201740506329114,0.374011075949367,0.0
3111992,0.117191612191188,5.09381101961117e-05,0.0,1.69793700653706e-05,0.0,1.69793700653706e-05,0.0022242974785635,0.000645216062484,0.0089141692843195,0.0052805840903302,1.69793700653706e-05,0.113575006367264,6.79174802614823e-05,0.0,0.326581203837338,5.09381101961117e-05,0.0,0.0003056286611766,0.0029544103913744,0.0692928092367773,0.0002207318108498,0.0335512352491723,0.0,0.0010527209440529,0.0032939977926818,0.0158926903811869,0.0,0.0152984124288989,0.0542151286187282,0.130554376432634,1.69793700653706e-05
3111995,0.106079090665635,0.0019638765733329,0.0002380456452524,0.0007736483470705,0.0009521825810099,0.0004165798791918,0.0001785342339393,0.0,0.0020531436903026,0.35599726247508,0.0005058469961615,0.0328800547504984,0.0032731276222215,0.0024102121581813,0.302258458059333,0.0014877852828279,0.000267801350909,8.92671169696789e-05,0.0042253102032314,0.0044336001428273,0.0023507007468682,0.0303508197696908,8.92671169696789e-05,0.0182700032731276,0.000535602701818,0.0211265510161573,0.0003273127622221,0.0022316779242419,0.0103847412741393,0.0274050049096914,0.0
3108108,0.0030729341719882,2.40072982186585e-05,0.0,0.0,2.40072982186585e-05,0.0,0.0001920583857492,0.0008882700340903,0.0072021894655975,0.330724540260239,0.0064339559226004,0.0189897728909589,0.0095068900945887,0.0221107216593845,0.302275891871129,0.120300571373698,0.0038891823114226,0.0072261967638162,0.0168531233494982,0.0003601094732798,0.0,0.0110433571805829,0.0,0.0240793201133144,0.0171892255245595,0.0271762615835214,0.0,0.005761751572478,0.0034090363470495,0.0176693714889326,0.0
3108111,0.000915957386844,9.86415647370498e-05,1.40916521052928e-05,0.0,0.0001268248689476,0.0,0.0006482159968434,2.81833042105856e-05,0.0020291979031621,0.405600022546643,0.0012823403415816,4.22749563158785e-05,0.0097655149089679,0.0662589481990869,0.105687390789696,0.0013668902542134,0.0094977735189673,1.40916521052928e-05,0.0390338763316611,0.0555211092948537,8.45499126317569e-05,0.0191928301674088,0.0,0.0077785919621216,0.171579956034045,1.40916521052928e-05,2.81833042105856e-05,0.024350374837946,0.0168254326137196,0.0221238938053097,4.22749563158785e-05
3115156,0.011423782639379,0.328084568336862,7.35121147965185e-05,0.000294048459186,0.0001764290755116,1.47024229593037e-05,7.35121147965185e-05,0.0001323218066337,0.0034550693954363,0.0730269348388614,0.0150846859562456,0.0489002587626441,0.0008674429545989,0.0048076923076923,0.0803487414725947,0.04201952481769,0.0267437073629734,0.0344624794166079,0.092610562220654,0.0032345330510468,0.0028522700541049,0.0015437544107268,0.0,0.0040872735826864,0.0109533051046813,0.0117031286756057,0.0,0.0003675605739825,0.0011908962597036,0.0013673253352152,0.130689837685251
3116063,0.0007978299026647,0.748045316738471,0.0,0.0003191319610659,0.0,0.0057443752991862,0.0,0.0,0.0001595659805329,0.0855273655656614,0.0074996010850486,0.0097335248125099,0.0,0.0070209031434498,0.05138024573161,0.0620711664273177,0.0009573958831977,0.0019147917663954,0.0035104515717249,0.0,0.0,0.0009573958831977,0.0,0.0036700175522578,0.0043082814743896,0.0014360938247965,0.0,0.0,0.0,0.0019147917663954,0.0
3111938,0.352540797184455,0.15576804953766,0.0005146338629081,0.003087803177449,0.0001826120158706,0.0208011687169016,0.0009130600793532,1.66010923518768e-05,0.0150073874860966,0.1287082690041,8.30054617593838e-05,0.0006972458787788,0.000132808738815,0.0082009396218271,0.009147201885884,0.0003652240317412,0.0244866112190182,0.0078357155900858,0.0435778674236765,0.0021581420057439,9.96065541112605e-05,0.0027225791457077,0.0474957252187194,0.001875923435762,0.0193070704052327,0.0542689708982851,1.66010923518768e-05,0.003087803177449,0.0175639557082856,0.0008632568022975,3.32021847037535e-05
3111940,0.124610938194753,0.33384281903068,0.0015562472209871,0.0013617163183637,8.33703868385949e-05,0.0731714095153402,0.0004724321920853,0.0,0.0034459759893285,0.153568252556692,2.77901289461983e-05,0.0012227656736327,8.33703868385949e-05,0.0026122721209426,0.0118663850600267,0.0015006669630947,0.0352100933748333,0.0094486438417074,0.0323199199644286,0.0040017785682525,0.0008059137394397,0.0819253001333926,0.0,0.0027512227656736,0.0403512672298799,0.0326811916407292,0.0,0.0005835927078701,0.0027790128946198,0.0047799021787461,5.55802578923966e-05
3112980,0.0078546553098644,0.0812151218898166,0.0009146981076658,0.0218352704233626,0.343607602903537,0.0123610120421265,7.55255318256199e-05,0.0,0.0010993160743506,0.109503629421391,0.0019888390047413,0.0328284311668695,0.0019552721017077,0.0005958125288465,0.0253849704191667,0.0015944278940964,0.0043301304913355,0.001586036168338,0.0038098434943146,0.0014769437334787,0.0477657030168254,0.0119917761087568,0.004842025762598,0.001107707800109,0.0059916921914991,0.0337515210002937,0.057625980782948,0.0003021021273024,0.001107707800109,0.0094742583812361,0.0001930096924432
3112981,0.0327729711970211,0.0842459752491512,0.0005202058920162,0.0516099003395028,0.447377067133939,0.0198910305552513,9.58274011608805e-05,0.000561274778228,0.0025188916876574,0.0558673748767933,0.0016290658197349,4.10688862118059e-05,0.0014100317599386,0.0029295805497754,0.0666821815792356,0.0571815792355711,0.0021218924542766,0.0002190340597962,0.0019713065381666,0.0004380681195925,0.0338681414960026,0.0171394151790603,0.004230095279816,0.0013005147300405,0.0047229219143576,0.0042437849085532,0.0528830358120688,9.58274011608805e-05,0.0002464133172708,0.0132241813602015,0.0003422407184317
3112983,0.0166634744301858,0.177576134840069,0.0014365064163953,0.019967439187895,0.323190001915342,0.0777389389005938,0.0,0.0,0.0003112430568856,0.0943305880099598,0.0032321394368894,0.0131200919364106,0.0031842558896763,0.0022505267190193,0.0598544340164719,0.0116357019728021,0.0180281555257613,0.0058896763072208,0.0057460256655813,0.0007182532081976,0.0157297452595288,0.0059615016280406,9.57670944263551e-05,0.0039264508714805,0.0075177169124688,0.006631871289025,0.0723041562918981,7.18253208197663e-05,0.0039264508714805,0.0090499904232905,0.0001915341888527
3108893,0.0205257589322048,0.106226092618214,0.0009929193456498,0.0414421746561406,0.378269715959958,0.0055994140148124,6.51094652885163e-05,0.0,0.0008789777813949,0.0769919427036705,0.0069667127858712,0.006820216488972,0.0032066411654594,0.0055994140148124,0.0561406364450232,0.0887442011882477,0.0100268576544315,0.002278831285098,0.0099291934564987,0.000634817286563,0.026483275006104,0.046276552453813,0.0003092699601204,0.0039228452836331,0.0047855456987059,0.0255066330267763,0.0304223976560592,0.0002441604948319,0.0007162041181736,0.0003418246927647,0.0001790510295434
3116119,0.0009051138934982,0.228742394529089,0.0015336652084276,0.0149846633479157,0.431915321566853,0.0177000050284105,2.5142052597174e-05,0.0001759943681802,0.0021119324181626,0.0304218836425806,0.0019107959973852,0.0096545481973148,0.0028661939960778,0.0032684668376326,0.0370091014230402,0.0225272791270679,0.0041232966259365,0.0077186101473324,0.0078694624629154,0.0021622165233569,0.0045255694674913,0.0029667622064665,0.0005028410519434,0.0051541207824206,0.0073917634635691,0.0021119324181626,0.0827927792024941,0.0001759943681802,0.0003268466837632,0.0147583848745412,0.0001257102629858
3107890,0.191891241578441,0.409889316650626,0.0034889316650625,0.0673724735322425,0.0,0.0,0.0026467757459095,0.0241819056785371,0.0003609239653512,0.0149181905678537,0.0,0.0001203079884504,0.0,0.009744947064485,0.0,0.0,0.0003609239653512,0.0,0.0001203079884504,0.211501443695861,0.0001203079884504,0.0,0.0003609239653512,0.0002406159769008,0.0001203079884504,0.0001203079884504,0.0001203079884504,0.0007218479307025,0.0054138594802694,0.0084215591915303,0.0
3107891,0.192872031716189,0.521723137286958,0.0040462663996403,0.160011443985777,4.08713777741448e-05,0.0,0.0004087137777414,0.0087056034658928,0.0021661830220296,0.0216618302202967,0.0,0.0,0.0001226141333224,0.0103404585768586,0.0002043568888707,0.0002043568888707,0.0019209547553848,8.17427555482895e-05,0.0002043568888707,0.0158580945763682,0.0,0.0001634855110965,0.0,0.0004904565332897,0.0,0.0,8.17427555482895e-05,0.0095230310213757,0.0303674336861896,0.0094821596436015,0.0
3112997,0.234944647307715,0.323277111227033,0.0028690662493479,0.0714658320292123,0.003999304468788,2.89804671651307e-05,0.0007534921462933,0.0021155741030545,0.0159102764736568,0.0172143974960876,0.032371181823451,0.0196487567379586,0.0018547498985683,0.0053034254912189,0.116849243609807,5.79609343302614e-05,2.89804671651307e-05,8.69414014953921e-05,2.89804671651307e-05,0.0473830638149887,0.0033907146583202,0.0072161363241175,0.0,0.0019127108328986,0.0094766127629977,0.0056511910972004,0.0001159218686605,0.0078537066017504,0.0246913580246914,0.0040862458702834,2.89804671651307e-05
3113000,0.0340497410708332,0.37002422599071,0.0026670815460182,0.0463516547018425,0.0269930878136599,1.11128397750761e-05,2.22256795501522e-05,0.0001222412375258,0.0011335096570577,0.047151779165648,0.0062231902740426,0.0359833751916965,0.0062343031138177,0.0029671282199453,0.0478741137510279,0.224634943213389,0.0201809170315382,0.0279487920343164,0.0161358433534105,0.0075122796879514,0.0226479674616051,0.0009112528615562,0.0,0.0085124352677083,0.0041228635565532,0.0007223345853799,4.44513591003045e-05,0.0006000933478541,0.0033338519325228,0.0103349409908208,3.33385193252284e-05
3113003,0.161005669869833,0.262291372747358,0.031184284079112,0.042510714190646,9.31668751830064e-05,0.0,0.0003194292863417,9.31668751830064e-05,0.0005456916975004,0.0208693800409934,0.0110735485931802,0.006534990816408,0.001211169377379,0.0011446216093912,0.113663587723268,0.0672931029893257,0.0008917400910373,0.0171693241408683,0.0024489578619533,0.0010381451806106,0.0024223387547581,0.0160113929778795,0.0,0.0020496712540261,0.0117922644874491,0.0005856203582931,0.14862778502409,2.66191071951447e-05,9.31668751830064e-05,0.0665743870950568,6.65477679878617e-05
3115263,0.123229543641388,0.409080923585658,0.0473239371480766,0.0173663702898635,0.0001271838037207,1.15621639746095e-05,2.3124327949219e-05,4.6248655898438e-05,0.0016418272843945,0.0259917446149221,0.011192174727422,0.0010868434136132,0.0002312432794921,0.0006127946906543,0.0941969499011435,0.0407797523384477,0.0087525581287793,0.0108106233162599,0.0030986599451953,0.0021274381713281,0.0016649516123437,0.0007052920024511,0.0030870977812207,0.0018730705638867,0.0081513256020996,0.0005087352148828,0.068540508041485,3.46864919238285e-05,9.24973117968759e-05,0.0043242493265039,4.6248655898438e-05
3115262,0.0250311972399618,0.152059017837481,0.0048080452176466,0.0145342435586875,0.584012332085444,0.014974675181678,0.0001101079057476,0.0005872421639873,0.0008441606107318,0.0286280554943845,0.0041106951479116,0.0016149159509652,0.00139470013947,0.000697350069735,0.0097261983410408,0.0064229611686119,0.0011744843279747,0.0002202158114952,0.0011010790574763,3.67026352492109e-05,0.0307568083388387,0.0001468105409968,0.0002936210819936,0.0035234529839242,0.0077075534023342,0.0,0.057256110988769,0.000697350069735,0.0005872421639873,0.0003303237172428,0.0002202158114952
3115259,0.0268446158530397,0.186592915863189,0.0025372982847863,0.0032731147873744,0.458058459352481,0.00035522175987,2.53729828478636e-05,7.61189485435908e-05,0.0010402922967624,0.0841875570892114,0.0064447376433573,0.0013955140566325,0.0004567136912615,0.0038059474271795,0.0258043235562773,0.0093626306708616,0.0036283365472444,0.0090581548766873,0.0059119050035522,0.0022074495077641,0.0050492235867248,0.0040089312899624,0.0013193951080889,0.0049731046381812,0.0080686085456206,0.0001522378970871,0.129909672181062,5.07459656957272e-05,0.0003044757941743,0.0002029838627829,5.07459656957272e-05
3107791,0.276427583481525,0.309128630705394,0.0351709148389646,0.0574985180794309,0.0007903576368306,0.0156095633274057,0.0005927682276229,0.0013831258644536,0.0018770993874728,0.0027662517289073,9.87947046038332e-05,0.0,0.0,0.0217348350128433,0.0146216162813673,0.0212408614898241,0.0058288875716261,0.0003951788184153,0.0783442007508398,0.0,0.0037541987749456,0.0001975894092076,0.0050385299347955,0.0,0.0043469670025686,0.0045445564117763,0.0,0.0317131001778305,0.0594744121715076,0.0289468484489231,0.0
3112298,0.293563037770922,0.171166855106069,0.0013222697046931,0.0,0.0007665331621409,3.83266581070464e-05,0.0130693904145028,0.148726596784393,0.0114979974321139,0.046298602993312,0.0532165647816339,0.0006132265297127,0.0006132265297127,0.0042925857079891,0.0047141789471667,0.0243757545560815,0.0739704501465995,0.0107506275990265,0.0011881264013184,0.002893662687082,0.0003449399229634,0.0074928616599275,0.0004024299101239,0.0025870494222256,0.0047525056052737,0.0088534580227277,0.0003449399229634,0.047984975950022,0.0403004809995592,0.0001149799743211,1.91633290535232e-05
3112300,0.185084376701143,0.182106375484325,0.0006404303692081,0.0,0.0,3.20215184604054e-05,0.0100547567965673,0.0597841749655769,0.0196932338531493,0.0047712062506004,0.000160107592302,3.20215184604054e-05,0.000160107592302,0.0039066252521694,0.0002561721476832,0.0,0.0255211502129431,3.20215184604054e-05,0.0001280860738416,0.0034583239937237,6.40430369208108e-05,0.0,6.40430369208108e-05,6.40430369208108e-05,0.0037785391783278,0.0261295590636908,0.0032341733645009,0.213615549649364,0.165711358032598,3.20215184604054e-05,0.0
3108496,0.0012982911681111,0.0228955401943928,0.0001052668514684,0.0014737359205586,0.875206147584126,0.0004035229306291,3.50889504894909e-05,3.50889504894909e-05,0.0002456226534264,0.0105091406716025,0.0011228464156637,0.0026316712867118,0.0079651917611144,0.0034387171479701,0.0172813081160742,0.0225095617390084,0.0001403558019579,0.0012807466928664,0.0023334152075511,0.0001754447524474,0.0119653321169164,0.0008596792869925,0.0005263342573423,0.0030001052668514,0.0020000701779009,0.0008421348117477,0.0050001754447524,3.50889504894909e-05,8.77223762237272e-05,0.0013333801186006,3.50889504894909e-05
3115147,0.0050945644284364,0.400512195455977,0.0073816403949656,0.0957969843465399,0.0,0.0372094934195209,4.10851970035196e-05,0.0,0.0002739013133567,0.0652706829729248,0.0042043851600268,0.0116545008833317,0.0033826812199564,0.0018625289308262,0.103329270463852,0.0406058697051452,0.0108464920089292,0.0462345416946274,0.0244456922170942,5.47802626713595e-05,0.0142428682945535,0.0054917213328037,1.36950656678399e-05,0.010435640038894,0.0038209233213273,0.0010819101877593,0.0389213766280009,0.0,0.0,0.0024377216888755,0.0122707788383845
3116164,0.0052213711937231,0.315916308611993,0.0114048197272557,0.0929665608070241,0.0004576872781617,0.0551653278535401,7.47244535774332e-05,1.86811133943583e-05,0.0002148328040351,0.0197272557444424,0.0004670278348589,0.0150476368391556,0.0182888100130768,0.0019801980198019,0.0987296842891836,0.0732299645058846,0.0469643190734168,0.0368391556136746,0.0575378292546236,0.000943396226415,0.0244629179899122,0.0059032318326172,1.86811133943583e-05,0.0238838034746871,0.0030076592564916,0.0018867924528301,0.0283859518027274,5.60433401830749e-05,0.0002335139174294,0.0013917429478796,0.0217074537642443
3107733,0.0001690617075232,0.41200338123415,0.0003381234150464,0.0,0.0,0.0,0.0030431107354184,8.4530853761623e-05,0.0142011834319527,0.0027895181741335,0.0,0.0,0.0,0.0,8.4530853761623e-05,0.0,0.0,0.0,0.0,0.10262045646661,0.0,0.0021132713440405,0.0,8.4530853761623e-05,0.0,0.0,0.0,0.102704987320372,0.139983093829248,0.0,0.0
3112225,0.0125175837393733,0.333306150741065,5.09673605023343e-05,0.0,0.0,0.0,4.07738884018674e-05,0.0040773888401867,0.0009989602658457,0.0160139446698334,0.0006319952702289,0.0050151882734297,4.07738884018674e-05,0.0033230719047522,0.0187254082485576,0.0,0.0032517176000489,0.0,0.0368595951152882,0.092444598479134,0.0,0.00414874314489,0.0,0.0093168334998267,0.0016003751197733,0.0027318505229251,0.0,0.0355854111027298,0.0440561864182178,0.0,0.357515646979674
3108545,0.509229847506867,0.0004408622814057,0.0,1.13041610616868e-05,0.0003730373150356,0.0,3.39124831850604e-05,0.0829951505149045,0.0123328397183003,0.0003052123486655,0.0,2.26083221233736e-05,0.0001695624159253,4.52166442467472e-05,5.6520805308434e-05,1.13041610616868e-05,3.39124831850604e-05,1.13041610616868e-05,0.0,0.147937555814295,6.78249663701208e-05,0.0015712783875744,3.39124831850604e-05,1.13041610616868e-05,0.0,5.6520805308434e-05,2.26083221233736e-05,1.13041610616868e-05,0.0044425352972429,0.0025773487220645,3.39124831850604e-05
3112129,0.0376651982378855,0.576431718061674,0.0712187958883994,0.0,0.0,0.0,0.0,0.0002202643171806,0.0041116005873715,0.0607929515418502,0.0005139500734214,0.0,0.0,0.0162995594713656,0.0091042584434654,0.0,0.0,0.0,0.0,0.158296622613803,0.0142437591776799,0.0056534508076358,0.0,0.0,0.0,0.0213656387665198,0.0,0.0027165932452276,0.0086637298091042,0.0030837004405286,0.0
3112132,0.201976265897593,0.28235071627819,0.0428348541440121,9.4558176918349e-05,0.0006146281499692,0.0,0.000283674530755,0.0006146281499692,0.0361685026712685,0.128410004255118,0.0013238144768568,0.0,0.0016547680960711,0.0177769372606496,0.0646777930121507,0.0,0.0171150300222212,0.0087939104534064,0.0001891163538366,0.058247836981703,0.0010401399461018,0.0025057916883362,0.0,0.0025057916883362,0.0016547680960711,0.018155169968323,0.0012765353883977,0.0096449340456716,0.0355538745212992,0.0191953099144248,0.0001891163538366
3108441,0.148903502418958,0.347301486138069,0.0361684869202468,5.79391059995944e-05,0.0001738173179987,2.89695529997972e-05,0.0001738173179987,0.0001448477649989,0.0073292969089486,0.0682377820910223,0.0049537935629653,0.0181349401778731,0.0210174107013529,0.0122106665894145,0.160723080042875,2.89695529997972e-05,0.0078942031924447,0.0003476346359975,0.0006807844954952,0.0481618818621629,4.34543294996958e-05,0.0103855847504273,0.0,0.0100669196674295,0.0054607607404617,0.0078217793099452,2.89695529997972e-05,0.0036067093484747,0.0112112170109215,0.0262029606883166,0.0096178915959326
3108444,0.0417490459331464,0.595659570554968,0.0018391650190813,0.0,0.0,0.0,4.59791254770334e-05,0.0004597912547703,0.0004597912547703,0.25279323187273,0.0034024552853004,0.0031265805324382,0.0009195825095406,0.0024368936502827,0.0521863074164329,0.0112189066163962,0.002804726654099,0.0019311232700354,0.0039542047910248,0.0,0.0,0.0005977286312014,0.0,0.0026208101521909,0.0020690606464665,0.0129201342590464,0.0002758747528622,0.0,0.0,0.0010575198859717,0.0
3116173,0.0063056437858897,0.551219664846427,0.117726213014974,4.69402763217599e-05,7.82337938695999e-05,4.69402763217599e-05,1.564675877392e-05,3.129351754784e-05,0.0003442286930262,0.130353147345527,0.002925943890723,0.002331367057314,0.0289777972492998,0.0022844267809923,0.065309571122342,0.0013925615308788,0.0013925615308788,0.0054450720533241,0.0050851966015239,3.129351754784e-05,0.0026599489915664,0.0007510444211481,0.0,0.0134249190280233,0.0075886780053511,0.0006728106272785,0.0306207069205614,3.129351754784e-05,1.564675877392e-05,0.0111874325233528,0.0064151710973071
3116181,0.0036776896873963,0.138380610737648,0.0266632502336237,3.01449974376752e-05,3.01449974376752e-05,0.0004672474602839,9.04349923130256e-05,0.0028788472552979,0.0077472643414825,0.140340035571097,0.0004672474602839,0.013369306363609,0.0190516383806107,0.0005576824525969,0.222439936092605,0.0514122931299551,0.004823199590028,0.0100684291441835,0.0960118168389956,6.02899948753504e-05,0.0064208844542248,0.0099327766557139,1.50724987188376e-05,0.0249449853796762,0.0151780062098695,0.0007234799385042,0.0059837819913785,0.0,3.01449974376752e-05,0.0078979893286709,0.0421879239140265
3100079,0.666897950938458,0.13228874816656,0.0010890854317257,0.0028632407317951,1.75658940600929e-05,0.0,0.0011944807960863,0.0011593490079661,0.0176976382655436,0.0012998761604468,2.63488410901394e-05,5.26976821802788e-05,0.000386449669322,6.14806292103252e-05,0.0001229612584206,1.75658940600929e-05,0.0,0.000386449669322,0.0010803024846957,0.0075796832869301,0.0003425349341718,4.39147351502323e-05,0.0001317442054506,0.0001141783113906,0.0004918450336826,8.78294703004646e-06,0.0003425349341718,0.0309686712279438,0.0892610906663622,0.0137189632609326,4.39147351502323e-05
3100080,0.445875107419078,0.0813090804926955,0.0013463191062732,0.000472643941564,0.0125179031796047,0.0,0.0008593526210254,0.001360641649957,0.0132626754511601,0.0008020624462904,0.0001002578057863,1.43225436837582e-05,0.0009309653394442,5.72901747350329e-05,0.0010885133199656,0.0024921226009739,0.0,0.0006445144657691,0.0003294185047264,0.0407046691492409,0.0026783156688627,8.59352621025494e-05,0.0,0.0001289028931538,0.0,8.59352621025494e-05,0.0080206244629046,0.0899169292466342,0.266642795760527,0.0133056430822114,0.0
3100081,0.702646517088723,0.125410657159168,0.0004847100895097,0.0015295296157864,0.0003985394069302,0.0029298032077036,0.0001615700298365,0.001788041663525,0.0071090813128103,0.0084662695634377,0.002768233177867,0.00044162474822,0.0007324508019259,0.0015295296157864,0.0073783646958713,0.0095218604250368,0.0021542670644879,0.0064197158521741,0.0047609302125184,0.008692467605209,0.0001400273591917,0.0043193054642984,0.0001507986945141,0.0018095843341699,0.0017341849869128,0.0001400273591917,0.0003339113949956,0.0106959359751828,0.0353730651988927,0.0020465537112635,0.0003769967362853
3100128,0.0007739272508384,0.146186258491702,0.0003439676670392,0.0,0.0,8.59919167598246e-05,0.0877977470117809,0.0639779860693095,0.0008599191675982,0.0045575715882707,0.0,0.0,0.0,0.0006019434173187,8.59919167598246e-05,0.0,0.0,8.59919167598246e-05,8.59919167598246e-05,0.0030957090033536,0.0,0.0,0.0,0.0,0.0,0.0,0.001461862584917,0.0810043855877547,0.516983403560065,0.0093731189268208,0.0
3100285,0.0246883698414619,0.168098753479366,0.0418734115938521,0.0,0.0,0.0128282706038969,0.0008471499455403,0.0624470531284037,0.0059300496187825,0.0077453709306547,0.0001210214207914,0.0,0.0,0.0002420428415829,0.0048408568316592,0.0,0.0019363427326636,0.0231150913711727,0.0001210214207914,0.0001210214207914,0.0,0.0020573641534551,0.0,0.0001210214207914,0.0,0.0,0.0474403969502602,0.064020331598693,0.391988381943604,0.0067771995643228,0.0001210214207914
3100286,0.0588784021071115,0.0470807726075505,0.0184738074334211,0.0063652326602282,0.0,0.0004389815627743,0.0113220661398888,0.0036215978928885,0.0151265730172666,0.0330882352941176,0.0011340357038337,9.14544922446591e-05,3.65817968978636e-05,0.0027802165642376,0.0046458882060286,0.0004206906643254,0.0103343576236465,0.0008596722270997,0.0031460345332162,0.0001280362891425,0.0020668715247292,0.0009511267193444,0.0,0.0003658179689786,0.0043349429323968,0.0032740708223587,0.0011157448053848,0.0001280362891425,0.0021766169154228,0.0003475270705297,0.725947468539655
3100287,0.394580790373545,0.0300393888239623,0.0195645587153184,0.0045881487252737,0.0,8.65688438730901e-05,0.0612041726182747,0.0081374713240704,0.0061896723369259,0.0151928320997273,0.000562697485175,4.3284421936545e-05,0.0001731376877461,0.0035493225987966,0.0029866251136216,0.0005194130632385,0.0030731939574947,0.0005194130632385,0.000562697485175,8.65688438730901e-05,0.0013418170800329,0.0014716703458425,0.0044150110375275,0.0005194130632385,0.0036358914426697,0.0008224040167943,0.0010821105484136,8.65688438730901e-05,0.0004761286413019,4.3284421936545e-05,0.410249751114574
3100289,0.611196712891628,0.0890661349285477,0.0074624611015438,0.0025076286292637,0.0004229735037312,0.0020544427324088,0.0056195051210006,0.116952173781685,0.0047131333272908,0.0166470286111363,0.001148070938699,0.0045318589685489,6.04247862473187e-05,0.0035046376023444,0.0059518414453608,0.0070394875978126,0.0269796670594278,0.0020846551255324,0.0032025136711078,0.0006948850418441,0.006737363666576,0.0011782833318227,0.001148070938699,3.02123931236593e-05,0.0006042478624731,0.0095169038339526,0.0006948850418441,0.0001510619656182,0.0018429559805432,0.0008761594005861,0.0014501948699356
3100290,0.265219213107464,0.129492650139814,0.0051649977339,0.0001710264150298,8.55132075149007e-06,0.0033264637723296,0.102376412036839,0.0832300048742528,0.0033179124515781,0.0854276943073858,0.0037027218853952,0.0044039301870173,0.0047203290548225,0.0037711324514071,0.0126901599952113,0.0393702807398603,0.0103727520715575,0.0264235811221043,0.0505212029998033,0.0003933607545685,0.0072686226387665,0.0131091747120343,5.13079245089404e-05,0.0016675075465405,0.0067982999974346,0.0099195320717284,0.0046006105643016,0.0016846101880435,0.0077218426385955,0.0018983932068308,0.0051992030169059
3100323,0.0008435677955588,0.141173551668527,0.0054707852623744,4.96216350328743e-05,0.0,0.0058801637513956,0.0056444609849894,0.225890088078402,0.0167597072323533,0.000967621883141,3.72162262746557e-05,1.24054087582186e-05,4.96216350328743e-05,0.0011164867882396,0.005619650167473,0.0001984865401314,0.0242153578960427,0.0461357151718149,0.0005954596203944,9.92432700657487e-05,0.0,0.000682297481702,0.0222428979034859,0.0001984865401314,0.0005086217590869,0.0005086217590869,0.0019476491750403,0.0072819749410743,0.160439151470041,0.0133482198238432,0.000173675722615
3100324,0.100359532213033,0.182544908602434,0.0110164357583101,6.58483906653321e-06,2.63393562661329e-05,0.0040233366696517,0.090890533635358,0.227835431702049,0.0018700942948954,0.0511707843860296,0.0010864984459779,0.0012906284570405,0.0,0.0150002633935627,0.0518358531317495,0.0,0.0052020228625612,0.0300663751777907,0.0022125059263551,0.000408260022125,0.0,0.0001646209766633,0.0417873887162198,0.000309487436127,0.0004345993783911,0.0118461254806933,0.0019952062371595,0.0302902597060528,0.0870976663330348,0.0,0.0037006795553916
3104008,0.0424369180947241,0.438334907569829,0.0229388746457968,0.0,3.37336391849953e-05,0.0027661584131696,0.0001686681959249,3.37336391849953e-05,6.74672783699906e-05,0.2506746727837,0.0012481446498448,0.0,0.0007421400620698,0.0043853730940493,0.0575495884496019,0.0374780731345298,0.0037781675887194,0.0008096073404398,0.0045877749291593,0.0001349345567399,6.74672783699906e-05,0.0049925785993793,0.0114019700445284,0.0032721630009445,0.006476858723519,0.0026986911347996,0.0616650924301714,0.0151801376332479,0.0161246795304277,0.0005397382269599,0.0018890837943597
3104009,0.022157558931098,0.367468432152487,0.0368402787047172,5.3391708267706e-05,0.0001334792706692,0.00034704610374,0.0004805253744093,0.0,0.0016017512480311,0.189967698016498,0.0094503323633839,0.0276302090285379,0.0008809631864171,0.0484262793988094,0.0490936757521557,0.0429803251555034,0.0033903734749993,0.08681491764329,0.019060839851571,0.023252088950586,0.0071544889078726,0.0003737419578739,0.0037908112870071,0.0076083184281481,0.0109186043407459,0.0031501107877946,0.0067273552417309,0.008702848447636,0.0066739635334632,0.0037641154328732,0.0002135668330708
3104010,0.0271465802634359,0.394195956892301,0.0205254631260125,4.22624498133408e-05,0.0001126998661689,0.0152426568993449,2.81749665422272e-05,1.40874832711136e-05,0.00050714939776,0.251644713671902,0.0033105585687117,0.0060294428400366,0.0025498344720715,0.0088610269775304,0.0336127350848771,0.0963161231246038,0.0139043459885891,0.0199760512784391,0.0076072409664013,0.0028456716207649,0.0436007607240966,0.0016482355427202,0.0061844051560188,0.0022821722899204,0.0085511023455659,0.0039163203493695,0.0095090512080016,0.0002113122490667,0.0020567725575825,0.0004648869479467,0.0062830175389166
3104028,0.0442285684560965,0.319886600083229,0.0125234082397004,0.0001690595089471,1.30045776113192e-05,0.0071265085310029,9.10320432792343e-05,0.0,0.0027699750312109,0.221259883478985,0.0070874947981689,0.0227059925093633,0.020534228048273,0.0054099042863087,0.0304307116104869,0.0864024136496047,0.0150593008739076,0.041640657511444,0.0305087390761548,0.0008452975447357,0.0074516229712858,0.0016255722014149,0.006970453599667,0.0082969205160216,0.0180113399916771,0.0091812317935913,0.0319782563462339,0.0005461922596754,0.0005071785268414,0.0004031419059508,0.0182064086558469
3100160,0.120716510903427,0.0002396357536544,0.0,0.0,0.0054217589264318,0.0,0.586748142822909,0.0670980110232447,0.0407380781212557,0.0081476156242511,2.99544692068057e-05,5.99089384136113e-05,2.99544692068057e-05,8.9863407620417e-05,0.0003294991612748,0.000299544692068,5.99089384136113e-05,0.0001797268152408,0.0011382698298586,0.0002096812844476,5.99089384136113e-05,0.000149772346034,0.138898873711958,5.99089384136113e-05,5.99089384136113e-05,0.0018571770908219,2.99544692068057e-05,0.0001797268152408,0.0004792715073088,0.0,2.99544692068057e-05
3100161,0.203725018311186,0.0360991943078372,0.0,0.0,0.0759652610651878,0.0,0.104426075128178,0.0052317672909909,0.0092079104321439,0.052317672909909,0.0054410379826305,0.0207177984723239,0.0505388720309721,0.0154860311813331,0.0299257089044679,0.0322276865125039,0.0078476509364863,0.0004185413832792,0.0019880715705765,0.0004185413832792,0.0077430155906665,0.0018834362247567,0.0382965365700534,0.003976143141153,0.0405985141780894,0.006278120749189,0.0,0.0002092706916396,0.0017788008789369,0.0002092706916396,0.0
3100162,0.185273534799742,0.0703770576063893,7.90753456251565e-05,0.0,0.0849401004256889,2.63584485417188e-05,0.0618632787274141,0.0001581506912503,0.0408292367911225,0.115819022892313,0.0115054627884603,0.0020691382105249,0.0014892523426071,0.0039274088327161,0.0219170499624392,0.0450993054548809,0.0225101150546279,0.0024117980415672,0.109558891363654,0.0009620833717727,0.0005930650921886,0.0080261475809533,0.0513067200864557,0.0032025514978188,0.000369018279584,0.0041382764210498,5.27168970834377e-05,0.0223915020361901,0.105684199428022,0.0003294806067714,1.31792242708594e-05
3100163,0.0711458681035716,0.0118020123027037,4.76848981927424e-05,0.0,0.0090124457584283,0.0,0.0249153593057079,0.0020027657240951,0.0128510800629441,0.0284440417719708,0.0190501168280006,0.0016689714367459,9.53697963854847e-05,0.0786800820180249,0.0038863192027085,0.0054837632921653,0.0362166801773878,0.075151399551762,0.100472080492108,0.0019550808259024,9.53697963854847e-05,0.014710791092461,0.0005722187783129,0.0049592294120452,0.0068904677888512,0.0145677363978828,0.0023365600114443,0.0,0.0164512898764961,0.0022411902150588,0.0590577464117114
3100164,0.115615938137687,0.0729244979057029,0.0,0.0,0.110568145204597,0.0060143915798517,0.023466867146386,0.0215873697776823,0.0052625926323703,0.039308344968317,0.0054236924068306,0.0148748791751692,0.001020298571582,0.175545054236924,0.0230909676726453,0.008699387820857,0.0045644936097089,0.0060680915046718,0.0160562775212115,0.0002147996992804,0.0,0.0089141875201374,0.0,0.0038663945870475,0.0165932767694125,0.0211040704543014,0.0006443990978412,0.0,0.0003758994737407,5.36999248201053e-05,0.200676619052733
3100082,0.660620485883125,2.05187130663165e-05,0.0,0.0,4.1037426132633e-05,0.0,0.0006771175311884,2.05187130663165e-05,0.01504021667761,4.1037426132633e-05,0.0,4.1037426132633e-05,0.0001231122783978,0.0,0.0,0.0,0.0,0.0,4.1037426132633e-05,0.0004308929743926,2.05187130663165e-05,0.0002872619829284,0.0,0.0,2.05187130663165e-05,0.0,0.0,0.165401346027577,0.148083552199606,0.0,0.0
3100083,0.0702004757050629,0.001495073054706,3.39789330615019e-05,6.79578661230037e-05,6.79578661230037e-05,0.000203873598369,0.0001019367991845,0.0,0.0129799524294937,0.000407747196738,3.39789330615019e-05,0.000135915732246,0.0001019367991845,0.0003058103975535,0.000611620795107,0.000815494393476,0.0001019367991845,0.0,0.000271831464492,0.0003737682636765,6.79578661230037e-05,0.000135915732246,0.0,6.79578661230037e-05,6.79578661230037e-05,0.0,6.79578661230037e-05,0.208902480462113,0.695752633367312,0.0001019367991845,0.0
3100084,0.67870421812898,0.0044446343860848,4.273686909697e-05,4.273686909697e-05,0.0,0.0,0.0049574768152485,0.215436557117826,0.025599384589085,0.0011111585965212,0.0001282106072909,4.273686909697e-05,0.0005555792982606,0.0001282106072909,0.0015812641565878,0.0054275823753151,0.0001282106072909,0.0014957904183939,8.54737381939399e-05,0.0023077909312363,0.0003846318218727,8.54737381939399e-05,0.0002564212145818,8.54737381939399e-05,0.0001282106072909,4.273686909697e-05,0.0003846318218727,0.0130774819436728,0.0363263387324245,0.0,0.0001709474763878
3100132,0.804845222072678,0.0018209167920196,0.0002714410124749,0.0,0.0,0.0001639956117036,0.0015890609271972,0.0569177873033466,0.03115916622369,0.0003393012655937,2.26200843729147e-05,5.65502109322868e-06,0.0009783186491285,0.000124410464051,0.0002205458226359,3.39301265593721e-05,1.6965063279686e-05,0.0001639956117036,0.0003845414343395,9.61353585848875e-05,0.0004806767929244,1.6965063279686e-05,1.13100421864574e-05,4.52401687458294e-05,3.39301265593721e-05,5.08951898390581e-05,1.13100421864574e-05,0.0339866767703044,0.0549272198785301,5.65502109322868e-06,0.0
3100133,0.469220174230395,0.0829041908287787,0.0002105503259143,0.0,1.75458604928632e-05,8.77293024643161e-06,0.0724644038355251,0.0784036776123593,0.0061849158237342,0.0004386465123215,5.26375814785897e-05,0.0001140480932036,0.0002719608376393,8.77293024643161e-06,0.0001930044654214,5.26375814785897e-05,0.0001052751629571,0.0001403668839429,0.0002719608376393,0.000184231535175,0.0001666856746822,3.50917209857264e-05,1.75458604928632e-05,3.50917209857264e-05,6.14105117250213e-05,3.50917209857264e-05,0.0001666856746822,0.0635861984261363,0.175204189951486,1.75458604928632e-05,2.63187907392948e-05
3100134,0.543033905501304,0.0505153244281042,0.0001399704195846,0.0001166420163205,0.0,0.0001213076969733,0.0209908972570463,0.277939262169262,0.0144076218559144,0.0005972071235612,3.26597645697543e-05,0.000312600603739,0.0006485296107422,0.0002052899487241,0.0026874320560254,0.0003172662843918,8.39822517507967e-05,0.0003219319650447,0.0003219319650447,0.0003732544522257,0.0002939378811277,0.0001073106550149,4.19911258753983e-05,0.0002239526713354,0.0011710858438583,0.000261278116558,0.0011850828858168,0.011640873228791,0.031591323700258,0.0001119763356677,1.39970419584661e-05
3100253,0.429771461012384,0.0434204272398405,0.0054296163291172,0.0028154788624541,0.0055814475456153,0.0015282142008396,0.153316521876898,0.102598294209289,0.0036769559821499,0.0030762324733965,0.0006337302949486,0.0087104908769242,0.0035614322304665,0.0006469330094267,0.0051853661112724,0.0080899632964537,0.0028880937920836,0.0015447175939373,0.0026504449314779,0.0017889678117821,0.0004951017929286,0.0020431200654854,0.0001914393599324,0.0006733384383829,0.0008020649045443,0.0001221251089223,0.0058785086213725,0.0143678540307887,0.0570489292598558,0.0002244461461276,0.0005974228301338
3100254,0.288796343696243,0.115237212391217,0.0006641116814477,0.0001798635803921,0.0500620298758019,0.0001844754670688,0.0810585202300409,0.0782821644506551,0.0029101004930106,0.0065949979477104,0.0006410522480641,0.0013282233628955,0.0009269892220208,0.0004565767809953,0.0059447219262928,0.0288289036161803,0.0004058460275514,0.0009177654486673,0.0044181874362983,0.0095927242875788,0.0014988631699341,0.0003089964073402,0.0004565767809953,0.0005349788544995,0.0005073075344392,0.0006364403613874,0.0005303669678228,0.0259925933099972,0.101134062933806,0.0012221499693309,8.7625846857691e-05
3100255,0.387543305404209,0.0090706062502225,0.000554512664764,0.0004171563166114,0.0002289272469209,7.63090823069762e-05,0.0504250415884499,0.37449953960187,0.0009411453484527,0.001109025329528,0.0003611963229196,0.0002238399747671,0.0003357599621506,0.0001780545253829,0.0013532143929103,0.0024825888110536,0.0003154108735355,0.000503639943226,0.0585239788572969,0.0001119199873835,3.56109050765889e-05,8.13963544607746e-05,4.57854493841857e-05,0.0003204981456893,0.0001526181646139,8.13963544607746e-05,0.0008444871775305,0.0004476799495342,0.0012819925827572,5.08727215379841e-06,0.0001271818038449
3100328,0.201426435062694,0.0232946048544806,0.0007477280570574,0.0001437938571264,5.75175428505694e-05,0.0003738640285287,0.181151501207868,0.0002013113999769,0.0010353157713102,0.0102668813988266,0.0008915219141838,0.0008052455999079,0.0004888991142298,0.0168813988266421,0.0032209823996318,0.0050903025422753,0.0006326929713562,0.0368975037386403,0.0265731047969631,0.0001150350857011,0.0006326929713562,0.0021569078568963,0.0543828367652134,0.0024444955711492,0.0036236051995858,0.0182330610836305,0.0011503508570113,0.0001150350857011,0.0002588289428275,8.62763142758541e-05,0.0004026227999539
3100329,0.127159018069054,0.032465395076486,0.0061327373837118,0.0079344455416385,0.001108743481801,0.0003464823380628,0.0523361571643885,0.0015764946381858,0.0045389186286229,0.0335221662075776,0.0011953640663167,6.92964676125635e-05,0.0070335914626751,0.012421391819552,0.0145522581986383,0.0011260675987041,0.0016284669888952,0.431457131472723,0.0091644578417615,0.000381130571869,0.0019576252100549,0.0268697053167715,0.0325000433102923,0.0026505898861805,0.003204961627081,0.005786255045649,0.0010740952479947,0.0005890199747067,0.0023734040157303,0.0003464823380628,0.0001212688183219
3100330,0.0125613042045477,0.259367670149456,0.188225715781108,0.061992362416888,5.81541861321651e-05,0.0011436989939325,0.0531529261247989,0.0001163083722643,0.0228545951499409,0.130924457712214,0.0047492585341268,0.0001550778296857,0.0002520014732393,0.0183573380890534,0.0407079302925156,0.0008141586058503,0.0149843952933879,0.0014926241107255,0.0019384728710721,0.0019190881423614,0.0456316513850389,0.0011049295365111,9.69236435536085e-05,0.0019772423284936,0.008839436292089,0.0165351735902456,0.0091495919514606,0.0020741659720472,0.0098668269137573,0.0036055595401942,0.0002520014732393
3104050,0.0142776255987268,0.231563805530476,0.0129462714432185,0.0011630220209037,1.53029213276815e-05,0.0,0.0002601496625705,0.0001224233706214,0.0034890660627113,0.0447151361194852,0.0043460296570615,0.000428481797175,0.0658025617090303,0.0047592085329089,0.0863543850521064,0.115889023214532,0.002448467412429,0.0477757203850215,0.0423431833136946,0.0025708907830504,0.0251426997413806,0.0242092215403921,1.53029213276815e-05,0.0118138552649701,0.0105437127947725,0.0018516534806494,0.0467963334200499,0.0005202993251411,0.002065894379237,0.158431144505486,0.0074984314505639
3104051,0.0730583405479376,0.198033903985254,0.0143547351076605,0.0022342000167565,0.0,0.0,0.0001675650012567,0.0001396375010472,0.0051945150389588,0.10067863825509,0.0190186276426397,0.0021224900159186,0.0493758203703187,0.0170916301281872,0.0474767503560756,0.152065238640489,0.0009495350071215,0.0731141955483565,0.0901778981763342,0.0004189125031418,0.0214483201608624,0.0184042226380317,0.0,0.0220627251654704,0.0314463652358477,0.0048314575362359,0.0261122126958416,0.000921607506912,0.0027368950205267,0.0007261150054458,8.37825006283687e-05
3104052,0.0396462302778839,0.265742206693236,0.0300376699241142,0.0086750013648523,1.63782278757438e-05,2.72970464595731e-05,0.0001201070044221,1.63782278757438e-05,0.0018398209313752,0.104700551400338,0.0179068624774799,0.0001201070044221,0.0744827209695911,0.0127968553802479,0.123464541136649,0.137675383523503,0.0006769667521974,0.020205273789376,0.0845990063875089,0.0012720423650161,0.0007806955287437,0.0020199814380084,5.45940929191461e-06,0.0125129660970683,0.0164382813779549,0.0053393022874924,0.013555713271824,2.72970464595731e-05,8.18911393787192e-05,0.0108642244909101,0.0014958781459846
3100076,0.234947191045046,0.0038515932958204,5.41630307224747e-05,6.01811452471941e-06,3.0090572623597e-05,0.000192579664791,0.0739265188216532,0.0006920831703427,0.003538651340535,0.0003911774441067,7.22173742966329e-05,6.01811452471941e-05,0.0004814491619775,6.61992597719135e-05,0.0002226702374146,0.0004212680167303,8.42536033460717e-05,0.0001023079469202,0.0005416303072247,0.0006619925977191,0.0004152499022056,0.0002708151536123,0.0001805434357415,3.61086871483164e-05,2.40724580988776e-05,3.0090572623597e-05,5.41630307224747e-05,0.0830259079830289,0.366798062167123,0.0007522643155899,0.0
3100077,0.307182175813149,0.0005817293358832,2.18148500956218e-05,0.0001163458671766,0.0098094109263312,5.09013168897841e-05,0.0938474851113648,0.0561150660626377,0.0019415216585103,0.0005017415521993,7.27161669854059e-06,4.36297001912435e-05,0.0001963336508605,5.09013168897841e-05,0.0003199511347357,0.0002545065844489,0.0,0.0001163458671766,0.0003781240683241,7.27161669854059e-05,0.0009962114877,2.90864667941623e-05,7.99877836839465e-05,3.63580834927029e-05,2.18148500956218e-05,0.0001018026337795,8.7259400382487e-05,0.0430116127718676,0.165625613542659,0.0001018026337795,0.0
3100078,0.590449634018822,0.000261415127222,0.0,0.0,0.0,0.0,0.132450331125828,0.076420355524573,0.133815499012432,8.71383757406762e-05,0.0,0.0,0.0001742767514813,0.0,0.0001452306262344,0.0,0.0,5.80922504937841e-05,0.0,8.71383757406762e-05,0.0,0.0,0.0,0.0,2.90461252468921e-05,0.0,2.90461252468921e-05,0.003485535029627,0.0151039851283839,0.0001161845009875,0.0
3100142,0.40550284629981,0.0034788108791903,0.0,0.0,0.0,0.0,0.103225806451613,0.002909550917141,0.0320683111954459,0.016382036685642,0.0001897533206831,6.32511068943707e-05,0.0047438330170778,0.0297912713472486,0.0043643263757115,0.0003162555344718,0.0001265022137887,0.0645161290322581,0.0008222643896268,0.0,0.0004427577482605,0.0068943706514864,0.0003162555344718,0.0004427577482605,0.0018975332068311,0.0172675521821632,0.0001897533206831,0.0001265022137887,0.0009487666034155,6.32511068943707e-05,0.0
3100143,0.295426517278476,0.0031749363700768,2.62391435543544e-05,7.87174306630632e-05,0.0158746818503844,0.0001049565742174,0.0678019469444517,0.0001836740048804,0.0036997192411639,0.026134186980137,0.000524782871087,0.0002099131484348,0.005405263572197,0.111253968670463,0.0148513552517646,0.0039883498202618,0.0005772611581957,0.127286085382173,0.006297394453045,0.0002886305790978,0.0012857180341633,0.003778436671827,5.24782871087088e-05,0.002965023221642,0.0154810946970691,0.0311458633990187,7.87174306630632e-05,5.24782871087088e-05,0.0002361522919891,0.0,0.0
3100144,0.121204908494658,0.0051218308120878,8.81554356641631e-06,0.0,0.0,8.81554356641631e-06,0.0459642441552946,8.81554356641631e-06,0.0019041574103459,0.0199583906343665,0.008154377798935,0.0001146020663634,0.0179220000705243,0.0523378821538136,0.119538770760605,0.004002256779153,0.0023361190451003,0.25445184950104,0.0008286610952431,1.76310871328326e-05,2.64466306992489e-05,0.0129676645861984,0.0,0.00410804330195,0.0045928981981028,0.0306516449804295,8.81554356641631e-06,0.0008286610952431,0.0045576360238372,4.40777178320815e-05,0.0
3100145,0.240723981900452,0.0005429864253393,0.0007239819004524,0.0009049773755656,0.0068778280542986,0.0,0.137918552036199,0.0,0.0883257918552036,0.0066968325791855,0.0041628959276018,0.0003619909502262,0.0018099547511312,0.0179185520361991,0.0025339366515837,0.0014479638009049,0.0,0.0866968325791855,0.0018099547511312,0.0,0.0007239819004524,0.0104977375565611,0.0010859728506787,0.0007239819004524,0.0099547511312217,0.0202714932126697,0.0,0.0,0.0,0.0,0.0
3100170,0.135310885444504,0.0002672367717797,0.0,0.0,4.45394619632995e-05,0.0,0.0575449848565829,0.0235613753785854,0.0474790664528772,0.0152770354534117,0.01754854801354,0.0001781578478531,0.0117584179583111,0.0409317655442722,0.0161678246926777,0.0024942098699447,0.0009353287012292,0.0772314270443613,0.196686264029931,0.0001781578478531,0.0001336183858898,0.0457865668982719,0.0,0.0466328166755746,0.0026723677177979,0.0056119722073757,0.0,0.0,0.0,0.0,0.0
3100350,0.0019109513507142,0.0772798828174326,0.0008081556373064,0.0018015136081623,2.52548636658276e-05,0.01240855634781,0.0319642391130492,0.0102366380725488,0.0019362062143801,0.0122822820294808,0.0127031964239113,0.0043606731262995,0.0311645017636313,0.0539275522144306,0.0401468149407773,0.0042764902474134,0.0054382139760415,0.205928158331159,0.160755625520882,0.0004124961065418,0.0059601478251353,0.0303226729747704,9.26011667747014e-05,0.017148052429097,0.0176026399750819,0.102930406014025,0.0013469260621774,0.0001431108941063,0.0006397898795343,0.0001346926062177,0.0040071050349779
3100351,0.016651418115279,0.0014333638304361,0.0001829826166514,0.0,0.0,3.04971027752364e-05,0.113784690454407,0.0434278743519366,0.0406526379993901,0.0083562061604147,0.0121683440073193,0.0008234217749313,0.0103995120463556,0.0843549862763038,0.0354376334248246,0.0016468435498627,0.0003354681305276,0.0375419335163159,0.223482769136932,3.04971027752364e-05,0.0013418725221104,0.0128392802683745,3.04971027752364e-05,0.0019213174748398,0.0107959743824337,0.0343092406221409,6.09942055504727e-05,0.0562976517230863,0.0873741994510522,0.0003049710277523,3.04971027752364e-05
3100332,0.109186746987952,0.0079066265060241,0.0007530120481927,0.0005271084337349,0.0,0.0015813253012048,0.0161897590361446,0.214231927710843,0.254066265060241,0.0224397590361446,0.0085090361445783,0.0006024096385542,0.0012048192771084,0.0329819277108434,0.0066265060240963,0.0076807228915662,0.0007530120481927,0.0142319277108434,0.0114457831325301,0.0001506024096385,0.0,0.0018072289156626,0.0725150602409639,0.0033885542168674,0.0064006024096385,0.0064759036144578,0.0001506024096385,0.0,7.53012048192771e-05,0.0,0.0166415662650602
3100346,0.0196749358426005,0.0391360136869119,0.0059880239520958,0.0034217279726261,0.0002138579982891,0.0145423438836612,0.0019247219846022,0.0012831479897348,0.0,0.0147562018819504,0.0147562018819504,0.0029940119760479,0.01732249786142,0.0461933276304534,0.0819076133447391,0.0145423438836612,0.0290846877673225,0.124679213002566,0.176432848588537,0.0,0.0,0.0335757057313944,0.0002138579982891,0.0357142857142857,0.0423438836612489,0.0010692899914456,0.0,0.0,0.0012831479897348,0.0,0.172583404619333
3100453,0.0086687892065693,0.243188433208293,0.0010402547047883,0.0282339837552144,0.0002942134518593,0.0576763441877082,8.40609862455211e-05,2.10152465613803e-05,0.0006304573968414,0.060734062562389,0.0179470205634188,0.0041820340657146,0.0078597022139562,0.0073448286732024,0.0800365665290168,0.102691002322185,0.0238207819773246,0.0899137324128655,0.0575292374617785,0.0003467515682627,0.000168121972491,0.0360411478527672,0.0006199497735607,0.0195126564322416,0.0156773739347897,0.0035200537990312,0.0109804663283212,0.0013239605333669,0.0038142672508905,0.0002626905820172,0.0128823461421261
3100454,0.0077434356285783,0.283019281812798,0.0034878364446004,0.0552789172351767,8.7744313071709e-05,0.0941057757694079,2.19360782679273e-05,0.0,0.0001974247044113,0.0331234781845702,0.0067124399499857,0.0031368591923136,0.0241516221729879,0.0056595081931252,0.0779827582424814,0.063943668151008,0.0375106938381556,0.0627810560028078,0.0510891262860026,8.7744313071709e-05,2.19360782679273e-05,0.0351196613069515,0.0008116348959133,0.0195011735801873,0.0125693728475223,0.0022374799833285,0.0132932634303639,0.0003071050957509,0.0003948494088226,2.19360782679273e-05,0.0098054269857634
3100455,0.0147224120071408,0.273069887377956,0.0113062834725498,0.0667798029665219,0.0,0.0741410089700923,2.20395389328455e-05,0.0,0.0002424349282613,0.0473188900888193,0.0066118616798536,0.0043858682476362,0.0095210808189892,0.004562184559099,0.0673307914398431,0.0885548674321733,0.0291583100081546,0.057919908315518,0.0268000793423402,2.20395389328455e-05,0.0,0.0312961452846406,0.0007493443237167,0.0211359178365989,0.0193286756441055,0.0024463888215458,0.0125404976527891,0.0022039538932845,0.0031075749895312,2.20395389328455e-05,0.0254777070063694
3104064,0.0144298783363199,0.229737724314731,0.0058388277760153,0.0200457846407106,0.0001886258606054,0.0544099868819288,6.00173192835647e-05,0.0,0.0011746246774069,0.0413519329863761,0.0104601613608498,0.0035324479349755,0.0187082558109626,0.0051786372638961,0.107096619310144,0.0769593511270395,0.0613805698215771,0.0809719376162836,0.0614234393353511,0.0001457563468315,6.85912220383596e-05,0.0381538672588375,3.42956110191798e-05,0.0519149811802835,0.0130923495065719,0.0041240472250563,0.0068848439121003,8.57390275479496e-06,0.0064047053578318,0.0009002597892534,8.57390275479495e-05
3104065,0.0129780271154745,0.0772697522206639,0.0024310425432445,0.004862085086489,5.61009817671809e-05,0.0094436652641421,0.0002431042543244,1.8700327255727e-05,0.0003179055633473,0.0797568957456755,0.0066760168302945,0.0025058438522674,0.0235998129967274,0.0075175315568022,0.17260402057036,0.108461898083216,0.0737166900420757,0.0703319308087891,0.0717718560074801,0.0004862085086489,5.61009817671809e-05,0.0336044880785414,0.0024684431977559,0.0353997194950912,0.0491818606825619,0.0023749415614773,0.0007106124357176,0.0001683029453015,0.0002618045815801,9.35016362786349e-05,0.0610565684899486
3104066,0.0353509169852894,0.184109908625494,0.0166385846672283,0.014500032402307,3.24023070442615e-05,0.0423498153068499,1.62011535221308e-05,0.0,0.0002754196098762,0.0507420128313136,0.0068854902469055,0.0029324087875056,0.012879917050094,0.0052815760482146,0.102375089106344,0.0985678180286436,0.0354481239064221,0.086595165575789,0.0604789060981142,0.0004860346056639,3.24023070442615e-05,0.0373760611755557,9.72069211327846e-05,0.0274285529129674,0.0151804808502365,0.0015553107381245,0.0021223511113991,0.0032564318579482,0.0028676041734171,0.0009882703648499,0.0491218974791005
3100103,0.319224257349546,0.0202144579549536,0.0001539171925504,0.0,0.0,0.0006156687702016,0.0052331845467138,0.237237699451029,0.0236006361910625,0.0015904776563542,0.0,0.0004617515776512,0.0007182802319019,0.0002052229234005,0.0048227386999127,0.0005130573085013,0.0001026114617002,0.0004617515776512,0.0009748088861525,0.0057462418552152,0.0,5.1305730850136e-05,5.1305730850136e-05,0.0004617515776512,0.0001026114617002,0.000769585962752,0.0032322610435585,0.0534092658149915,0.189779898414653,0.0393001898312041,0.0
3100168,0.416600159616919,0.0096226199977197,0.0111503819404857,0.0022802417056208,0.0,0.0016645764451031,0.0624786227340098,0.140736518070916,0.0400410443507012,0.016668566868088,0.000228024170562,0.001208528103979,0.0007524797628548,0.0016645764451031,0.0012313305210352,0.0012541329380914,0.0052217535058716,0.0006384676775738,0.0006384676775738,6.84072511686239e-05,0.0,0.0021434272032835,4.56048341124159e-05,0.0002508265876182,0.0014821571086535,0.0053585680082088,0.0005016531752365,0.0015277619427659,0.0314445331205108,2.2802417056208e-05,0.0570972523087447
3100169,0.572049382716049,0.0,9.87654320987654e-05,0.0,0.0,0.0,0.147753086419753,0.0979753086419753,0.0059259259259259,0.0044444444444444,0.0,0.0,0.0,0.0019753086419753,9.87654320987654e-05,0.0,9.87654320987654e-05,9.87654320987654e-05,0.0,9.87654320987654e-05,0.0,0.0006913580246913,0.0,0.0,0.0001975308641975,0.0115555555555556,0.0,0.0028641975308642,0.011358024691358,0.0,0.0007901234567901
3100095,0.566308243727599,0.0220508025557114,7.79180302321957e-05,0.0,0.0,0.0005454262116253,0.0317905563347359,0.0054542621162537,0.0027271310581268,0.0077138849929873,0.0007012622720897,0.0027271310581268,0.0036621474209132,0.0329593267882188,0.0314009661835749,0.0038959015116097,0.0006233442418575,0.002025868786037,0.0083372292348449,0.0001558360604643,0.0014804425744117,0.0005454262116253,0.0657628175159732,0.0013246065139473,0.0066230325697366,0.0102851799906498,0.0017921146953405,0.0,0.0006233442418575,0.0,0.0
3100096,0.121126217867562,0.0364121759233776,9.17414359369553e-05,1.83482871873911e-05,3.66965743747821e-05,0.0002018311590613,0.0293022146382635,0.0956863176822444,0.0098346819324416,0.0163116273095907,0.0533201225665584,0.0005229261848406,0.0040641456120071,0.0493110218161135,0.0373571127135282,0.0035045228527916,0.0007706280618704,0.0064035522283994,0.100952276105026,4.58707179684776e-05,0.0041834094787251,0.007109961285114,0.0731913175905029,0.0018715252931138,0.0095778059118181,0.10816315296967,0.0027981137960771,0.0022935358984238,0.0264215335498431,0.0001926570154676,0.0
3100148,0.266746746746747,0.0198598598598599,0.0001601601601601,0.0016016016016016,0.0033233233233233,0.0,0.158758758758759,0.0346746746746747,0.0037237237237237,0.0336736736736737,0.003003003003003,0.001041041041041,0.0074074074074074,0.0928528528528529,0.0429229229229229,0.0047647647647647,0.001081081081081,0.0161761761761762,0.0648648648648649,0.001081081081081,0.0013213213213213,0.0017217217217217,0.0932932932932933,0.0046846846846846,0.008008008008008,0.0033633633633633,0.0001601601601601,0.002002002002002,0.0137737737737738,0.0001201201201201,0.0
3100171,0.117342419080068,0.232844974446337,0.0002725724020442,0.0,0.0,6.81431005110732e-05,0.0,0.0072913117546848,0.0027257240204429,0.0792504258943782,0.0015672913117546,0.0002044293015332,0.0003407155025553,0.0287563884156729,0.01396933560477,0.0072231686541737,0.0554003407155026,0.0258262350936968,0.120068143100511,0.0,0.0,0.0010221465076661,0.0483134582623509,0.0006132879045996,0.0164906303236797,0.0,0.0,0.0,0.0013628620102214,0.0,0.127291311754685
3100173,0.70362419785791,0.000639429993834,2.28367854940739e-05,0.0,0.0,2.28367854940739e-05,0.145927059307132,0.0759094749823015,0.0142958277192902,0.0034483546096051,4.56735709881477e-05,9.13471419762954e-05,0.0002740414259288,0.0002512046404348,0.000319714996917,0.0,2.28367854940739e-05,0.0001141839274703,2.28367854940739e-05,0.0020553106944666,0.0,9.13471419762954e-05,0.0,9.13471419762954e-05,4.56735709881477e-05,0.0001598574984585,0.0,0.0065541574367992,0.0251889743999635,0.0002283678549407,0.0
3100174,0.718856984544753,0.0001781014386638,1.9789048740427e-05,0.0,1.9789048740427e-05,3.95780974808541e-05,0.0861219401183385,0.0006332495596936,0.0017216472404171,0.0002968357311064,3.95780974808541e-05,1.9789048740427e-05,1.9789048740427e-05,5.93671462212811e-05,0.0001583123899234,1.9789048740427e-05,3.95780974808541e-05,7.91561949617082e-05,3.95780974808541e-05,0.048285278926642,5.93671462212811e-05,3.95780974808541e-05,0.0,3.95780974808541e-05,0.0001781014386638,7.91561949617082e-05,5.93671462212811e-05,0.0275661448954149,0.061583519680209,0.0263392238735084,7.91561949617082e-05
3100175,0.115866102538576,0.0089223494275759,3.7332005973121e-05,0.0,0.0085365853658536,0.0001119960179193,0.0590343454454953,0.0022399203583872,0.001244400199104,0.0538451966152315,0.0006097560975609,0.0014061722249875,0.0009581881533101,0.0013563962170233,0.0117969138875062,0.0044673967147834,0.0019910403185664,0.169636635141862,0.0036585365853658,6.22200099552016e-05,0.0013439522150323,0.0275634644101543,0.0921229467396715,0.0019412643106022,0.0038203086112493,0.132453957192633,0.0,0.0002239920358387,0.0003982080637132,0.0001742160278745,0.0141612742658039
3100105,0.521459086427867,0.0043597327199036,0.0002190820462263,0.000591521524811,0.0831635447475079,0.000350531273962,0.0774455033410012,0.0833826267937343,0.0552305838536532,0.0157300909190492,0.0007886953664147,0.0002190820462263,0.0006353379340563,0.0048855296308467,0.0019279220067915,0.003439588125753,0.0020374630299047,0.0019498302114141,0.0488114798992223,0.0082155767334866,0.0124876766348998,0.0003067148647168,0.0003286230693394,0.000350531273962,0.004096834264432,0.0021689122576404,0.0004600722970752,2.19082046226312e-05,0.0,0.0019279220067915,0.0
3100104,0.383045723642776,0.0184322122853424,4.19868161397321e-05,8.39736322794642e-05,4.19868161397321e-05,0.0008817231389343,0.255909644371667,0.0260318260066339,0.0315740857370786,0.00470252340765,0.0006298022420959,0.0006298022420959,0.0013015913003317,0.002351261703825,0.0011756308519125,0.00155351219717,0.0037788134525758,0.005164378385187,0.01410757022295,0.0220430784733594,0.0026871562329428,0.0018054330940084,0.0003358945291178,0.0002519208968383,0.0027711298652223,0.0002099340806986,0.0005038417936767,0.020531553092329,0.115505731200403,0.0005878154259562,0.0
3100357,0.682874804109351,0.0,0.0,0.0,0.0,0.0,0.0035260316907539,0.0,0.0006094375761796,0.0,0.0,0.0,0.0,0.0,0.0,0.0,0.0,0.0,0.0,4.35312554414069e-05,0.0,0.0,0.0,0.0,4.35312554414069e-05,0.0,0.0,0.012841720355215,0.0140605955075744,0.0001305937663242,0.278556503569563
3100358,0.572279253278778,0.0001095970481861,0.0,0.0,0.0,0.0,0.359003397508494,0.013407372228108,0.0009133087348847,0.0001095970481861,0.0,0.0,0.0,0.0,7.30646987907792e-05,0.0,0.0,3.65323493953896e-05,0.0,0.0024111350600957,0.0,7.30646987907792e-05,0.0,0.0,3.65323493953896e-05,0.0,0.0,0.0001095970481861,0.0010229057830709,3.65323493953896e-05,0.0
3100359,0.7555847148435,3.20040965243551e-05,0.0,0.0,0.0,0.0,0.135377328298022,0.0,0.0054406964091403,9.60122895730654e-05,0.0,0.0,3.20040965243551e-05,0.0001600204826217,0.0003200409652435,0.0,0.0001600204826217,0.0,6.40081930487102e-05,0.004416565320361,0.0,9.60122895730654e-05,0.0,0.0,0.0002240286756704,0.0,0.0,0.003424438328106,0.0467579850220828,0.0058567496639569,3.20040965243551e-05
3104080,0.239489596724277,0.0768461648335952,0.0185211636432891,0.0001428367376089,0.0,0.0008570204256534,0.0019997143265247,0.000523734704566,0.0135694900728467,0.140789411036519,0.0118554492215398,0.0,4.76122458696377e-05,0.0206161024615531,0.09198685902014,0.0082369185354473,0.0012855306384802,0.001047469409132,0.0054754082750083,0.0183307146598105,0.0908917773651383,0.0,0.0,0.0021901633100033,0.0156644288911108,0.0998428795886302,0.0019521020806551,0.0001428367376089,0.0001428367376089,0.0001428367376089,0.102175879636242
3104081,0.284248179534131,0.0976025209726185,0.0188860026402078,0.0002129199846697,0.0,0.0004045479708725,0.0004684239662734,4.25839969339522e-05,0.0157773708640293,0.176319039305029,0.131563258527445,0.0004471319678064,0.0032150917685133,0.0099646552825448,0.0385172252267598,0.0127964910786526,0.007047651492569,0.0509730443299408,0.0122428991185113,0.0022569518374994,0.0191840906187455,0.005301707618277,0.0006387599540092,0.0143508069667419,0.046310096665673,0.023208278329004,0.0002342119831367,2.12919984669761e-05,4.25839969339522e-05,2.12919984669761e-05,0.0027253758037729
3104082,0.17778779439463,0.257457460680307,0.057921086946023,0.0002092757449411,3.21962684524864e-05,0.0092081327774111,9.65888053574591e-05,3.21962684524864e-05,0.0012878507380994,0.131344677151918,0.0284936975804504,0.0,0.0029942529660812,0.0244530658896634,0.0292020154864051,0.0321157777813551,0.0084515204687776,0.029990824063491,0.0756290345948905,0.0009497899193483,0.0602714145430545,0.00291376229495,3.21962684524864e-05,0.0264975289363963,0.0160498398235644,0.0112364976899177,0.0007888085770859,6.43925369049727e-05,0.0002253738791674,0.0005634346979185,0.0048616365363254
3100123,0.360458128601223,0.0519636607868783,0.0,0.0024391106083636,0.0237548163597158,0.0146700130792888,0.0529887942309732,0.0415355792003959,0.0549683622609495,0.0408285906182615,0.0063275478101028,0.0033935451942451,0.0013432783060553,0.0104280815864824,0.0126904450493125,0.0065749938138499,0.0050549683622609,0.011488564459684,0.0103573827282689,0.0001060482873201,0.0007423380112411,0.0107462264484429,0.0183463537063876,0.0010251334440948,0.0155890982360635,0.0144225670755417,0.0068224398175969,0.0322033299162219,0.0197249814415497,0.0007069885821343,0.0008483862985612
3100124,0.362050617683801,0.0030999861194651,0.0,0.0,0.0,0.0,0.0410863831952991,0.0,0.0006014898440753,0.0059223615416647,0.0046268449544255,0.0,0.0,0.0047656503030583,0.0018507379817702,0.0001388053486327,0.0023134224772127,0.0029149123212881,0.0017582010826817,0.0,0.0,0.0002776106972655,0.0438162217184102,0.000185073798177,0.000185073798177,0.0070790727802711,0.0,0.0,0.0010641743395178,4.62684495442558e-05,0.488918706334151
3100125,0.409288775783552,0.0156040717921243,3.34851326011251e-05,0.0,0.0,0.0,0.0434971872488615,0.0002009107956067,0.0597039914278061,0.0260514331636753,0.0098781141173319,6.69702652022502e-05,0.0005022769890168,0.0009710688454326,0.0297682828824002,0.0025448700776855,0.0094428073935172,0.086726493436914,0.0115523707473882,0.0,0.0001339405304045,0.0009375837128315,0.0279935708545406,0.0006027323868202,0.0006697026520225,0.0505960353603,0.0001004553978033,0.0003683364586123,0.0009375837128315,0.0,0.0571256362175194
3100176,0.102079612880926,0.001497782130307,0.0,0.0,0.0,0.0,0.0517310905006049,0.0004032490350826,0.0028803502505904,0.0040900973558384,0.0008064980701653,0.0,0.0,0.0014401751252952,0.0036292413157439,0.0,0.0017282101503542,0.142058874359122,0.0044933463909211,0.0,5.76070050118094e-05,0.0001728210150354,0.455498588628377,0.0004608560400944,0.0001728210150354,0.0558787948614552,0.0,0.0,0.0,0.0,0.0103116538971139
3100177,0.151872267629728,0.0610783754672749,0.0004435151745549,0.0,6.33593106507001e-05,6.33593106507001e-05,0.204270417537857,0.0033580434644871,0.0061458531331179,0.0572134575175822,0.0809098397009441,6.33593106507001e-05,0.0004435151745549,0.0016473420769182,0.0351644174111386,0.0070962427928784,0.0127985807514414,0.0048786669201039,0.0126085028194893,0.0068428055502756,0.0,0.0030412469112336,0.284800101374897,0.0050053855414053,0.0021542165621238,0.0105176455680162,0.0003167965532535,0.0001900779319521,0.0010771082810619,6.33593106507001e-05,0.0
3100319,0.142967079948696,0.14975060567194,0.0772124839675075,0.0642154766994442,0.0001140088356847,0.0014821148639019,0.000598546387345,0.28254239703577,0.0016246259085079,0.0799486960239419,0.0028787231010403,0.0009690751033205,0.0001140088356847,0.0063274903805044,0.0442639304546102,0.0008550662676357,0.0091207068547812,0.0099187687045746,0.0064414992161892,0.0018811457887986,0.0457745475274334,0.0007980618497933,0.0029927319367251,0.0009405728943993,0.0074675787373521,0.0028217186831979,0.0102322930027077,0.0009405728943993,0.0057859484110018,0.0027932164742767,5.70044178423828e-05
3100320,0.43520364568499,0.0394067624201489,0.0250030516336412,0.0116368962851446,0.0004679171583187,0.0002644749155714,0.0284208813117956,0.0005492940554176,0.0014240956992309,0.127192090165602,0.0107417504170566,0.002990600968385,0.0005086056068682,0.0501078243886561,0.0421939211457867,0.0022988973430443,0.0038654026121984,0.0099890141188916,0.0166212312324531,0.0007527362981649,0.0139154494039142,0.0013834072506815,0.029661878992554,0.0061439557309679,0.0089311144566057,0.0040281564063962,0.0019123570818244,0.0003051633641209,0.000895145868088,0.0012409976807584,0.0001220653456483
3100321,0.524364896073903,0.078608545034642,0.0336316397228637,0.0211605080831409,0.0005484988452655,0.0002886836027713,0.0284930715935335,0.0005484988452655,0.0258660508083141,0.0505773672055427,0.0016743648960739,0.000230946882217,0.0002886836027713,0.0118071593533487,0.0120092378752887,0.0015300230946882,0.0012413394919168,0.0070150115473441,0.036027713625866,0.0002598152424942,0.0080831408775981,0.000433025404157,0.082621247113164,0.0017609699769053,0.0025692840646651,0.0008083140877598,0.0039549653579676,0.000230946882217,0.0014145496535796,0.0003752886836027,0.0001154734411085
3104043,0.0369888217732417,0.238769700756787,0.0532354370617233,5.20724848989794e-05,1.73574949663265e-05,5.20724848989794e-05,0.0002950774144275,1.73574949663265e-05,0.0102929945150316,0.0894084565715476,0.0067347080469346,0.0081059501492744,0.0108657918489204,0.0069082829965979,0.0873602721655211,0.0387245712698743,0.0029854891342081,0.0288655141290009,0.0582864680969243,0.0060924807331805,0.0161598278136499,0.0298722488370478,0.0050683885301673,0.0064917031174061,0.0111608692633479,0.0066652780670693,0.0367458168437131,0.0274942720266611,0.103103520099979,0.026053599944456,1.73574949663265e-05
3104044,0.0935691899710704,0.367616923818708,0.0356798457087753,0.0,3.01350048216008e-05,0.0012656702025072,0.0,0.0,0.0008739151398264,0.121172854387657,0.01449493731919,0.0103965766634523,0.0116622468659595,0.0107581967213115,0.111981677917068,0.0365236258437801,0.0004218900675024,0.0029230954676952,0.0237463837994214,0.0029230954676952,0.0024710703953712,0.01675506268081,0.0086487463837994,0.0128073770491803,0.0243490838958534,0.0067502410800385,3.01350048216008e-05,0.0052736258437801,0.0226012536162006,0.046196962391514,0.0006629701060752
3104045,0.0299728148182279,0.350158964198498,0.0360318849928581,4.60765792747546e-05,6.9114868912132e-05,0.0754964751416855,4.60765792747546e-05,0.0,0.0002303828963737,0.0793669078007649,0.0103441920471824,0.0009676081647698,0.0227618301617288,0.0084089757176427,0.0764640833064553,0.0393033221213657,0.002994977652859,0.0668801548173064,0.0590010597613233,0.0001151914481868,0.0073952909735981,0.0159194581394277,0.0028567479150347,0.0169792194627471,0.0204349629083537,0.001958254619177,0.0393954752799152,9.21531585495093e-05,0.0003225360549232,4.60765792747546e-05,0.0069114868912132
3100107,0.490551930396955,0.0001019575856443,0.0,3.39858618814573e-05,3.39858618814573e-05,0.0,0.0249796084828711,0.408985861881457,0.0067971723762914,0.0001359434475258,6.79717237629146e-05,0.0,3.39858618814573e-05,3.39858618814573e-05,0.0002718868950516,3.39858618814573e-05,3.39858618814573e-05,3.39858618814573e-05,0.0,0.0002379010331702,0.0,0.0,0.0,0.0,3.39858618814573e-05,3.39858618814573e-05,0.0,0.0212751495377923,0.0245038064165307,0.0065932572050027,0.0
3100108,0.440519072688649,0.0008312551953449,4.61808441858317e-05,4.61808441858317e-05,0.0,4.61808441858317e-05,0.401450078507435,0.028262676641729,0.009605615590653,0.0022166805209199,9.23616883716634e-05,4.61808441858317e-05,0.0,4.61808441858317e-05,0.0002309042209291,4.61808441858317e-05,0.0,9.23616883716634e-05,0.0031864782488223,0.0013392444813891,9.23616883716634e-05,0.0,0.0,9.23616883716634e-05,9.23616883716634e-05,0.0,4.61808441858317e-05,0.0091438071487946,0.0651611711462085,9.23616883716634e-05,4.61808441858317e-05
3100109,0.27120884932352,0.0001322110087699,0.0,0.0,0.0,0.0,0.0256489357013794,0.169494513243136,0.0094310519589264,0.0100480366665198,0.0001322110087699,0.0003966330263099,0.0,0.0056850733771098,0.0001762813450266,0.0,4.40703362566656e-05,4.40703362566656e-05,0.0002644220175399,0.0012780397514433,0.0001322110087699,0.0007491957163633,0.174430390903883,4.40703362566656e-05,0.0,0.0,0.0,0.0339782292538892,0.177427173769336,4.40703362566656e-05,0.0
3100217,0.0899201408539269,0.0462176947745708,0.0003144060869018,0.0017606740866503,0.0,0.0,0.0089920140853926,0.0118845500848896,0.0031440608690184,0.0882852292020374,0.036345343645853,0.0,0.0,0.0116330252153682,0.0001257624347607,0.0001886436521411,0.0006288121738036,0.0009432182607055,0.003081179651638,0.0,0.0,0.0013833867823681,0.0,0.0020121989561717,0.0037099918254417,0.0372256806891781,0.0,6.28812173803685e-05,0.0025152486952147,0.0,0.619883040935672
3100218,0.0204303197789183,0.0835307277273325,0.0008882747729964,0.0021713383339913,0.0,0.0088169495986314,0.127089090669825,0.0038491906829846,0.0008882747729964,0.0731346229767075,0.0316160021055402,0.0,0.0,0.0397749703908409,0.0179299907882616,6.57981313330701e-05,0.0017765495459928,0.111462034478221,0.0212856954862482,6.57981313330701e-05,3.28990656665351e-05,0.0002631925253322,0.0,0.0047703645216475,0.0067443084616396,0.0404987498355047,0.0,3.28990656665351e-05,6.57981313330701e-05,0.0002302934596657,0.0387222002895118
3100219,0.131897931845656,0.246120168588885,0.0020256803999085,0.0080863854673767,1.63361322573268e-05,0.0133629561864933,0.157872382134806,0.0132159309961773,0.0013885712418727,0.053745875126605,0.0237364001698958,0.0,0.0,0.0414120952723233,0.016597510373444,0.0002287058516025,0.0114352925801287,0.041297742346522,0.0382102133498873,0.0,1.63361322573268e-05,0.0062240663900414,1.63361322573268e-05,0.0041820498578756,0.0100957297350279,0.0225928709118829,1.63361322573268e-05,0.0033162348482373,0.0021236971934524,1.63361322573268e-05,0.0220211062828765
3100090,0.579517249133003,0.0103174809087686,0.0003372856290376,0.0012367139731382,0.0002075603871001,0.0011156370806631,0.0427747364415501,0.0064343720001037,0.062942687388112,0.0029144937688642,0.0004670108709752,8.64834946250508e-05,0.0009513184408755,0.0003026922311876,0.0021361423172387,0.0024128895000389,0.0005102526182878,0.001781559989276,0.0013837359140008,0.0881612744207768,0.0004583625215127,0.0007005163064629,6.91867957000406e-05,0.0004237691236627,0.0004237691236627,0.0005016042688252,0.0004324174731252,0.0397132207318233,0.137232009271031,0.0001470219408625,8.64834946250508e-05
3100091,0.630855894694488,0.0073575903891475,0.0008191067425418,0.0011496234983043,0.0003448870494912,0.0014513996666091,7.18514686440191e-05,0.0025722825774558,0.0815370466172329,0.0067827786399954,0.0010634017359314,0.0004167385181353,0.0016669540725412,0.0009915502672874,0.0030321319767776,0.0064522618842329,0.0013076967293211,0.0019974708283037,0.0020262114157613,0.0522934988791171,0.0003879979306777,0.0007616255676266,0.0001580732310168,0.000287405874576,0.0009628096798298,0.0001868138184744,0.000143702937288,0.0418462953382767,0.13707823187906,0.0001293326435592,4.31108811864114e-05
3100204,0.5825810460144,0.001005080223676,0.0008040641789408,0.0,0.0,0.0,0.168853477577574,9.13709294250941e-05,0.0099959796791053,0.0043127078688644,0.0001279193011951,0.0001644676729651,0.0003654837177003,0.0052264171631153,0.0003837579035853,0.0007126932495157,0.0002375644165052,0.0015350316143415,0.0005664997624355,0.0003289353459303,0.0004934030188955,0.0013157413837213,0.0002192902306202,9.13709294250941e-05,1.82741858850188e-05,0.0580022659990497,0.0001827418588501,9.13709294250941e-05,0.0002923869741603,0.0,0.0002558386023902
3100205,0.426669316375199,0.0051669316375198,0.000993640699523,0.0006624271330153,0.0184817170111288,0.0,0.127318494965554,0.0007286698463169,0.0415341812400636,0.0209989401165872,0.0002649708532061,0.0003312135665076,0.0007949125596184,0.0149046104928458,0.0074854266030736,0.0014573396926338,0.0005961844197138,0.003709591944886,0.0005961844197138,0.0,0.002715951245363,0.0541865394806571,0.000132485426603,0.0007949125596184,0.0002649708532061,0.142289348171701,0.0003974562798092,6.62427133015368e-05,0.000132485426603,0.0003974562798092,6.62427133015368e-05
3100206,0.461233192231076,0.0053380229083665,0.0015407121513944,0.0002178784860557,3.11254980079681e-05,0.0007625747011952,0.164311503984064,0.0,0.0006069472111553,0.0137730328685259,9.33764940239044e-05,0.0002956922310756,0.0001089392430278,0.0020542828685259,0.0020075946215139,0.000918202191235,0.0006380727091633,0.0007625747011952,0.0021009711155378,0.000933764940239,1.55627490039841e-05,0.0031592380478087,0.0,0.0007937001992031,0.0002334412350597,0.0691764193227092,0.0001556274900398,6.22509960159363e-05,0.0001867529880478,0.0001400647410358,0.0002334412350597
3100393,0.509697885196375,0.0078247734138972,0.0013293051359516,0.0004229607250755,0.0002719033232628,0.0002719033232628,0.265226586102719,0.0012084592145015,0.0055589123867069,0.0208761329305136,0.0004833836858006,0.0001510574018126,0.0003625377643504,0.000453172205438,0.0048640483383685,0.0021450151057401,0.0008157099697885,0.0094259818731117,0.0131117824773414,0.0011782477341389,0.0002114803625377,0.0117522658610272,0.0426888217522659,0.0002719033232628,0.0057401812688821,0.0025075528700906,0.0002114803625377,0.0007854984894259,0.0067371601208459,0.0068882175226586,9.06344410876133e-05
3100394,0.0978861555722658,0.179993077189339,0.022857211062174,0.0,0.0001790382067533,0.0026020219381482,0.0300068034518566,3.58076413506642e-05,0.0010622933600697,0.0065169907258208,0.0004416275766581,0.0004296916962079,0.0007997039901648,0.000811639870615,0.0558121769852353,0.001348754490875,0.0606104009262243,0.0012890750886239,0.0150272734868288,0.0002029099676537,0.0047504804191881,0.0055382485289027,0.0633198457884246,0.0002864611308053,0.0013368186104248,0.0223917117246154,0.0005729222616106,5.96794022511071e-05,0.0002625893699048,4.77435218008856e-05,1.19358804502214e-05
3100395,0.324518568109321,0.0236088685858307,0.0019887370535186,0.0006497853739219,0.0,0.0040365455046666,0.234789115110464,7.87618635056905e-05,0.0032095459378568,0.0177214192887804,0.0019296656558894,0.0016933800653723,0.0007876186350569,0.0037805694482731,0.0170125625172292,0.0062615681487024,0.0040365455046666,0.0044500452880715,0.0388886701059347,0.0001772141928878,0.0011814279525853,0.0604300397747411,0.127141338164061,0.0011026660890796,0.0028157366203284,0.0575158508250305,0.0009057614303154,0.0028944984838341,0.0103571850509983,0.0004725711810341,0.0013192612137203
3100242,0.412025685931115,0.23035610040864,0.0016345592527729,0.0325744308231173,0.0003736135434909,0.0022416812609457,0.0071220081727962,0.0762872154115587,0.0047402218330414,0.0166024518388792,0.0021015761821366,0.002661996497373,0.0031290134267367,0.0044833625218914,0.0089667250437828,0.0055575014594279,0.0070753064798598,0.0126094570928196,0.0197781669585522,0.0010274372446001,0.0032691185055458,0.0016112084063047,0.0,0.0007939287799182,0.0017980151780502,0.0022416812609457,0.0026853473438412,0.0173730297723292,0.0169760653823701,0.0001167542323409,0.0211091652072388
3100243,0.514958655770112,0.249704684072226,0.0118608519563174,0.0172850220582917,0.0,0.0018803789686844,0.0248547527783805,0.0056170294833779,0.0005785781442106,0.0044116583496058,0.0002892890721053,0.0003375039174561,0.0001446445360526,0.0054241701019744,0.0035437911332899,0.0047250548443865,0.0010607265977194,0.0002892890721053,0.0112099515440804,0.0009160820616667,0.0,0.0003133964947807,0.0042670138135531,0.0001205371133772,0.0013500156698247,0.0011571562884212,0.0005785781442106,0.0003133964947807,0.0011089414430703,9.64296907017671e-05,0.103107446782864
3100366,0.498988536749831,0.0200606877950101,0.0002809620139357,0.0004495392222971,0.0,5.61924027871432e-05,0.156271072151045,0.0015171948752528,0.0030905821532928,0.0115756349741515,0.00275342773657,0.0002809620139357,0.0,0.0077545515846257,0.0079793211957743,0.0014048100696785,0.0001123848055742,0.0005619240278714,0.0025848505282085,5.61924027871432e-05,0.0,0.0006181164306585,0.0193301865587773,0.0005619240278714,0.016857720836143,0.0287705102270173,0.0,0.0141042930995729,0.0756911665542819,0.0,0.0516408181613846
3100367,0.254182600382409,0.104445506692161,0.0002788400254939,0.0069710006373486,0.0,0.0012348629700446,0.0017128744423199,0.0244980879541109,0.0045411089866156,0.0231437221159974,0.0166905672402804,0.0001991714467813,0.0,0.00717017208413,0.0529796048438496,0.0119502868068834,0.0051386233269598,0.0011950286806883,0.0555289993626514,0.0013543658381134,0.0,0.001872211599745,0.0315089228808158,0.0044614404079031,0.0013543658381134,0.0006373486297004,0.00717017208413,0.0026290630975143,0.0162922243467177,0.0,0.322657743785851
3100470,0.0647265429001505,0.123272362359166,0.0015052684395383,0.0067280937827852,4.56141951375268e-05,0.0237878027642202,9.12283902750536e-05,4.56141951375268e-05,0.0005245632440815,0.0355562651097021,0.021301829129225,0.0005473703416503,0.0013228116589882,0.0051315969529717,0.0435843634539069,0.133125028508872,0.136979427997993,0.0577931852392465,0.059959859508279,0.0002280709756876,2.28070975687634e-05,0.0285088719609542,0.0163298818592346,0.0213246362267938,0.014550928248871,0.0034438717328832,0.0368106554759841,0.0023263239520138,0.0063175660265474,0.0,0.0564019522875519
3100471,0.0237942755800778,0.22141484802207,0.0025247549140351,0.0086087984629784,4.92635105177595e-05,0.0550396571259668,4.92635105177595e-05,0.0,0.0008990590669491,0.0450637962461205,0.016183063205084,0.0004187398394009,0.0032513916941721,0.0033376028375782,0.0437706290950293,0.100066505739199,0.0562342972560225,0.0500024631755259,0.0556677668850682,0.0001108428986649,0.0,0.0137075718015666,0.0045322429676338,0.0182767624020888,0.0082146903788364,0.0037686585546086,0.0406670279324105,0.0047662446425932,0.0052342479925119,0.0004803192275481,0.133701167545199
3104119,0.120035990348043,0.052922170872357,0.0008588605782994,0.0011451474377326,0.0,0.0096110588523986,0.0001635924911046,0.0,0.0110015950267883,0.0261339004539692,0.0175043965481984,0.0001226943683284,0.0010224530694041,0.0053576540836775,0.0257658173489837,0.0210625332297248,0.0244979755429226,0.110220440881764,0.139953376140035,0.0001226943683284,0.0,0.0662140607746105,0.0007770643327471,0.0163592491104658,0.0028628685943315,0.0141916486033291,0.0023311929982413,0.002004008016032,0.0020449061388082,0.0,0.240071980696086
3104120,0.0430869148286985,0.189935489495249,0.0031601429692267,0.0052523755557492,2.17940894429431e-05,0.0394037137128411,2.17940894429431e-05,2.17940894429431e-05,0.0004794699677447,0.046704733676227,0.0132508063813094,0.0001089704472147,0.0015691744398919,0.0041190829047162,0.0220774126057013,0.149376689041932,0.021445384011856,0.11019091622352,0.0771510766280185,2.17940894429431e-05,4.35881788858861e-05,0.0302937843256909,0.0020050562287507,0.0154738035044896,0.0086522535088484,0.0012858512771336,0.0072138436056141,0.0016999389765495,0.0050126405718769,0.0,0.142337198151861
3104216,0.0307099738326151,0.135275880234557,0.0015285898111284,0.0067879750934857,0.0001295415094176,0.0565232786092424,0.0010449681759691,0.0001036332075341,0.0007686129558781,0.0220738732047706,0.0061748119489088,0.001943122641265,0.0027808244021659,0.0048103080497094,0.0373684074166832,0.0564369176029639,0.0709369305571148,0.0251828694307946,0.0695724266579154,0.0001209054087898,0.0002849913207188,0.0786662406190357,8.63610062784452e-06,0.0163135940859983,0.0083424732064978,0.0042575976095273,0.0171944763500384,0.0013817761004551,0.0035926178611833,0.0008636100627844,0.185261630668521
3104305,0.0016262806960481,0.666734428362335,0.0113433078549358,0.0090665148804683,0.0001219710522036,0.0316311595381363,0.0,0.0,0.0003659131566108,0.0278093999024232,0.002805334200683,0.0060578955927793,0.0014636526264433,0.0038624166531143,0.0221174174662547,0.0588307041795414,0.0195153683525777,0.0315091884859327,0.0348837209302326,8.13140348024069e-05,0.0,0.0117498780289478,0.0003252561392096,0.0102862254025045,0.0080907464628394,0.0019515368352577,0.0026427061310782,4.06570174012035e-05,4.06570174012035e-05,0.0,0.0006911692958204
3104306,0.0188642169384948,0.35589366420571,0.0051932740083653,0.02217668360329,2.80717513965696e-05,0.0474412598602027,0.0004491480223451,0.0,0.000842152541897,0.0259944417932235,0.005670493782107,0.004042332201106,0.0021895966089324,0.0130252926480083,0.0243662802122224,0.0460657440417708,0.0430339948909412,0.0698425174746652,0.0502765067512562,0.0001122870055862,5.61435027931393e-05,0.0481991971479101,0.0012913005642422,0.0123234988630941,0.0143165932122505,0.0067652920865732,0.0055301350251242,0.0005614350279313,0.0092356062094714,0.0001965022597759,0.0748392892232546
3104307,0.0091223606435297,0.23179794281459,0.0019082489101261,0.0274601672432785,0.0,0.0654855174767675,0.0001085995314705,0.0,0.0016910498471849,0.0314162930325643,0.0202305412910933,0.0053368912608405,0.0024357323486975,0.0094947018942861,0.031012923344245,0.0645856927874397,0.0478613649409684,0.0648804629442884,0.0557115596444141,0.0003257985944117,0.0,0.120421366182106,0.0014428223466807,0.0156383325317654,0.0121010906495803,0.0109685526785299,0.0033976139131514,0.0004654265634453,0.0021099337542858,0.0001861706253781,0.0556805312068511
3104321,0.0063663385121318,0.335877057992706,0.0051436642283449,0.0159580074625293,6.32417732993233e-05,0.0252123869553302,0.0026350738874718,0.0,0.0005270147774943,0.0173071652929148,0.0065560638320298,0.0016864472879819,0.0012437548748866,0.0034150557581634,0.0127959187975631,0.0155996374138331,0.0104559731854881,0.0209541075531758,0.0335392204397411,4.21611821995489e-05,0.0017496890612812,0.0591310580348673,0.0003794506397959,0.015325589729536,0.0121213398823703,0.0040896346733562,0.000274047684297,0.0002529670931972,0.0016232055146826,4.21611821995489e-05,0.167211248603411
3104322,0.0026976951011635,0.242733269102498,0.0022233750833765,0.0045060401689765,0.0001630475061142,0.0176684206625658,0.0126584154746906,4.44675016675313e-05,0.0008597050322389,0.0153264655747425,2.96450011116875e-05,0.0007411250277921,1.48225005558438e-05,0.0015563625583636,0.028933521085007,0.0190172682131476,0.0400207515007782,0.0178314681686801,0.0287111835766694,0.0030682576150596,7.41125027792189e-05,0.0215815608093085,4.44675016675313e-05,0.0112502779218854,0.0034684651300674,0.0131623804935893,0.0022974875861557,0.0002075150077818,0.0061068702290076,0.0001630475061142,0.395775587341585
3100114,0.390709569975614,0.0055909117944447,2.97388925236424e-05,8.92166775709273e-05,0.0,0.0002379111401891,0.0025278058645096,0.24787366918456,0.232260750609647,0.0002379111401891,0.0,2.97388925236424e-05,8.92166775709273e-05,0.0,0.0006245167429964,0.0008624278831856,2.97388925236424e-05,0.0002973889252364,0.0001486944626182,0.0027657170046987,0.0002676500327127,0.0001486944626182,0.0001189555700945,0.0002379111401891,0.0,5.94777850472848e-05,0.0004460833878546,0.0243264140843395,0.0762207815380955,0.0039255338131208,0.0001189555700945
3100115,0.0196609046225217,0.0199370409233998,0.0009940906831612,0.0,0.0001656817805268,5.52272601756227e-05,0.0,0.0313138565195781,0.0086706798475727,0.0032031810901861,0.0001104545203512,0.0002209090407024,0.0004418180814049,5.52272601756227e-05,0.0013254542442149,0.0001656817805268,0.0,0.0005522726017562,0.0001104545203512,0.0001656817805268,0.0,0.0018777268459711,0.0,5.52272601756227e-05,0.0001104545203512,0.0,0.0001656817805268,0.000717954382283,0.0041972717733473,0.0236372673551665,5.52272601756227e-05
3100116,0.677691399060517,0.0105760514243332,0.0005494052687965,2.74702634398264e-05,5.49405268796528e-05,0.0001648215806389,0.0858720435128973,0.0373595582781639,0.07595527841112,0.0099167651017773,0.0001098810537593,0.000466994478477,0.0018405076504683,0.0003296431612779,0.0030491992418207,0.0211521028486663,0.0019229184407878,0.0007966376397549,0.004422712413812,0.0019229184407878,5.49405268796528e-05,0.001730626596709,0.0,0.0004120539515973,8.24107903194792e-05,0.0035986045106172,2.74702634398264e-05,0.0024448534461445,0.0159327527950993,0.0167293904348543,2.74702634398264e-05
3100234,0.0172019084704422,0.0002567449025439,0.0,0.0,0.0,2.13954085453262e-05,0.0001283724512719,0.0023962857570765,0.0009413979759943,0.0032307066903442,0.0020539592203513,2.13954085453262e-05,0.0,0.0005134898050878,0.000727443890541,0.0003637219452705,8.55816341813047e-05,2.13954085453262e-05,0.0447805900853677,0.0001069770427266,2.13954085453262e-05,2.13954085453262e-05,0.0,0.0002353494939985,4.27908170906523e-05,0.0165386508055371,2.13954085453262e-05,0.0001069770427266,0.0029097755621643,0.0001283724512719,0.0
3100235,0.212641499898929,0.0059505761067313,0.0,2.52678390944006e-05,5.05356781888013e-05,1.26339195472003e-05,0.0014149989892864,0.0215408328279766,0.0077066909237922,0.0217808772993734,0.0181170406306853,0.0002274105518496,3.7901758641601e-05,0.0039796846573681,0.0050156660602385,0.0009980796442288,0.0022362037598544,0.000568526379624,0.341722255912674,0.0001010713563776,1.26339195472003e-05,0.0004548211036992,0.0,0.0019835253689104,0.0007201334141904,0.298741661613099,2.52678390944006e-05,0.0001137052759248,0.0002274105518496,0.0061653527390337,7.58035172832019e-05
3100232,0.123249503760494,0.0495328974923971,1.82106240780872e-05,0.0,7.28424963123486e-05,7.28424963123486e-05,0.0486405769125708,0.0053721341030357,0.0005098974741864,0.0384608380529201,0.0082858339555296,0.0008012674594358,0.0483674175513995,0.0123468031249431,0.0068654052774388,0.0415566441461949,0.0009651630761386,0.331815781326826,0.15803179574964,0.0022399067616047,0.0002731593611713,0.0065558246681113,3.64212481561743e-05,0.0038970735527106,0.0057545572086755,0.0138218636752682,3.64212481561743e-05,3.64212481561743e-05,0.0001456849926246,0.0002003168648589,0.0
3100364,0.755974068991624,0.0192589788482468,0.000473193583495,0.0,0.000473193583495,0.002744522784271,0.0001419580750485,0.0,0.0075237779775706,0.030142431268632,0.0009937065253395,0.0004258742251455,0.0012776226754365,0.0006151516585435,0.003217716367766,0.0248899824918374,0.001324942033786,0.00189277433398,0.0548431363270714,0.001324942033786,0.0114512847205792,0.003217716367766,4.73193583495008e-05,0.000851748450291,0.001324942033786,0.0004258742251455,4.73193583495008e-05,0.0042114228931055,0.0435338096815407,0.000378554866796,4.73193583495008e-05
3100365,0.640222620507499,0.0029242524290161,0.0004716536175832,0.0,0.0,0.001320630129233,9.43307235166494e-05,0.0,0.0008489765116498,0.008584095840015,0.0003773228940665,0.0,0.0,0.0022639373643995,0.0047165361758324,0.0049995283463824,0.0,0.0016979530232996,0.235166493727007,0.0,0.0074521271578153,0.0048108668993491,0.0,0.0006603150646165,9.43307235166494e-05,0.0091500801811149,0.0,0.0086784265635317,0.0318837845486275,0.0033015753230827,0.0014149608527497
3100075,0.214749017161304,8.9123911945575e-05,9.90265688284167e-06,0.0,0.0,1.98053137656833e-05,0.0001386371963597,0.029331669686977,0.0069615677886376,7.92212550627333e-05,9.90265688284167e-06,0.0,2.9707970648525e-05,2.9707970648525e-05,7.92212550627333e-05,0.0,0.0,0.0,0.000247566422071,0.0042581424596219,0.0,9.90265688284167e-06,4.95132844142083e-05,9.90265688284167e-06,1.98053137656833e-05,0.0,0.0,0.276036560609211,0.328679084598398,0.137488488161374,9.90265688284167e-06
3100092,0.176239015817223,0.0009490333919156,0.0002108963093145,0.0001757469244288,0.0,0.0,0.0094903339191564,0.0003163444639718,0.0886467486818981,0.000140597539543,0.0,0.0,3.51493848857645e-05,0.0001757469244288,0.0001054481546572,0.0,3.51493848857645e-05,0.0001054481546572,0.0018629173989455,0.0018277680140597,3.51493848857645e-05,3.51493848857645e-05,0.000140597539543,3.51493848857645e-05,0.0002811950790861,0.0002108963093145,7.0298769771529e-05,0.306467486818981,0.372653778558875,0.0001757469244288,0.0
3100093,0.557493738740718,0.0010545278790808,4.39386616283668e-05,0.0001757546465134,0.0,0.0,0.337668614613999,0.0021090557581616,0.0090074256338151,4.39386616283668e-05,8.78773232567336e-05,0.0,0.0,0.0,0.0002196933081418,0.0,4.39386616283668e-05,0.0,0.002636319697702,0.0031635836372424,0.0,0.0,0.0003954479546553,4.39386616283668e-05,0.0001757546465134,0.0001318159848851,0.0,0.0109407267454633,0.0132694758117668,0.0006590799244255,8.78773232567336e-05
3100094,0.560603596864939,0.0081303457022992,0.0009105987186575,0.0008130345702299,0.0,0.0011545090897265,0.277179745682786,0.0084067774561774,0.0106832742528212,0.0017236332888874,0.0001463462226413,0.0001138248398321,0.0007479918046115,0.0003252138280919,0.001252073238154,0.0014797229178184,0.0002926924452827,0.0007479918046115,0.0014309408436046,0.0050245536440209,0.001658590523269,0.0002764317538781,0.0003414745194965,0.0002113889882597,0.0001463462226413,0.0001300855312367,4.87820742137956e-05,0.0206185567010309,0.0651240690754171,3.25213828091971e-05,0.0001463462226413
3100152,0.0967377160914555,0.418473883140219,0.0011308011648801,3.09808538323316e-05,0.0041514344135324,9.29425614969949e-05,0.0008519734803891,0.001316686287874,0.0047400706363467,0.0034543652023049,0.0002168659768263,0.001967284218353,0.0001858851229939,0.0010068777495507,0.0038880971559576,4.64712807484974e-05,0.0001084329884131,4.64712807484974e-05,0.0003717702459879,0.107581014932772,0.0004027510998203,0.0002633372575748,0.0013786479955387,0.0001703946960778,0.0008055021996406,0.0010068777495507,0.0001549042691616,0.103615465642233,0.118563727616333,0.0415298345622405,0.056431625255592
3100153,0.259498370841858,0.0850950973706145,0.000409183905433,0.0,0.0006819731757217,1.51549594604834e-05,0.000409183905433,1.51549594604834e-05,0.0156096082442979,0.000378873986512,0.0,0.0,0.0002424793513677,0.0,0.0001667045540653,3.03099189209669e-05,1.51549594604834e-05,1.51549594604834e-05,1.51549594604834e-05,0.153656133969842,0.0013336364325225,0.0029097522164128,0.0105933166628779,0.0,0.0046222626354474,1.51549594604834e-05,0.0803667500189437,0.100522846101387,0.112419489277866,0.110934303250739,0.0
3100154,0.140447672591403,0.0376086880609002,0.0001745992946188,0.0,0.0001745992946188,6.98397178475399e-05,0.0081712469881621,0.000907916332018,0.0180884869225128,0.000139679435695,0.0,6.98397178475399e-05,0.0,3.49198589237699e-05,0.0001047595767713,0.0,3.49198589237699e-05,0.0,0.0,0.0030031078674442,3.49198589237699e-05,0.0017110730872647,0.0003841184481614,0.0,3.49198589237699e-05,3.49198589237699e-05,0.0009777560498655,0.0002444390124663,0.245207249362713,3.49198589237699e-05,0.0
3100191,0.0307279337644834,0.3733109829994,0.0009740517153503,0.0337860031033741,0.0001019356446296,0.0512736292487343,0.0001019356446296,0.0,0.0001019356446296,0.0959101154138021,0.0027522624050016,0.0021066699890136,0.0030014384252075,0.0080642421084821,0.0733143808542207,0.0696900023784984,0.0094573625850879,0.0079056755501693,0.0076451733472267,0.0095819505951909,0.0433792798813016,0.0004530473094652,0.0061954219569378,0.0118358609597807,0.0078150660882762,0.0009060946189305,0.0884914657213079,0.0001245880101029,0.0002038712892593,0.0026390005776353,0.003726314120352
3100360,0.44440281030445,0.0,0.0,0.0,0.0,4.68384074941452e-05,0.124074941451991,0.0061826697892271,0.0020140515222482,0.0012646370023419,9.36768149882904e-05,0.0,0.0,0.0007025761124121,0.0017330210772833,4.68384074941452e-05,0.0682903981264637,4.68384074941452e-05,9.36768149882904e-05,0.0001405152224824,0.0,0.0007025761124121,0.0,0.0,0.0012646370023419,0.167025761124122,0.0,0.0028103044496487,0.0033723653395784,0.0,0.0
3100361,0.657435934611621,0.0001812316502954,1.81231650295408e-05,1.81231650295408e-05,3.62463300590815e-05,0.0,0.0981188154699337,0.0001631084852658,7.2492660118163e-05,0.0039508499764398,0.0001812316502954,5.43694950886223e-05,5.43694950886223e-05,0.0015042226974518,0.0009424045815361,3.62463300590815e-05,0.000706803436152,0.0011055130668019,3.62463300590815e-05,0.0001631084852658,0.0003987096306498,7.2492660118163e-05,1.81231650295408e-05,5.43694950886223e-05,0.0039508499764398,0.008010438943057,3.62463300590815e-05,0.0130305556562398,0.0356482656131067,0.0001268621552067,3.62463300590815e-05
3100362,0.653400162557572,0.0001625575724735,0.0,0.0,8.12787862367922e-05,2.70929287455974e-05,0.0408019506908697,0.0,0.0114332159306421,0.005716607965321,5.41858574911948e-05,2.70929287455974e-05,0.0002438363587103,0.0002438363587103,8.12787862367922e-05,0.0,0.0,2.70929287455974e-05,2.70929287455974e-05,0.0001354646437279,2.70929287455974e-05,2.70929287455974e-05,2.70929287455974e-05,2.70929287455974e-05,0.0002167434299647,0.0002980222162015,8.12787862367922e-05,0.0478190192359794,0.154673530208616,0.0343538336494175,8.12787862367922e-05
3100363,0.753075875441472,0.0002539184229357,2.30834929941599e-05,0.0,2.30834929941599e-05,0.0,0.0714203273239307,0.0388726022021652,0.0082177235059209,0.0072943837861545,4.61669859883197e-05,0.0,9.23339719766395e-05,0.0021005978624685,0.0004155028738948,2.30834929941599e-05,2.30834929941599e-05,0.0001846679439532,4.61669859883197e-05,0.0005078368458715,0.0002308349299415,4.61669859883197e-05,9.23339719766395e-05,4.61669859883197e-05,0.0005540038318598,0.0541538745642991,2.30834929941599e-05,0.0028623531312758,0.0100413194524595,0.0,4.61669859883197e-05
3100396,0.301035327590295,0.111831186279934,0.0,0.0088911720540583,0.0,0.0,0.336520983166048,0.0827471745831028,0.0009483916857662,0.0081798782897336,0.000316130561922,0.0,0.0,0.0020943649727337,0.0002370979214415,0.0,0.0250138307120841,0.0006717774440844,0.0,0.0,0.0,7.90326404805185e-05,0.0,0.0,7.90326404805185e-05,0.0066782581206038,0.0,0.002133881292974,0.0039121157037856,7.90326404805185e-05,0.0
3100397,0.830059499551716,0.0034232618795337,0.0,4.07531176134974e-05,0.0,0.0,0.0854185345178906,0.0095769826391719,0.0004482842937484,0.0026897057624908,0.0002037655880674,0.0,0.0,0.0003667780585214,0.0009373217051104,0.0,0.0007743092346564,0.0004075311761349,0.0,4.07531176134974e-05,4.07531176134974e-05,0.0,0.0,0.0,0.0003260249409079,0.0031787431738528,0.0,0.0004482842937484,0.0004482842937484,4.07531176134974e-05,0.0
3100398,0.0682020514805496,0.0793884265531256,3.87071801819237e-05,0.0035610605767369,3.87071801819237e-05,0.0,0.18591058641378,0.000503193342365,0.0130056125411264,0.0023998451712792,0.0001935359009096,7.74143603638475e-05,7.74143603638475e-05,0.0016644087478227,0.107257596284111,3.87071801819237e-05,0.0808592994000387,0.0018579446487323,0.0001548287207276,0.0004257789820011,0.0001935359009096,0.0,3.87071801819237e-05,0.0001548287207276,0.0013547513063673,0.0150958002709503,0.0,0.0205922198567834,0.032978517514999,0.0003483646216373,3.87071801819237e-05
3104085,0.0368499598209161,0.350889679715302,0.0971185856962461,0.0019745149810584,0.0002066352887154,0.0,0.0002984731948111,0.0002755137182872,0.0011938927792446,0.173321088279187,0.0061072207553667,0.0,2.29594765239353e-05,0.0222477327516933,0.0196533119044886,0.0,0.003168407760303,0.0683503616117553,0.0009642980140052,0.0039949489151647,0.0205257720123981,0.0008035816783377,0.0,0.0011250143496728,0.0053495580300769,0.0275743313052462,0.0039260704855929,0.014556308116175,0.0644702100792102,0.0208242452072093,0.0
3104086,0.0099613123343589,0.389313674718981,0.0951960276601578,0.0159015444603528,0.0,3.04627288512505e-05,0.000365552746215,0.000121850915405,0.0012794346117525,0.168976756937886,0.0024065555792487,0.0,9.13881865537515e-05,0.0290919060529442,0.0275992323392329,0.000121850915405,0.0054223657355225,0.0302494897492917,0.000365552746215,0.0067627258049776,0.122978036372498,0.000365552746215,0.0,0.00121850915405,0.0090778931976726,0.0056965302951838,0.0403631157279069,0.0014012855271575,0.0068541139915313,0.0077679958570688,0.0
3104087,0.0006354137249364,0.557351972135931,0.197354796196931,0.0805798738586087,0.0012237597665442,4.70676833286266e-05,0.0,0.0,0.0008001506165866,0.0627176880353949,0.0006354137249364,2.35338416643133e-05,2.35338416643133e-05,0.0125200037654147,0.0183328626565,0.0008001506165866,0.0038124823496187,0.0068954156076437,0.0009178198249082,0.0007295490915937,0.0331121152216888,0.0002824060999717,0.0,0.0009884213499011,0.0026593241080674,0.0004000753082933,0.0040713546079262,0.0006354137249364,0.0024710533747528,0.0010590228748941,0.0
3104088,0.116974494283201,0.329168606756687,0.136944487557556,0.0732060634280097,0.0025867866935692,0.0012675254798489,0.0002586786693569,7.76036008070775e-05,0.0002328108024212,0.102643696000828,0.0064410988669874,0.0002845465362926,7.76036008070775e-05,0.0369651818511046,0.0335247555486575,0.0005690930725852,0.0048372911169744,0.015727663096901,0.0010605825443633,0.0028195974959904,0.0525376377463914,0.0004397537379067,0.0002586786693569,0.0009829789435563,0.0063117595323089,0.0035180299032541,0.0132702157380102,0.0047596875161674,0.0075275492782865,0.0008536396088778,0.0
3104089,0.0049771349569286,0.316452196107625,0.211187918749335,0.0877379559714985,0.0001063490375412,0.000616824417739,8.50792300329682e-05,8.50792300329682e-05,0.0005530149952142,0.125981069871318,0.0031479315112198,0.0002339678825906,0.0002765074976071,0.0195469531000744,0.0436031053918962,0.0017441242156758,0.020738062320536,0.0014888865255769,0.0012123790279698,0.0025098372859725,0.0698500478570669,0.0007019036477719,0.0,0.0032755503562692,0.0068063384026374,0.0150164841008189,0.0083803041582473,0.00193555248325,0.0072530043603105,0.0032968201637775,0.0002552376900989
3104090,0.0829418357856581,0.126749815181361,0.0163355829537596,0.0023370615028736,0.0052226170319318,0.0006915794243197,0.0017647199103331,9.53902654234135e-05,0.0011208356187251,0.110080366298619,0.0024086042019411,0.0002623232299143,0.0001430853981351,0.01984117520807,0.0180049125986693,0.001788567476689,0.0026709274318555,0.0018601101757565,0.0072735077385352,0.0078458493310757,0.517039086161257,0.001454701547707,0.0,0.0036725252188014,0.0041256289795626,0.02277442586984,0.0005484940261846,0.0023847566355853,0.009419788710562,0.0057234159254048,0.0001192378317792
3104198,0.0294736974832299,0.159580370202249,0.0130819085085994,0.0481225097089827,0.212714984616936,0.0014437383366116,0.0006745851616482,6.30453422101175e-06,0.0035746709033136,0.0828983204720835,0.0175644323397387,1.89136026630353e-05,4.41317395470823e-05,0.0061090936601603,0.0391133303071569,0.0003593584505976,0.0174887779290866,0.002168759772028,0.0092109244968981,0.0102889998486912,0.239515559590457,0.0022822413880062,1.26090684420235e-05,0.0032153124527159,0.0096081101528219,0.0109320623392344,0.0170033287940687,0.0075780501336561,0.0190270842790135,0.0014626519392747,6.30453422101175e-06
3104199,0.0326967471143757,0.0833298356068555,0.002490381252186,0.0058481986708639,0.0708359566281917,0.0007694998251136,0.0018887722980063,1.39909059111577e-05,0.0039874081846799,0.0926897516614201,0.0057642532353969,1.39909059111577e-05,8.39454354669465e-05,0.0145785239594264,0.0187338230150402,8.39454354669465e-05,0.0073452256033578,0.0015389996502273,0.0158936691150752,0.0200209863588667,0.459867086393844,0.0008674361664917,0.0,0.003903462749213,0.0043651626442812,0.0277019937040923,0.001161245190626,0.0244980762504372,0.06465197621546,0.004085344526058,0.0
3104200,0.0385119599854786,0.0370497357912146,0.0018857649953612,0.0254023637610423,0.356883546448308,0.0002924448388528,0.0141987011415433,3.02529143640837e-05,0.0069380016941632,0.149701504578274,0.0103464967125166,5.04215239401396e-05,0.0009479246500746,0.0031059658747126,0.0370598200960026,0.0024404017587027,0.0038622887338146,0.0022689685773062,0.0031160501795006,0.0074018797144124,0.0995623411721996,0.0081985397926666,0.0,0.0032068089225928,0.0040841434391513,0.0159836230890242,0.0106792787705216,0.0101750635311202,0.0305050219837844,0.0478096890000403,4.03372191521117e-05
3104201,0.110098751630334,0.187944848146078,0.0086733743245761,0.0126979690702441,0.121343394820198,0.0135084777343022,0.0001490590646543,0.0,0.0027016955468604,0.111971306130054,0.000819824855599,0.0008570896217626,0.0009502515371716,0.0199645984721446,0.0509968324948761,0.0012856344326439,0.0212874976709521,0.0186696478479598,0.0265697782746413,0.0003726476616359,0.0214086081609838,0.0635364263089249,0.0038848518725545,0.0164710266443078,0.0115893422768772,0.0670579467113844,0.0024687907583379,0.0083473076206446,0.0254425190981927,0.0004937581516675,2.79485746226942e-05
3104202,0.0811344671783745,0.104915661526258,0.0055603511964476,0.0029473749698652,0.0986398525534844,0.0062135952530931,0.0015475662770532,0.0001555342992013,0.0033673175777088,0.171149942841145,0.0057858759302895,0.0121083451928236,0.0301581006151382,0.0220081033369884,0.0498020826042663,0.0091531935079983,0.0142391650918819,0.0383625348980084,0.0497865291743462,0.0053114963177254,0.143231536134506,0.0214015195701032,0.0,0.0103197007520083,0.0263008499949451,0.0350107707502197,0.0068201790199783,0.0024652186423411,0.0067268584404575,0.0011431770991297,1.55534299201331e-05
3104203,0.0213303644010886,0.111759092354999,0.0058318311949952,0.0087477467924928,0.242047502915916,0.0027391934400735,0.0002827554518785,2.65083236136147e-05,0.0014933022302336,0.159200155515499,0.0027038490085887,0.0088184356554624,0.0428197787438589,0.0107888877107412,0.0292121726222034,0.0388435302018167,0.0164970133955395,0.0268087512812356,0.0142614781041247,0.0027391934400735,0.145521860530873,0.0125296009613685,2.65083236136147e-05,0.0067066058742445,0.0171332131622663,0.0071925918071607,0.0121319761071643,0.004700809387481,0.0133867034248754,0.0060262255681617,3.53444314848196e-05
3104335,0.0127032438926712,0.0865278334000801,0.0046615939126952,0.0061593912695234,0.195234281137365,0.0018261914297156,0.0030276331597917,8.00961153384061e-06,0.0011854225070084,0.137172607128554,0.0034521425710853,0.0001441730076091,0.0361714056868242,0.0056307569082899,0.0369723668402082,0.0444373247897477,0.0285462555066079,0.0128954745694834,0.0659511413696436,0.0046936323588306,0.236235482579095,0.0041249499399279,5.60672807368843e-05,0.0057589106928314,0.0218662394873849,0.0030596716059271,0.0142410893071686,0.0003524229074889,0.0009931918301962,0.003115738886664,2.40288346015218e-05
3104336,0.00208322483204,0.200562470704651,0.023696682464455,0.012603510233842,0.229310973386803,0.0089057861569709,0.0,0.000416644966408,0.000468725587209,0.218999010468205,0.004531014009687,0.003541482214468,0.002343627936045,0.028071454611739,0.0529139107338159,0.001979063590438,0.016874121139524,0.003020676006458,0.020207280870788,0.001302015520025,0.033904484141451,0.003801885318473,0.0,0.0072912869121399,0.014999218790688,0.029998437581376,0.002135305452841,0.002708192281652,0.0080724962241549,0.001874902348836,0.0
3104337,0.0069947576132414,0.0980591388348943,0.0049184190375213,0.0079519349708429,0.0455616422218295,0.0317193850503623,0.0001472580550156,4.41774165046828e-05,0.0212935147552571,0.174780585498027,0.0071714672792601,0.0006921128585733,0.0257407080167285,0.043971255227661,0.0728927372327266,0.0001914354715202,0.0273163692053955,0.0084084349413912,0.0539700771632208,0.0001914354715202,0.0528067385285975,0.038905578135124,2.94516110031219e-05,0.0382281910820522,0.0214702244212758,0.0290687400600813,0.0205719502856806,0.0058166931731165,0.0201007245096307,0.0001472580550156,0.0293485303646109
3104338,0.0070011668611435,0.162893815635939,0.0189031505250875,0.0056009334889148,0.25414235705951,0.0168028004667445,0.0002333722287047,0.0014002333722287,0.0016336056009334,0.10291715285881,0.002100350058343,0.0004667444574095,0.0042007001166861,0.0070011668611435,0.037806301050175,0.0002333722287047,0.00536756126021,0.0018669778296382,0.0116686114352392,0.0,0.0100350058343057,0.0046674445740956,0.0,0.0079346557759626,0.0056009334889148,0.0056009334889148,0.0065344224037339,0.0011668611435239,0.0056009334889148,0.0,0.293815635939323
3104339,0.0447594629146978,0.124700697137287,0.0068512985682904,0.0101709999364313,0.0284222942668051,0.0258795442826973,0.0004379180528185,0.0011513006872488,0.0155531540694595,0.0783520154825221,0.0073669117595123,0.0002048326376086,0.0124947908941298,0.0163512950366933,0.0465393879035733,7.06319440029948e-05,0.0314453414701333,0.0118449770093022,0.046320428877164,0.0001836430544077,0.0259219234490991,0.0156167228190621,0.0,0.0284576102388066,0.0104394013236426,0.0153907005982526,0.0024156124849024,0.0007345722176311,0.0019635680432832,6.35687496026953e-05,0.265922205976875
3104340,0.0017937219730941,0.112886863191943,0.0028376093508784,0.0069837535837682,0.0172903036094979,0.0482834668823054,0.0084099095787693,0.0,0.0106447107255752,0.144703374255679,0.017128574579137,0.0003969712563405,0.0251709181798133,0.0255678894361538,0.0543262515621554,0.0001470263912372,0.033139748584871,0.0126001617290304,0.0550172756009704,0.0001323237521135,0.0195986179519224,0.110607954127766,0.0,0.0235830331544512,0.0142027493935161,0.0557965154745277,0.0021612879511872,0.0011468058516503,0.0040138204807763,4.41079173711681e-05,0.0649709622877307
3100223,0.39717786309946,0.0151989435328067,7.33657773104106e-05,0.0001467315546208,3.66828886552053e-05,0.0,0.0012349905847252,0.0842361399819031,0.0122154019221834,0.0068352449194199,0.0007214301435523,4.89105182069404e-05,0.0004768775525176,0.0012349905847252,0.004291897972659,0.0021398351715536,0.000183414443276,4.89105182069404e-05,0.0,6.11381477586755e-05,1.22276295517351e-05,0.0008437064390697,0.253796678975814,9.78210364138808e-05,0.0,0.0157491868626348,0.0,0.0002323249614829,0.0003546012570003,1.22276295517351e-05,0.0
3100224,0.417317716318146,0.125602501993009,0.0007972036548721,0.0291285950818667,0.0001349113877475,2.45293432268351e-05,0.0018397007420126,0.127258232660821,0.0012755258477954,0.0186177715091678,0.0001349113877475,0.0001594407309744,0.0015821426381308,0.0034831667382105,0.0004537928496964,0.0153676335316122,1.22646716134176e-05,0.0056662782853989,0.0003679401484025,0.010780646348194,8.58527012939229e-05,0.0003311461335622,0.208536211442939,0.0001349113877475,7.35880296805053e-05,9.81173729073404e-05,0.0003679401484025,0.0005151162077635,0.0017538480407187,0.0194885631937205,1.22646716134176e-05
3100225,0.162230701223768,0.181448048020101,0.001240829494517,0.0041645339909729,0.0001628588711553,0.0,0.0001783692398368,0.015874862345478,0.0021249205093605,0.0334325996928947,0.0033579948195368,0.0009693980425914,0.0159911901105889,0.0159213934515223,0.0505715570859119,0.105462751849611,0.0061886371039039,0.0607230933879298,0.0253206768724893,0.0021171653250197,0.0085539683278271,0.0150838335427233,0.229933460518357,0.0067237448234144,0.0054829153288973,0.0060335334170893,0.0172630403424689,9.30622120887813e-05,0.0002093899771997,0.0025979867541451,7.75518434073178e-06
3100428,0.0310379849685151,0.442331911436116,0.0020312817387771,0.0052813325208206,5.07820434694292e-05,0.0060125939467804,9.14076782449726e-05,4.06256347755434e-05,0.0042860044688198,0.0584399756246191,0.0119744058500914,0.0006703229737964,0.0322567540117814,0.0071501117204956,0.0630509851716433,0.0644017875279301,0.0014117408084501,0.0313934592728011,0.0346536664635385,0.0102985984156002,0.0101665651025797,0.0253707089173268,0.007383709120455,0.020637822465976,0.024111314239285,0.0079321551899248,0.0102985984156002,9.14076782449726e-05,0.0001421897217144,0.0633658338411538,0.0021531586431038
3100429,0.0307940117490999,0.279657002084518,0.003647906007201,0.0083854462762933,7.10631040363843e-05,0.0678415766534016,0.0007106310403638,0.0,0.0019660792116733,0.0699260943718022,0.0083854462762933,0.0099251468637483,0.0419982944855031,0.0288042448360811,0.0343471669509191,0.0151364411597499,0.0333759711957552,0.0604510138336176,0.0997015349630472,0.0015870759901459,0.0248010233086981,0.0417377297707031,0.0,0.0187132840629145,0.0093092666287663,0.0403164676899754,0.0015160128861095,0.0001895016107636,0.0002605647148,4.73754026909229e-05,0.0261749099867349
3100430,0.0045732554906866,0.349082568807339,0.002418682235196,0.0117737003058104,8.34028356964137e-05,0.0844870725604671,0.0020850708924103,0.0006950236308034,0.0005560189046427,0.0378787878787879,0.0039477342229635,0.0320405893800389,0.02782874617737,0.0200444815123714,0.0448151237142063,0.0128162357520156,0.0415902140672783,0.0646649986099527,0.0860439254934668,0.0011259382819015,0.0225604670558799,0.0325688073394495,0.0001529051987767,0.015526827912149,0.0051292743953294,0.0161940505977203,0.0103419516263553,0.0001251042535446,0.0002502085070892,5.56018904642758e-05,0.0223936613844871
3100139,0.613553274897591,0.0002202352112055,4.40470422411135e-05,0.0,0.0,0.0,0.346606175395322,4.40470422411135e-05,0.0026207990133462,0.0003743998590494,8.8094084482227e-05,4.40470422411135e-05,0.0,2.20235211205568e-05,0.0,0.0004624939435316,0.0,0.0002422587323261,8.8094084482227e-05,0.0003083292956877,8.8094084482227e-05,0.0,2.20235211205568e-05,8.8094084482227e-05,0.00079284676034,0.0,0.0,0.0007708232392194,0.0033916222525657,8.8094084482227e-05,0.0003523763379289
3100141,0.0018628536904642,0.590071493303796,0.0497935756721377,0.0,0.0,0.0172691571845736,0.0001006947940791,0.0,0.0005034739703957,0.0413352129694895,0.0027691068371765,0.0140972711710805,0.0032222334105326,0.0039774443661262,0.123653207129191,0.0282448897392005,0.0014600745141476,0.0364011680596113,0.0138958815829222,0.001057295337831,0.0030711912194139,0.0025677172490182,0.000352431779277,0.0106736481723895,0.0076024569529755,0.0033732756016513,0.0050347397039573,0.000704863558554,0.0005034739703957,0.01651394622898,0.0105226059812708
3100373,0.0670291394104154,0.0002718545578115,0.0,0.0,0.0003228272874012,1.69909098632232e-05,0.0709030668592303,0.0087673094894231,0.0744881488403704,0.0086653640302438,0.04986832044856,0.0011044091411095,8.49545493161159e-05,0.0052162093280095,0.0235494010704273,0.0056919548041797,0.0748959306770878,0.0113669186984963,0.192999745136352,5.09727295896695e-05,0.0,0.0120975278226149,0.0,0.0016651091665958,0.0083595276527058,0.0765950216634101,0.0,3.39818197264464e-05,0.000458754566307,0.0002038909183586,0.0
3104144,0.150300652920075,0.0060646726367132,0.0,0.0,0.0,2.58071176030349e-05,0.0004903352344576,0.0,0.0188391958502155,0.0937056440166198,0.019226302614261,0.0001032284704121,0.0080518206921468,0.0378848486412553,0.076130996928953,0.0615241683656352,0.0024516761722883,0.14328111693205,0.134093783065369,0.0014710057033729,0.0,0.0852151023252213,0.0,0.033291181707915,0.0086969986322227,0.0169036620299879,0.0,0.0018839195850215,0.0011097060569305,0.0012129345273426,0.0
3104145,0.194834026358447,0.0075762914934103,0.0,0.0,7.04771301712594e-05,0.0011981112129114,0.0004933399111988,3.52385650856297e-05,0.0942279230389739,0.0640284727605892,0.0055676932835294,0.0079286771442666,0.0940869687786313,0.0273451265064487,0.0341814081330608,0.0082105856649517,0.0065896116710127,0.13739516526887,0.0110649094368877,0.0002114313905137,0.0,0.0170202269363592,3.52385650856297e-05,0.028930861935302,0.0225879202198886,0.0199450278384664,0.0001761928254281,0.0001409542603425,0.0,0.0003171470857706,0.196314046092043
3104146,0.118500730841512,0.0248834133778799,0.0,0.0,0.0001392079070091,0.021664230528294,0.0002436138372659,1.74009883761398e-05,0.052794598733208,0.117213057701677,0.0324528433215007,0.0076216329087492,0.0082480684902902,0.0269541309946405,0.0424410106494049,0.0057945291292545,0.0082306675019141,0.0586587318159671,0.154398969861488,0.0002784158140182,0.0002088118605136,0.0038282174427507,0.01519106285237,0.0393088327416997,0.0472436834412195,0.0559267766409132,3.48019767522795e-05,0.0001044059302568,0.0001392079070091,0.0004002227326512,0.128593304099673
3100259,0.842724531425531,0.0238869508661976,3.94174106702931e-05,5.91261160054396e-05,0.0,0.002424170756223,0.0050848459764678,0.0,0.0033307712016397,0.0086915390527996,0.0002167957586866,0.0006700959813949,0.0026015491042393,0.0033898973176452,0.0015964051321468,0.0029957232109422,0.0013796093734602,0.0022270837028715,0.0097361004355623,0.0003941741067029,0.0024635881668933,0.0009657265614221,9.85435266757327e-05,0.0001182522320108,0.0007883482134058,5.91261160054396e-05,0.0008868917400815,5.91261160054396e-05,0.0530164173515442,1.97087053351465e-05,3.94174106702931e-05
3100260,0.637890033868992,0.0027623645840839,2.40205616007302e-05,0.0003843289856116,0.016742331435709,2.40205616007302e-05,0.130503711176767,2.40205616007302e-05,0.004443803896135,0.0184718118709615,0.0003843289856116,4.80411232014605e-05,0.0002161850544065,0.000888760779227,0.0035310225553073,0.0005764934784175,0.0002882467392087,0.0008166990944248,0.006941942302611,0.0,0.0016093776272489,0.0002161850544065,0.0,0.0005044317936153,0.0013691720112416,0.0026422617760803,0.0002161850544065,0.0003122673008094,0.0042516394033292,2.40205616007302e-05,0.0
3100261,0.460359663540559,0.005704341100261,4.83418737310258e-05,0.000145025621193,9.66837474620516e-05,0.0,0.116117180701924,4.83418737310258e-05,0.0026104611814753,0.0210287150729962,0.0014502562119307,0.0002900512423861,0.0049792129942956,0.0718360243643044,0.0344677559702214,0.0014019143381997,0.001933674949241,0.0071545973121918,0.0236875181282026,0.0,0.0003383931161171,0.0160495020787006,0.0,0.0015469399593928,0.0134390408972252,0.0270231074156434,4.83418737310258e-05,0.0364981146669245,0.0398820458280963,0.0,0.0
3100100,0.63688710521724,0.0096260105857034,0.0009887745012505,2.90816029779561e-05,0.0,0.0009596928982725,0.0011923457220962,0.0497004594893271,0.0044785668586052,0.0022102018263246,0.0004653056476472,5.81632059559123e-05,0.0005816320595591,0.0008142848833827,0.0011051009131623,0.0001163264119118,8.72448089338684e-05,0.0007561216774268,0.0025882626650381,0.0005234688536032,0.0038678531960681,0.0001454080148897,0.0002035712208456,0.0001744896178677,8.72448089338684e-05,0.0004653056476472,2.90816029779561e-05,0.0663932995986739,0.19635898330716,0.0,5.81632059559123e-05
3100101,0.33126356824389,0.220896846331614,0.0006769532435397,0.17820210555802,0.0,0.006396040990686,0.0161068185531875,0.0224094866826957,0.0053922827330236,0.0208921776885548,0.00688624851187,0.0039916898153551,0.013819183454329,0.0022876350988585,0.0102710147295688,0.0055790284553794,0.0045986134130115,0.0167137421508439,0.0147295688508135,0.0018674572235579,0.010574476528397,0.0010271014729568,0.0001867457223557,0.0009337286117789,0.0013539064870795,0.0015639954247298,0.0082401549989495,0.0040617194612385,0.0524988911972735,0.0003501482294171,7.0029645883424e-05
3100199,0.185283138421698,0.250340923178644,0.0004821135859608,0.162747771946499,0.0004132402165378,4.13240216537873e-05,0.00050966293373,0.0042288248825709,0.0018182569527666,0.223246139647644,0.0016942848878052,4.13240216537873e-05,4.13240216537873e-05,0.0098351171536013,0.0107993443255231,0.0030855269501494,0.0036640632533024,0.0009366778241525,0.0103310054134468,0.0020524264088047,0.0008678044547295,0.0004958882598454,2.75493477691916e-05,0.000578536303153,0.0011708472801906,9.64227171921705e-05,0.0651542074741381,0.0001101973910767,0.0096560463931016,0.0053170241194539,1.37746738845958e-05
3100200,0.087251828631139,0.251110240334378,0.0,0.0479362591431557,0.0036572622779519,0.0,0.391914838035528,0.0,0.0005224660397074,0.0174373040752351,0.0083594566353187,0.0011755485893416,0.0024164054336468,0.0006530825496342,0.0010449320794148,0.0292580982236155,0.0036572622779519,0.0065961337513061,0.0272988505747126,0.0,0.0064002089864158,0.0010449320794148,0.0098615464994775,0.0,0.0010449320794148,0.0065308254963427,6.53082549634274e-05,0.0048328108672936,0.0281478578892372,0.0006530825496342,0.0
3100268,0.0554099057606462,0.353397576702331,0.001381704811167,0.0288386593920499,0.0002479982994402,0.0002834266279316,0.0768086161694891,0.03053921915964,0.0485368100333026,0.0058102458725997,0.0001062849854743,7.08566569829235e-05,0.0001417133139658,0.0011691348402182,0.001310848154184,0.0002834266279316,0.0007794232268121,0.0005668532558633,0.0002479982994402,0.0043576844044498,0.0002125699709487,0.0005314249273719,3.54283284914618e-05,7.08566569829235e-05,0.0007439948983206,0.0002125699709487,0.0001771416424573,0.0802451640331609,0.239105788988875,3.54283284914618e-05,0.0
3100337,0.219434228164851,0.0003952840889561,0.0,3.4372529474444e-05,0.0,0.0,0.178238751589729,0.126301859553845,0.002715429828481,0.0151239129687554,0.0301275220843502,0.0016498814147733,0.0001374901178977,0.0015811363558244,0.0310899529096346,0.0026982435637438,3.4372529474444e-05,0.0009796170900216,0.0439452789330767,0.0011171072079194,0.0523493623895782,0.0021139105626783,0.0,0.0010139896194961,0.0002749802357955,0.0245935448389647,5.1558794211666e-05,0.012305365551851,0.0405595847798439,0.0001718626473722,0.102533255422267
3100339,0.0417912013004038,0.0012060196109275,0.0008389701641235,0.0,0.0029363955744323,0.0001048712705154,0.450631849404856,0.0496565465890619,0.0005767919878349,0.110429447852761,0.0004719207173194,0.0,0.0,0.0009962770698967,0.002254732316082,0.006764196948246,0.0005243563525772,0.0020974254103088,0.0107493052278328,0.0,0.0,0.0025693461276283,0.000734098893608,0.0007865345288658,0.0005243563525772,0.0009438414346389,0.0,5.24356352577212e-05,0.0001048712705154,0.0251166692884484,0.0009438414346389
3100422,0.100309722310613,0.165287765968731,0.0274931585311525,0.0121979677125098,0.0288190245868601,0.0525573304482488,4.24277137826428e-05,1.06069284456607e-05,0.0026835528967521,0.0924075606185961,0.0134814060544348,0.0006152018498483,0.0044018753049491,0.009970512738921,0.0478160334330385,0.0439763253357093,0.0044549099471775,0.0600988565731136,0.0655296039372918,0.0004242771378264,0.0225291160185833,0.0114236619359766,0.0155815778866756,0.0056216720762001,0.0133116951993042,0.0413458070811854,0.0004773117800547,0.0001272831413479,0.0002439593542501,0.0002015316404675,0.119030951017204
3100423,0.191368829763534,0.0487890264472805,0.0076063779001304,0.0020686801820438,0.0238375608669361,0.0165494414563508,9.54775468635626e-05,0.0002227809426816,0.0038191018745425,0.13382769485376,0.021386970497438,0.0007001686769994,0.0048375290410871,0.0054740460201775,0.0415009070366952,0.0115209573215366,0.0103752267591738,0.0293116068871137,0.0757773463607142,0.0,0.111836033226186,0.0414054294898316,0.0178224754145317,0.0139397218420801,0.0134305082588078,0.0110117437382642,0.0001591292447726,3.18258489545209e-05,0.0,6.36516979090417e-05,0.118614939053499
3100424,0.0034162080091098,0.0900866704624533,0.0067058897956601,0.0094262035806921,0.531157082305308,0.0079078889099765,0.0,6.32631112798127e-05,0.0001265262225596,0.0377048143227684,0.0046814702347061,0.0018978933383943,0.0162586195989119,0.0086670462453343,0.0923641424685266,0.0582653254887075,0.0165749351553109,0.0170810400455494,0.0279622951856772,0.0004428417789586,0.0178401973809072,0.0065793635731005,0.0001265262225596,0.013854621370279,0.0059467324603024,0.0061997849054216,0.0006326311127981,0.0001265262225596,0.0003795786676788,0.0009489466691971,0.0035427342316695
3104094,0.0356231089258699,0.107365733736762,0.0046094931921331,0.00964447806354,0.165468986384266,0.0207072617246596,0.0,0.0001418305597579,0.0003545763993948,0.0431401285930408,0.0110627836611195,0.0032621028744326,0.0399962178517398,0.0025056732223903,0.0859256807866868,0.0971302950075643,0.0043494704992435,0.133226172465961,0.074768343419062,0.0001891074130105,0.0389797655068079,0.0203290468986384,0.0048458774583963,0.0198090015128593,0.0072806354009077,0.0056732223903177,0.0003309379727685,0.0003545763993948,0.0006855143721633,0.0013001134644478,0.0236384266263238
3104095,0.0492894280762565,0.0628076256499134,0.0006932409012131,0.0110225303292894,0.312374350086655,0.0014558058925476,0.0,0.0024263431542461,0.0009012131715771,0.0589254766031196,0.002842287694974,0.0250953206239168,0.0136568457538995,0.0036741767764298,0.0866551126516465,0.144402079722704,0.0019410745233968,0.0075563258232235,0.0272443674176776,0.0008318890814558,0.0072790294627383,0.0158058925476603,0.0280762564991334,0.0067244367417677,0.0101213171577123,0.018578856152513,0.0031889081455805,0.0002079722703639,0.001317157712305,0.0048526863084922,0.0112305025996534
3104097,0.0953786510418961,0.0754658795541654,0.0013656989294682,0.0122031807568615,0.15802458258073,0.0028195074672893,0.0,0.0005727124542931,0.0021146306004669,0.10559936561082,0.0211903608088462,0.0002202740208819,0.116701176263272,0.0099123309396889,0.0444072426098066,0.112339750649808,0.0006608220626459,0.0100004405480418,0.0388122824794044,0.0001321644125291,0.0221155116965505,0.0404863650381074,0.0,0.0159478391118551,0.021058196396317,0.0178862504956165,0.0004405480417639,0.0,0.0,0.013921318119741,0.0072690426891052
3104098,0.0388555047136005,0.0468162522741055,0.0020728816362533,0.0020287777716522,0.0421853464909863,0.0050829703952808,2.20519323005678e-05,0.0010474667842769,0.0031754782512817,0.106720326368598,0.0219306466729147,0.0002094933568553,0.0543028832901483,0.0220629582667181,0.0406637631622471,0.0899167539555654,0.0179171949942114,0.0228127239649374,0.0606317878604113,0.0007166877997684,0.180914052593859,0.0407850487899002,0.0040244776448536,0.0160097028502122,0.0213462704669497,0.0213683223992502,0.0004189867137107,0.0015436352610397,0.0061414631457081,0.0066376316224709,0.0185897789293787
3104099,0.0022299651567944,0.0366550522648084,0.0026480836236933,0.005574912891986,0.0678745644599303,0.0011149825783972,0.0,0.0,0.0052961672473867,0.13184668989547,0.0001393728222996,0.0136585365853659,0.0001393728222996,0.008362369337979,0.130592334494774,0.0209059233449477,0.0213240418118467,0.0006968641114982,0.0196515679442509,0.0001393728222996,0.0,0.0075261324041811,0.0,0.0170034843205575,0.0549128919860627,0.0250871080139373,0.0052961672473867,0.0,0.0,0.0001393728222996,0.0048780487804878
3104228,0.0411477913533835,0.101738721804511,0.0088698308270676,0.0045523966165413,0.12344337406015,0.0074306860902255,0.005844689849624,0.0,0.0014097744360902,0.0505169172932331,0.027108787593985,0.0050810620300751,0.0169466635338346,0.0138040413533835,0.0577126409774436,0.104293937969925,0.0191494360902256,0.0446134868421053,0.063469219924812,0.0021440319548872,0.0973625469924812,0.0573601973684211,0.0022321428571428,0.0105733082706767,0.0116893796992481,0.0046111372180451,0.0004111842105263,0.0002937030075187,0.0006755169172932,0.0032013627819548,0.0355086936090226
3104229,0.0045433560745403,0.0893648827887413,0.0030044774041315,0.0006228794618321,0.323648168367983,0.0144801154891802,7.32799366861347e-05,0.0,0.0002491517847328,0.0584187655261866,0.0052248594857214,5.86239493489078e-05,0.0150004030396518,0.0034441570242483,0.118251833830416,0.0659079750555095,0.0419674197401493,0.0329100195657431,0.0643910803661066,0.0035687329166147,0.0677253174853257,0.0080241530671317,0.0001538878670408,0.0101199592563552,0.0110359584649319,0.0012823988920073,0.0011871349743153,1.46559873372269e-05,0.0001172478986978,0.0001392318797036,0.0266152730044041
3104230,0.0850688555728919,0.0787938403093413,0.0052913642222373,0.003064016462022,0.0517490898401284,0.0359089161748411,6.78380028491961e-05,0.0,0.0008253623679985,0.0581145557741447,0.0265472717816521,0.0008592813694231,0.0603532098681681,0.0100174117540646,0.0751871198245257,0.025292268728942,0.0260610994278995,0.0372204508965923,0.0852497569138231,0.0001243696718901,0.0863351649594103,0.073559007756145,0.0049069488727585,0.0153992266467675,0.018090134093119,0.0019220767473938,0.0002261266761639,0.0001017570042737,0.0003278836804377,0.0001809013409311,0.0306175519526038
3104231,0.0468016809399542,0.0517146322637557,0.0017274966001396,0.0021318043150659,0.103135222553019,0.006101370970706,0.0001347692383087,0.0,0.0004533147106749,0.0661226890138567,0.0289998897342596,0.000918881170287,0.0424278065693878,0.0112716090221879,0.0842552774408547,0.0760098504061455,0.0215263228825915,0.0785827176829492,0.0863013195133605,0.0003675524681148,0.11720023033288,0.0448536528589456,0.0027198882640496,0.0172014555077737,0.019051469597285,0.0024503497874321,0.000159272736183,0.0,3.67552468114823e-05,0.003810293919457,0.0307763933301479
3104232,0.030471660009873,0.0275995153255845,0.000538527128304,0.000134631782076,0.0154377776780505,0.0056994121078849,8.97545213840147e-05,0.000134631782076,0.000179509042768,0.0362608266391419,0.0196113629224072,0.0008975452138401,0.0580711753354575,0.0090203293990934,0.0349593860790737,0.0210923125252435,0.0036799353767446,0.0232015437777678,0.0273302517614325,0.000493649867612,0.523852264057802,0.0261185657227483,0.000538527128304,0.0165148319346587,0.0152133913745905,0.0042184625050486,0.000134631782076,0.0008975452138401,0.0007629134317641,0.000359018085536,0.0545258717407889
3100097,0.657397396531592,0.0229641482506595,0.0054491199238853,0.0035030056653548,0.0,0.005146391039225,0.0088656316221943,0.0,0.0013406564892098,0.0198936124205337,0.0014271504562556,0.0002594819011373,0.002119102192622,0.0022488431431907,0.007697963067076,0.0081736798858279,0.0059248367426372,0.0063140595943432,0.0036327466159235,0.0066600354625264,0.0004324698352289,0.0054923669074082,0.0385330623189033,0.002551572027851,0.0017731263244388,0.0016001383903472,0.0004324698352289,0.0148769623318774,0.0465337542706396,0.0007784457034121,0.0026380659948968
3100098,0.665649437345031,0.0504005340453939,0.0769597558649628,0.000667556742323,0.0,0.0024318138470341,0.0007629219912263,9.53652489032996e-05,0.0007152393667747,0.0920274651916841,0.0006198741178714,0.0001907304978065,0.0016688918558077,0.0023364485981308,0.007486172038909,0.0030516879649055,0.0011920656112912,0.0025271790959374,0.0053881365630364,0.0011443829868396,0.0017165744802593,0.0019549876025176,0.0007629219912263,0.0009536524890329,0.0010490177379363,0.0048636276940682,0.001764257104711,0.0003337783711615,0.0031470532138088,0.0268453175662788,0.0028609574670989
3100099,0.196054507391377,0.0216925033071756,0.005638252783807,1.28434004186949e-05,0.0,0.0,0.0418823287653639,5.13736016747794e-05,0.0011944362389386,0.0190596062213432,0.0002311812075365,0.0,0.0,0.0004109888133982,0.0013485570439629,7.70604025121691e-05,0.0113407225697076,0.0,0.0272151654872144,0.0,0.0,0.0035062483143037,0.431718061674009,0.0007320738238656,2.56868008373897e-05,0.003827333324771,0.000166964205443,0.0001284340041869,0.0027998612912754,0.0001027472033495,0.0
3100183,0.248807006946542,0.0626396858954999,0.00024161884627,1.20809423135005e-05,0.0,6.04047115675023e-05,0.0032014497130776,1.20809423135005e-05,0.0049531863485351,0.0224463908184838,0.0071760797342192,0.0,6.04047115675023e-05,0.0016550890969495,0.0091815161582603,0.000169133192389,0.014315916641498,0.000217456961643,0.0467532467532468,0.0002295379039565,1.20809423135005e-05,0.000169133192389,0.232111144669284,0.0007369374811235,0.000289942615524,0.0101359106010269,0.0002778616732105,0.000120809423135,0.002077922077922,1.20809423135005e-05,0.243225611597705
3100184,0.325339215635981,0.019891245799882,0.0001282478774976,2.56495754995255e-05,2.56495754995255e-05,0.0,0.158245056044322,0.0002949701182445,0.0006155898119886,0.0031164234231923,0.0004103932079924,0.0004360427834919,7.69487264985764e-05,0.0056300818221458,0.0021545643419601,0.0007694872649857,0.00432195347167,0.0141329161002385,0.0125041680560187,2.56495754995255e-05,6.41239387488137e-05,0.001513324954472,0.216277220611999,0.0002821453304947,0.0006797137507374,0.0111703901300433,0.0,3.84743632492882e-05,0.0003590940569933,0.0001025983019981,0.0510683048195552
3100185,0.263883881687227,0.106368638023732,0.0001410724642224,3.1349436493879e-05,0.0001880966189632,0.0001253977459755,0.112591501167767,3.1349436493879e-05,0.0008464347853347,0.0062385378622819,7.83735912346976e-05,0.0002821449284449,1.56747182469395e-05,0.0038246312522532,0.120319137263508,0.0011599291502735,0.0057369468783798,0.0161136103578538,0.0219602802639623,0.0002194460554571,0.0001410724642224,0.0010815555590388,0.121510415850275,7.83735912346976e-05,0.0004545668291612,0.0423374139849836,3.1349436493879e-05,1.56747182469395e-05,0.0123203285420945,0.0001567471824693,0.0387635782246814
3100239,0.387711507111136,0.015852493113722,0.0002248580583506,5.62145145876665e-05,0.0,0.010455899713306,0.001011861262578,0.0014615773792793,0.0100623981111923,0.0472201922536399,0.0049468772837146,0.0003372870875259,0.0006745741750519,0.0725167238180898,0.0459272584181236,0.0005621451458766,0.0161335656866603,0.0894372927089775,0.0146157737927933,0.0002810725729383,0.0001124290291753,0.0022485805835066,0.0,0.017370285007589,0.019731294620271,0.0057338804879419,0.0,5.62145145876665e-05,0.0017426499522176,0.0,0.0504244195851369
3100240,0.191302680155344,0.007479503284269,0.0001438366016205,0.000191782135494,0.0047466078534784,0.0374934074890924,0.0092534880375893,0.0,0.0028287864985376,0.0141918780265618,0.0003356187371146,0.0001438366016205,0.000191782135494,0.0050342810567195,0.0017739847533202,0.0014383660162055,0.0040753703792491,0.0244042767416215,0.0097329433763244,0.0,0.0006712374742292,0.0001438366016205,0.0,0.0006232919403557,0.0011027472790909,0.0031644052356523,0.0001438366016205,9.58910677470394e-05,0.614949417461763,4.79455338735197e-05,0.0223905643189337
3100241,0.415071115973742,0.0072092841512972,1.95373554235699e-05,1.95373554235699e-05,0.0,0.0121913097843076,0.135706470772116,0.0027938418255704,0.0076000312597686,0.0073655829946858,0.0042786808377618,7.81494216942795e-05,0.0132463269771804,0.0016606752110034,0.0026180056267583,0.0007033447952485,0.0006251953735542,0.0411847452328853,0.02616051891216,3.90747108471397e-05,0.0,0.0007619568615192,1.95373554235699e-05,0.0050797124101281,0.0050797124101281,0.0193224445139106,0.0,0.0002344482650828,0.0341512972804001,1.95373554235699e-05,0.0010354798374492
3100304,0.0662375221569176,0.0011195074167366,0.0,0.0,0.0,0.0,0.380819106259912,0.0003731691389122,0.0971172684019032,0.0066237522156917,0.0064371676462356,0.0,0.0083963056255247,0.0507510028920608,0.0160462729732251,0.0002798768541841,0.0001865845694561,0.0064371676462356,0.0004664614236402,0.0,0.0,0.0,0.0,0.0021457225487452,0.0064371676462356,0.0081164287713406,0.0,0.0,0.0004664614236402,0.0,0.0
3100305,0.145181850774808,0.0022308090666454,3.98358761900968e-05,0.0,0.0009759789666573,0.0002589331952356,0.225431223359758,0.0,0.0095606102856232,0.0289208461140103,0.0752300521849978,3.98358761900968e-05,0.0033661315380631,0.0752698880611879,0.0979962554276381,5.97538142851452e-05,0.0001195076285702,0.0089431542046767,0.0010357327809425,1.99179380950484e-05,1.99179380950484e-05,0.0012149942237979,0.0,0.006592837509461,0.0250169302473808,0.0163725451141298,3.98358761900968e-05,0.0001991793809504,0.0051189100904274,1.99179380950484e-05,0.0001792614428554
3100306,0.388859832635983,0.0037561810574362,0.0,2.37732978318752e-05,1.18866489159376e-05,0.0034709014834537,0.341646063141879,0.031059813617345,0.013336820083682,0.0133249334347661,0.006668410041841,0.0001188664891593,0.0004873526055534,0.0418766641308482,0.00836820083682,0.0002615062761506,0.0003209395207303,0.0033995815899581,0.0057650247242297,2.37732978318752e-05,3.56599467478129e-05,0.0021514834537847,1.18866489159376e-05,0.0044456066945606,0.0094855458349182,0.0124809813617345,0.0,9.5093191327501e-05,0.0037324077596044,0.0007369722327881,1.18866489159376e-05
3100226,0.35700509180682,0.0212544360438204,0.0006557629995371,0.0,0.0105307822866842,0.0031630921154142,0.0778814997685542,0.0133852800493751,0.0027580620274649,0.0315730597130073,0.0146582317543589,0.0016201203517975,0.0030087949390526,0.0308594352723345,0.0045710538497145,0.0021794476161086,0.0026230519981484,0.0350447461811449,0.0108393766394075,0.0018708532633852,0.0031052306742786,0.0060754513192408,0.100216016046906,0.0028159234686005,0.0020058632927017,0.0022951704983798,0.0005979015584014,0.0002893072056781,0.0018901404104304,0.0,0.0053425397315229
3100227,0.263865027972336,0.0040086339808819,0.0006167129201356,0.0002202546143341,0.0540945332804722,0.0003083564600678,0.0001762036914673,0.361966433196775,0.0123342584027135,0.0399982379630853,0.0278401832518391,0.0007488656887361,0.0007048147658693,0.0021584952204748,0.0132593277829171,0.0012774767631381,0.001585833223206,0.0073124531958944,0.0019822915290075,0.0001321527686005,0.0070481476586934,0.0069600458129597,4.40509228668341e-05,0.0025549535262763,0.0007488656887361,0.100700409673583,0.0007048147658693,0.0001321527686005,0.0032597682921457,0.000792916611603,0.0287212017091758
3100228,0.376214362816687,0.0083179884437107,0.0057781446441043,0.0,0.0026033398945964,6.34960949901581e-05,0.0019683789446949,0.368404343132897,0.0041907422693504,0.0085719728236713,0.0074925392088386,0.0006349609499015,0.0,0.0040637500793701,0.0005079687599212,6.34960949901581e-05,0.0017778906597244,0.0028573242745571,0.001206425804813,0.0,0.0,0.0006349609499015,0.0152390627976379,0.0002539843799606,0.0,0.0069210743539272,0.0002539843799606,0.0013334179947933,0.0027303320845768,0.0066670899739666,0.077909708552924
3100279,0.157826927206356,0.197516283730585,0.0014673251735738,0.0041872450075155,0.0033998997924271,0.0,0.400293465034715,0.0001073652566029,0.0040798797509126,0.0169279221244005,0.0013241714981032,0.0,7.15768377353089e-05,0.0041872450075155,0.0008947104716913,0.0001073652566029,0.0008589220528237,0.0025409777396034,0.0025051893207358,7.15768377353089e-05,7.15768377353089e-05,0.0016104788490444,0.0120606971583995,3.57884188676544e-05,0.0001431536754706,0.0169279221244005,0.0,0.0064777038150454,0.0952687710256961,0.0014673251735738,0.0001789420943382
3100472,0.0963531557398062,0.168151088779673,0.223948758139296,3.66222560774634e-06,1.0986676823239e-05,1.46489024309854e-05,0.0031312028946231,2.92978048619707e-05,0.0077419449347757,0.0842678112342433,0.0010547209750309,1.0986676823239e-05,0.0001171912194478,0.0362926557727662,0.0040247859429132,1.46489024309854e-05,0.0451772150971588,0.0016406770722703,0.0192047110870218,0.0037134967662547,6.95822865471804e-05,0.0190875198675739,0.0277450212042863,0.000245369115719,0.0890836379084297,0.037567110284262,0.0029187938093738,0.0062001479539145,0.0265108511744758,0.0275362743446447,5.49333841161951e-05
3100473,0.102813185552672,0.148466512768306,0.18195374446181,0.0005950417963093,9.31993174942288e-05,0.0005591959049653,0.0052048234231392,2.86767130751473e-05,0.0047459960139368,0.166446811866424,0.0040362473653269,0.000501842478815,0.0012976212666504,0.0293362774758757,0.0211849217842651,0.0006595644007283,0.0208479704056321,0.0016919260714336,0.0122306181265503,0.0053553761667837,0.0009821774228237,0.0165966476922415,0.0258879027285892,0.00195001648911,0.0322397946747344,0.0652036763546162,0.0006308876876532,0.0222459601680455,0.0776637081857677,0.0044592288831854,0.0001147068523005
3100474,0.232559288537549,0.207559288537549,0.0215909090909091,0.0056818181818181,0.0,0.0,0.0004446640316205,9.88142292490119e-05,0.0011857707509881,0.120602766798419,0.0187747035573123,0.0007411067193675,0.0001482213438735,0.0327075098814229,0.0814723320158103,4.94071146245059e-05,0.0102272727272727,0.0062747035573122,0.0176383399209486,0.0064229249011857,0.0,0.004298418972332,0.0347332015810277,0.004199604743083,0.0050889328063241,0.0080533596837944,4.94071146245059e-05,0.0078063241106719,0.0101778656126482,0.0002470355731225,0.0004446640316205
3100087,0.75104015918958,0.0028943560057887,4.52243125904486e-05,9.04486251808972e-05,0.0001356729377713,4.52243125904486e-05,0.104965629522431,0.0913078871201158,0.0014471780028943,0.0027586830680173,0.000407018813314,4.52243125904486e-05,0.0015376266280752,0.000407018813314,0.0007235890014471,0.0047485528219971,9.04486251808972e-05,0.0003617945007235,0.0014019536903039,0.000407018813314,0.0036631693198263,0.0010853835021707,9.04486251808972e-05,0.0001808972503617,0.000407018813314,0.0002261215629522,4.52243125904486e-05,0.002623010130246,0.0146979015918958,9.04486251808972e-05,0.0001808972503617
3100088,0.658876646314361,0.0021989847240742,2.33934545114277e-05,9.35738180457108e-05,2.33934545114277e-05,0.0,0.001754509088357,0.0102697265305168,0.0020118370879827,0.0001403607270685,4.67869090228554e-05,2.33934545114277e-05,2.33934545114277e-05,2.33934545114277e-05,0.0001871476360914,4.67869090228554e-05,0.0,2.33934545114277e-05,0.0001403607270685,0.0063162327180854,0.0002339345451142,4.67869090228554e-05,7.01803635342831e-05,7.01803635342831e-05,4.67869090228554e-05,4.67869090228554e-05,4.67869090228554e-05,0.100100591854399,0.213137764053618,0.0006082298172971,4.67869090228554e-05
3100146,0.470464135021097,0.0702623371858375,0.0003669051550174,0.0,0.0032104201064024,0.0043111355714547,0.0625573289304715,0.0347642634379013,0.0011924417538066,0.0381581361218125,0.0085305448541552,0.002568336085122,0.0148596587782058,0.0058704824802788,0.0483397541735461,0.0145844799119428,0.0065125665015593,0.024674371674922,0.0420106402494955,0.0196294257934324,0.0133920381581361,0.0008255365987892,0.0067877453678224,0.0119244175380664,0.0065125665015593,0.004127682993946,0.0027517886626307,0.0031186938176481,0.0264171711612548,0.0076132819666116,0.0001834525775087
3100155,0.713968364975214,0.0393483760824403,6.17068103749717e-05,0.0067054733940802,0.0001851204311249,0.0,0.0653886500606784,0.0792932513318387,0.0043400456630396,0.0306682847563609,2.05689367916572e-05,0.0001234136207499,0.0,8.2275747166629e-05,0.000658205977333,2.05689367916572e-05,0.0,2.05689367916572e-05,0.0,0.002817944340457,0.0001234136207499,0.0004730855462081,0.0,0.0006376370405413,0.0,4.11378735833145e-05,2.05689367916572e-05,0.0016660838801242,0.0062529567846638,0.0010695847131661,0.0
3100156,0.370704927713742,0.0014872815555215,0.0,6.5615362743597e-05,0.0001093589379059,0.0,0.180879683296516,0.248725968373395,0.0012466918921283,0.0587038778679381,0.0,0.0005905382646923,0.0,0.0001312307254871,0.0012248201045471,0.0,0.0,0.0009623586535727,0.0093173815095907,0.0031057938365302,0.017475558277378,0.0003062050261367,0.0,0.0004593075392051,0.0072176899017956,2.1871787581199e-05,2.1871787581199e-05,0.0003280768137179,0.0020996916077951,0.066490234246845,0.0
3100263,0.673007314967666,0.0615032788623181,0.0002574626300564,0.0064214208908207,0.0,3.02897211831165e-05,0.0003180420724227,0.0047100516439746,0.0033318693301428,0.0487664511048176,0.0003180420724227,0.0031955655848187,0.0002877523512396,0.0007723878901694,0.0201880991685472,0.0019082524345363,0.0143573278407972,0.0376501234306138,0.0021960047857759,0.0001514486059155,0.0006966635872116,0.0013327477320571,1.51448605915583e-05,0.0004997803995214,0.0642444986293901,0.0050280937163973,1.51448605915583e-05,9.08691635493495e-05,0.0005906495630707,0.0048917899710733,0.0
3100264,0.376424973488865,0.0127253446447508,0.0,0.0010935843054082,6.62778366914104e-05,6.62778366914104e-05,0.159862142099682,3.31389183457052e-05,0.0015575291622481,0.0274390243902439,3.31389183457052e-05,0.0036784199363732,0.0003976670201484,0.0008616118769883,0.0079202014846235,0.0012592788971368,0.0025516967126193,0.135637592788971,0.0119300106044539,0.0,0.0004970837751855,0.0108032873806999,0.0,0.000331389183457,0.0101736479321315,0.0039766702014846,0.0,0.0001988335100742,0.0009278897136797,0.0,0.0
3104091,0.212265787647467,0.0420714781401804,0.0061589174184594,0.0209923664122137,0.0,0.0029493407356002,0.0001734906315058,0.0,0.0061589174184594,0.100711311589174,0.025676613462873,0.0055517002081887,0.0071998612074947,0.0510062456627342,0.090735600277585,0.124653018736988,0.0018216516308119,0.0329632199861207,0.0932512144344205,0.0,0.0001734906315058,0.0071998612074947,0.0212526023594726,0.005031228313671,0.0567314365024289,0.0065926439972241,0.0005204718945176,8.67453157529493e-05,0.0001734906315058,0.023941707147814,0.0001734906315058
3104092,0.0482411202185792,0.206198770491803,0.0739412568306011,0.0560963114754098,0.0,0.0362021857923497,0.0010245901639344,0.0,0.0014515027322404,0.100580601092896,0.0137465846994536,0.000853825136612,0.0140027322404372,0.0027322404371584,0.0753073770491803,0.0558401639344262,0.0032445355191256,0.0181010928961749,0.0212602459016393,0.000426912568306,0.000426912568306,0.0050375683060109,0.0105874316939891,0.0022199453551912,0.0052937158469945,0.0011099726775956,0.0011953551912568,8.53825136612022e-05,8.53825136612022e-05,0.0020491803278688,0.220372267759563
3100118,0.53675370432936,3.21765850990234e-05,0.0,4.82648776485352e-05,0.0,0.0,0.0023167141271296,0.142317035892981,0.0045851633766108,0.0056630789774281,3.21765850990234e-05,0.0,1.60882925495117e-05,0.0155091140177293,0.0001769712180446,0.0,0.0,0.0001126180478465,0.0,0.074826648647779,9.65297552970703e-05,0.0,0.0,0.000128706340396,0.0003217658509902,0.0521743327380665,0.0,0.0495680293450456,0.0473317566806635,0.0416365011181363,0.0
3100119,0.411487832289221,0.0004562196085413,6.67638451523885e-05,0.0,3.33819225761942e-05,2.22546150507962e-05,0.0577618533643414,0.0238458200269281,0.0024034984254859,0.0029487364942304,0.0001112730752539,3.33819225761942e-05,6.67638451523885e-05,0.0021475703524018,0.0002893099956603,0.0001335276903047,1.11273075253981e-05,0.0001224003827793,8.90184602031846e-05,0.012996695189665,0.0266610288308538,0.0001446549978301,0.0003449465332873,0.0001780369204063,0.0003672011483381,0.0004896015311175,6.67638451523885e-05,0.183700719936797,0.205654897684407,0.0118394552070236,0.0113164717533298
3100187,0.179015642884395,0.0027088897367417,0.0003815337657382,0.0001144601297214,0.0,0.0001526135062953,0.130866081648226,0.125944296070202,0.0218237314002289,0.0849675696299123,0.0061426936283861,7.63067531476536e-05,0.0011064479206409,0.0106829454406715,0.03788630293781,3.81533765738268e-05,0.0,0.0005341472720335,0.245059137733689,0.0003433803891644,0.0003052270125906,0.0001144601297214,0.0064097672644029,0.0037008775276612,0.0019458222052651,0.0078977489507821,0.0,0.0020602823349866,0.0103014116749332,0.0009919877909194,0.0019076688286913
3100188,0.417274012835853,0.0004351136734471,0.0001087784183617,0.0003263352550853,0.0,0.0,0.225388882845643,0.0036984662243011,0.0237136952028718,0.0266507124986403,0.0182747742847819,0.0007614489285325,0.0025019036223213,0.0082671597954965,0.0122919612748831,0.0004351136734471,0.0015228978570651,0.0026106820406831,0.131839443054498,0.0,0.0,0.0005438920918089,0.0142499728053954,0.0030457957141303,0.0017404546937887,0.0102251713260089,0.0001087784183617,0.0001087784183617,0.0001087784183617,0.00424235831611,0.0031545741324921
3100189,0.157892543905335,0.0001458302952021,2.08328993145976e-05,2.08328993145976e-05,0.0003749921876627,0.0,0.0713526801524968,2.08328993145976e-05,0.0014374700527072,0.0262286202370784,0.0167704839482511,0.0005833211808087,0.0954563446594863,0.0069790212703902,0.0907689423137018,0.0009166475698422,0.0132705568633987,0.252036415908002,0.0808941480385825,6.24986979437928e-05,0.0001249973958875,0.0002291618924605,0.0004583237849211,0.0118122539113768,0.0157496718818358,0.081852461407054,2.08328993145976e-05,0.0045624049498968,0.0227911918501698,0.0008958146705276,0.0064790316868398
3100236,0.323616367076632,0.137298959318827,0.0003547776726584,0.0202223273415326,0.0,0.0002365184484389,0.067821665089877,0.0396168401135289,0.0032521286660359,0.0008869441816461,0.0001773888363292,0.0002956480605487,0.0005321665089877,0.0001182592242194,0.0001182592242194,5.91296121097446e-05,0.0001182592242194,0.0004730368968779,0.0010643330179754,0.0015964995269631,0.0010643330179754,0.0007095553453169,0.0002956480605487,0.0001182592242194,0.0,0.0,0.0,0.040976821192053,0.303512298959319,0.0045529801324503,0.0
3100237,0.409115741824709,0.0039413096074299,3.90228674002966e-05,0.0003902286740029,0.0215015999375634,7.80457348005931e-05,0.246273316163272,0.0970108483571373,0.033949894638258,0.0008194802154062,0.0001560914696011,0.0,0.0001951143370014,0.0001560914696011,0.0009365488176071,0.0004292515414032,0.0003512058066026,0.0004292515414032,0.000273160071802,7.80457348005931e-05,0.0032779208616249,0.0001951143370014,7.80457348005931e-05,0.0001560914696011,0.0001170686022008,3.90228674002966e-05,0.0001951143370014,0.0047217669554358,0.0085460079606649,0.0001951143370014,7.80457348005931e-05
3100238,0.0006425052947195,0.24409252076244,0.0032006282273992,0.0002141684315731,1.18982461985103e-05,3.5694738595531e-05,0.551983437641292,0.0041762844156771,0.034481117483283,0.0007614877567046,5.94912309925517e-05,3.5694738595531e-05,7.1389477191062e-05,7.1389477191062e-05,5.94912309925517e-05,1.18982461985103e-05,4.75929847940414e-05,0.0002260666777716,5.94912309925517e-05,0.0225590747923756,4.75929847940414e-05,4.75929847940414e-05,8.32877233895724e-05,9.51859695880827e-05,3.5694738595531e-05,3.5694738595531e-05,2.37964923970207e-05,0.0177759798205744,0.076005996716084,1.18982461985103e-05,2.37964923970207e-05
3100463,0.115633976200246,0.456052523594583,0.008494050061551,0.006114074681986,0.0,0.0016413623307345,0.0011079195732457,0.0025441116126384,0.0097661058678703,0.0823963890028724,4.10340582683627e-05,0.0004924086992203,0.0235535494460402,0.008945424702503,0.0079606073040623,0.0720147722609766,0.0118178087812885,0.0347558473533032,0.0054985638079606,0.0008206811653672,0.0391875256462864,0.0027082478457119,0.0,0.0083299138284776,0.0013130898645876,0.0025851456709068,0.0659827656955273,0.0006155108740254,0.0076733688961838,4.10340582683627e-05,0.0
3100464,0.006813627254509,0.576152304609218,0.0045090180360721,0.0110220440881764,0.0,0.0130260521042084,0.0,0.0,0.0029058116232464,0.0299599198396794,0.0006012024048096,0.0934869739478958,0.0049098196392785,0.0033066132264529,0.0786573146292585,0.0190380761523046,0.0018036072144288,0.0178356713426854,0.0339679358717435,0.0130260521042084,0.0186372745490982,0.0065130260521042,0.001002004008016,0.0081162324649298,0.0024048096192384,0.0009018036072144,0.0057114228456913,0.0001002004008016,0.0014028056112224,0.0012024048096192,0.0159318637274549
3100465,0.0101538066064008,0.489953301058224,0.0694057666766634,0.0066835182725675,0.0,0.0122959598988904,0.0002999014609485,8.56861316995844e-05,0.0015423503705925,0.0817017265755537,0.0005569598560472,0.0759607557516816,0.0042843065849792,0.0025277408851377,0.0788740842294675,0.022878197163789,0.0011139197120946,0.0209074161346986,0.0266912300244205,0.0050126387044256,0.0194935949616555,0.0052696970995244,0.0008568613169958,0.0056981277580223,0.0023563686217385,0.0062122445482198,0.00616940148237,0.0001713722633991,0.0019279379632406,0.000599802921897,0.0159376204961227
3100167,0.0666728706304355,0.143015464789686,0.0005075970356333,0.0129944841122128,0.0003468579743494,0.0110148556732429,0.0001438191600961,3.38398023755541e-05,0.0036039389529965,0.126493181279821,0.0073347771649013,0.0148556732428683,0.0590927548983114,0.0260397279279889,0.0973655713850631,0.0933893946059355,0.0009475144665155,0.0074701363744035,0.0231548847754729,0.0210737369293763,0.0009559744171094,0.0260820276809583,0.0317671144800514,0.0076139555344996,0.0255490507935434,0.0040100165815031,0.0931694358904944,3.38398023755541e-05,0.0001776589624716,0.0285184934519982,1.69199011877771e-05
3100276,0.198678968337178,0.0026560424966799,6.98958551757881e-05,3.4947927587894e-05,0.0020968756552736,0.0001747396379394,0.0724470538897043,3.4947927587894e-05,0.0130006290626966,0.0041238554553715,0.0103795344936045,0.000314531348291,3.4947927587894e-05,0.0207590689872091,0.0118473474522961,0.0002446354931152,3.4947927587894e-05,0.0002795834207031,0.0523869434542532,0.0002096875655273,0.0,0.006255679038233,0.125532955895715,0.001642552596631,0.0064653666037604,0.0039141678898441,0.0,0.0,0.0001048437827636,6.98958551757881e-05,3.4947927587894e-05
3100278,0.295493421052632,0.0030921052631578,0.0,0.000328947368421,0.0116776315789474,0.0004934210526315,0.0919078947368421,0.0028618421052631,0.115559210526316,0.004375,0.0031578947368421,3.28947368421053e-05,0.0006578947368421,0.005,0.0018421052631578,0.0008223684210526,0.0002960526315789,0.0019407894736842,0.0042763157894736,0.0,6.57894736842105e-05,0.0010526315789473,0.308223684210526,0.0004276315789473,0.0013486842105263,0.0021710526315789,0.0,0.0002302631578947,0.0004605263157894,0.0,0.0
3100180,0.824684054853455,0.0001152383513233,0.0,0.0,7.68255675488803e-05,0.0,0.108131986325049,0.0033034994046018,0.0202819498329044,3.84127837744401e-05,0.0,0.0,0.0004609534052932,0.0,0.0,0.0,0.0,0.0,0.0,0.0,0.0,3.84127837744401e-05,0.0,0.0,0.0,3.84127837744401e-05,3.84127837744401e-05,0.0,0.0005377789728421,0.0,0.0
3100181,0.862916114891091,0.0001369925567377,4.56641855792502e-05,0.0,4.56641855792502e-05,0.0,0.0129229645189278,0.0015982464952737,0.0035161422896022,4.56641855792502e-05,0.0,0.0,0.000182656742317,0.0,0.0,0.0,0.0,0.0,0.0,0.0,0.0,0.0,0.0,0.0,0.0,0.0,0.0,0.0,0.0415544088771177,4.56641855792502e-05,0.0
3100182,0.657611718894864,0.0013906916373076,0.0,0.0006026330428333,0.0,0.0,0.0637863897645096,0.0200259595772297,0.0044965696272946,0.0003244947153717,0.0001390691637307,0.000370851103282,0.0,0.0001390691637307,0.0006026330428333,0.0002317819395512,0.0,0.0002781383274615,9.27127758205081e-05,0.0019006119043204,0.0001390691637307,0.000556276654923,0.0,9.27127758205081e-05,9.27127758205081e-05,4.6356387910254e-05,9.27127758205081e-05,0.0,0.0076024476172816,0.0,4.6356387910254e-05
3100273,0.480424031504717,0.0001373752175107,0.0,0.0,0.0105549958787435,0.0,0.0427007967762616,0.139390054034252,0.0010532100009158,0.0209497206703911,2.28958695851268e-05,0.0,0.000366333913362,0.0002060628262661,0.0060445095704734,2.28958695851268e-05,0.0233308911072443,0.0,0.0,0.0081509295723051,0.0005723967396281,0.0002976463046066,0.0,4.57917391702537e-05,0.0001602710870958,0.0002976463046066,4.57917391702537e-05,0.0057010715266965,0.130872790548585,0.0001602710870958,4.57917391702537e-05
3100274,0.591712475187052,0.0143247060619942,0.0,0.0,0.0,0.0,0.0455794777828676,0.140985264925943,0.0090853565429836,0.0173118033287525,8.58909757214842e-05,0.0,0.0003626507863796,0.002433577645442,0.0012215605435944,9.54344174683158e-06,0.0009352572911894,9.54344174683158e-06,2.86303252404947e-05,0.0006966712475187,0.0003053901358986,6.6804092227821e-05,0.0,0.0,3.81737669873263e-05,0.0103450908535654,9.54344174683158e-06,0.0162238509696137,0.0734176973583753,0.0001908688349366,1.90868834936632e-05
3100275,0.641319359818019,0.0016712510010097,1.16059097292341e-05,1.16059097292341e-05,0.0,0.0,0.0639021389691631,0.140802896835068,0.0301985771154672,0.0052458711976138,2.32118194584683e-05,0.0,0.0004062068405231,0.0010677436950895,0.0050833884614045,0.0,0.0003133595626893,1.16059097292341e-05,0.0,0.0019497928345113,0.0008008077713171,0.0008124136810463,0.0,2.32118194584683e-05,0.0,0.0065109153581003,1.16059097292341e-05,0.0104801364854984,0.0257999373280875,0.00015087682648,1.16059097292341e-05
3100447,0.020381816759252,0.571590642359753,7.82411391909866e-05,0.0,3.91205695954933e-05,3.91205695954933e-05,3.91205695954933e-05,0.0018777873405836,0.0002738439871684,0.0030122838588529,0.0001173617087864,0.0007432908223143,0.0070808230967842,0.0030122838588529,0.17682497457163,0.0,0.0104843126515922,0.0033643689852124,7.82411391909866e-05,0.0356388389014944,0.0044206243642907,0.0008215319615053,0.0,0.0015257022142242,0.0181910648619044,0.0008606525311008,7.82411391909866e-05,0.0231984977701275,0.106368828730146,0.0016039433534152,0.0
3100448,0.0908088505549974,0.100585626424248,0.0,0.0,0.0002695351743402,2.45031976672956e-05,0.000833108720688,0.0484428217882434,0.0026708485457352,0.0061257994168239,0.0006125799416823,0.0004410575580113,0.0036999828477616,0.0025238293597314,0.427335767317635,2.45031976672956e-05,0.0053416970914704,0.0217343363308912,7.35095930018867e-05,0.0150204601700522,0.0343289799318811,0.0027688613364044,0.0,0.0011026438950283,0.0191860037734924,0.0043615691847786,2.45031976672956e-05,0.0351130822572346,0.157751586582049,0.001911249418049,0.0
3100449,0.088053714684339,0.232629926752703,3.48796651552145e-05,0.0,0.0038716428322288,3.48796651552145e-05,0.0012905476107429,0.0141262643878619,0.0041681199860481,0.0235960934775026,0.0001569584931984,0.0008022322985699,0.005859783746076,0.0006452738053714,0.116986396930589,0.127903732124172,0.124625043599581,0.0746773630973143,0.0029996512033484,0.0179281478897803,0.0137251482385769,0.0185036623648413,1.74398325776073e-05,0.001151028950122,0.011056853854203,0.0036798046738751,0.0047087547959539,0.0059818625741192,0.0605162190442972,0.0066445762120683,1.74398325776073e-05
3100120,0.525295922840859,0.0005436212187637,0.0,0.0,0.0001753616834721,0.0,0.054607628233231,0.192476983779044,0.0050153441473038,0.0024199912319158,3.50723366944323e-05,0.0,0.0001402893467777,0.0180447172292854,0.0002104340201665,5.26085050416484e-05,0.0,1.75361683472161e-05,5.26085050416484e-05,0.0004559403770276,0.0003682595352915,0.0001402893467777,5.26085050416484e-05,0.0002279701885138,0.0005436212187637,3.50723366944323e-05,0.0,0.0639544059622972,0.0608329679964928,0.0,3.50723366944323e-05
3100121,0.595579606206807,0.0004563828400052,0.0,0.0,0.0001303950971443,0.0,0.0461924631633851,0.107771547789803,0.0034880688486112,0.002640500717173,0.0,6.51975485721737e-05,0.0001303950971443,0.0153540226887469,0.0002607901942886,3.25987742860868e-05,6.51975485721737e-05,3.25987742860868e-05,3.25987742860868e-05,0.0003585865171469,3.25987742860868e-05,6.51975485721737e-05,0.0,0.0001955926457165,0.0004563828400052,3.25987742860868e-05,9.77963228582605e-05,0.113639327161299,0.0604055287521189,0.0,0.0
3100122,0.501145798114129,0.0012397159923363,0.0,0.0,7.51343025658364e-05,0.0,0.052819414703783,0.199481573312296,0.0043577895488185,0.0042075209436868,3.75671512829182e-05,7.51343025658364e-05,0.0001127014538487,0.023441902400541,0.00090161163079,0.0,0.0001127014538487,0.0001878357564145,7.51343025658364e-05,7.51343025658364e-05,3.75671512829182e-05,0.0,0.0,0.0003756715128291,0.0008264773282242,0.0026297005898042,0.0,0.0850144633532439,0.0480859536421353,3.75671512829182e-05,3.75671512829182e-05
3100195,0.0667626616453909,0.455736161493091,0.0020768144435521,0.0,5.53817184947249e-05,0.000996870932905,0.0006645806219366,0.0015506881178523,0.0049289729460305,0.0004153628887104,0.0002769085924736,5.53817184947249e-05,0.0,8.30725777420873e-05,0.0006091989034419,2.76908592473624e-05,0.004209010605599,0.0,0.0001661451554841,0.116550826572149,0.0001107634369894,0.0003322903109683,2.76908592473624e-05,2.76908592473624e-05,0.0026583224877467,0.0,2.76908592473624e-05,0.179436767922909,0.156674881621577,0.0021875778805416,2.76908592473624e-05
3100196,0.0484476287956329,0.564172035241937,0.001424930258695,8.02777610532442e-05,0.0002207638428964,8.02777610532442e-05,0.000842916491059,6.02083207899332e-05,0.0014449996989584,0.0008228470507957,0.0001204166415798,6.02083207899332e-05,0.0001806249623698,6.02083207899332e-05,0.0008228470507957,0.000842916491059,0.0001003472013165,0.0004214582455295,0.0004013888052662,0.131193931001264,8.02777610532442e-05,0.0002006944026331,0.0001003472013165,4.01388805266221e-05,2.00694402633111e-05,2.00694402633111e-05,0.0003411804844762,0.128123306640978,0.110000602083208,0.003873401970819,6.02083207899332e-05
3100197,0.036246508333222,0.66056321086326,0.0012696970101976,0.0266770024458374,0.0011360446933347,0.0001470175485492,8.01913901177477e-05,9.3556621804039e-05,0.0015770973389823,0.005185709894281,5.34609267451651e-05,1.33652316862913e-05,0.0,0.0035417863968671,0.0001470175485492,2.67304633725826e-05,4.00956950588738e-05,0.0001336523168629,0.0010291228398444,0.0620280402560778,0.0002673046337258,2.67304633725826e-05,0.0,1.33652316862913e-05,1.33652316862913e-05,0.0,0.0172277836436295,0.0668929845898879,0.0674676895523984,0.0006682615843145,1.33652316862913e-05
3100334,0.472438130974716,0.0031269543464665,0.0,0.0,8.93415527561869e-05,0.0,0.0754936120789779,0.174662735638345,0.0028589296881979,0.0031269543464665,0.0,0.0,0.0,0.0003573662110247,8.93415527561869e-05,0.0,0.0,8.93415527561869e-05,0.0297507370678102,0.0,8.93415527561869e-05,0.0008934155275618,0.0,0.000982757080318,0.0,0.0006253908692933,0.0,0.0,0.0032162958992227,0.0,0.144107924595729
3100335,0.608630595437983,0.015774023689591,6.85330500633931e-05,0.0,1.14221750105655e-05,0.0,0.0070360598065083,0.0732960970427989,0.0023415458771659,0.008543786907903,5.71108750528276e-05,0.0001713326251584,5.71108750528276e-05,0.0017019040765742,0.0001599104501479,0.0,0.0,0.0029354989777153,0.0046830917543318,0.0003083987252852,3.42665250316965e-05,7.99552250739586e-05,2.2844350021131e-05,0.0001713326251584,7.99552250739586e-05,0.0026613667774617,2.2844350021131e-05,0.008726541708072,0.0345749237569818,3.42665250316965e-05,0.207483809066923
3100336,0.564002524528085,0.0073440817029089,0.0,0.0,0.0,0.0064260714900453,0.151070055654369,0.0909977623501061,0.0012622640426874,0.0179585747891445,0.0001721269149119,0.0,0.0,0.0033277870216306,0.0003442538298238,0.0004016294681278,0.0014917665959033,0.0033277870216306,0.0405072006426071,0.0,0.0,0.0031556601067186,0.0,0.0008606345745596,0.0041884215961902,0.0056228125537896,0.0039015434046703,0.0064834471283493,0.021745366917207,5.73756383039761e-05,0.0283435653221642
3104129,0.311345979746089,0.0096006063540855,0.0001473777291197,2.10539613028191e-05,2.10539613028191e-05,0.0086531780954586,0.0010105901425353,0.0001263237678169,0.0062740804682401,0.329978735499084,0.0572036128597596,0.0001473777291197,0.0001263237678169,0.0028633387371834,0.0117481104069731,0.0169694928100722,0.0004842411099648,0.0242752173821505,0.0140640461502832,2.10539613028191e-05,0.0007579426069014,0.0019369644398593,0.0,0.05459292165821,0.0102532791544729,0.0504663452428574,0.000231593574331,0.0185485399077836,0.0537718171674,0.0001684316904225,0.0004000252647535
3104130,0.362820338983051,0.0069423728813559,2.71186440677966e-05,2.71186440677966e-05,2.71186440677966e-05,0.0001084745762711,0.0004067796610169,0.0001084745762711,0.0112271186440678,0.192894915254237,0.107606779661017,0.0001627118644067,0.0006779661016949,0.0274983050847458,0.0137762711864407,0.004664406779661,0.0001898305084745,0.0151864406779661,0.0039322033898305,0.0003796610169491,0.0014101694915254,0.0097355932203389,0.0005694915254237,0.0087322033898305,0.0042305084745762,0.0077016949152542,0.0018169491525423,0.0002440677966101,0.0005152542372881,0.0019525423728813,0.0
3104131,0.0743825278243635,0.0872846470498552,0.0005717334959597,0.0,0.0,0.0,0.002115413935051,1.90577831986583e-05,0.005183717030035,0.0581834121055039,0.003011129745388,0.0003620978807745,0.0019248361030644,0.0504268943436499,0.0388588199420643,0.0524279615795091,0.0020772983686537,0.0016580271382832,0.0395258423540174,0.0025918585150175,0.0004002134471718,0.0080423845098338,0.0048787924988565,0.0055458149108095,0.0075468821466687,0.0465962799207196,0.0005717334959597,0.0502363165116634,0.379745388016466,0.0030873608781826,0.005240890379631
3104299,0.284881882650526,0.0397940286372465,0.0013550747549573,0.0015809205474502,0.0,0.0066850354577894,0.0010840598039658,0.0001806766339943,0.0060074980803107,0.194633903970369,0.0788201815800172,0.00031618410949,0.0009033831699715,0.0384389538822892,0.036858033334839,0.0065946971407922,0.0011292289624644,0.110393423370523,0.0181128325579294,0.0,0.0020777812909345,0.0035683635213876,0.0,0.0231266091512715,0.0302181670355481,0.0323862866434798,0.001806766339943,4.51691584985772e-05,0.0004065224264871,0.0003613532679886,0.0
3104300,0.256723219925999,0.0083701831964624,9.02445627650934e-05,0.0,0.0001579279848389,0.0050085732334626,0.0001353668441476,0.0001128057034563,0.0015792798483891,0.232063893150438,0.0571924916523779,0.0083701831964624,0.0005189062358992,0.0168306109556899,0.0349697680714737,0.0196281924014078,0.0016695244111542,0.239238335890263,0.0247044490569443,2.25611406912734e-05,0.0016018409890804,0.0030683151340131,2.25611406912734e-05,0.0222227235809043,0.0464082664019493,0.0025494088981138,0.0001579279848389,2.25611406912734e-05,9.02445627650934e-05,4.51222813825467e-05,0.0
3104301,0.236334108441295,0.0431845864245377,0.0004429188351234,0.0,0.0,0.0282360757391208,0.0005536485439043,0.0001107297087808,0.0039862695161111,0.133909127818994,0.0424094784630716,0.0215553833093419,3.69099029269553e-05,0.0126970066068726,0.0464326578821098,0.0258738419517957,0.0017347654375669,0.23614955892666,0.0489056213782158,0.0006643782526851,0.0095965747610083,0.0053150260214815,0.0,0.0163141770937142,0.0425571180747795,0.0064592330122171,0.0001107297087808,0.000812017864393,0.002399143690252,0.0001845495146347,7.38198058539106e-05
3104331,0.0733444420554719,0.140749301225543,0.0004300150505267,0.0,0.0,0.0485110728875511,0.0001343797032896,0.0008062782197376,0.0061545904106643,0.134110943883036,0.0245108578800258,0.022360782627392,0.0052408084282949,0.0122823048806708,0.104520533218663,0.023731455600946,0.0073371317996129,0.185981509352827,0.0410395613846485,0.0033594925822403,0.0262577940227908,0.018168135884756,0.0,0.0445871855514943,0.0307460761126639,0.0210438615351537,0.0014781767361857,5.37518813158461e-05,0.0001343797032896,0.0082777897226402,0.0001881315846054
3104332,0.0613546210595257,0.220444125897458,0.0012851723243082,2.47148523905441e-05,0.0,0.0694240203650384,0.000185361392929,0.0,0.007315596307601,0.106879379162908,0.0223669414134424,0.0007043732931305,0.025802305895728,0.0164600916921024,0.0314002199621863,0.023664471163946,0.0041273803492208,0.0166454530850314,0.0435846421907245,0.0027927783201314,0.0283973653967352,0.0524572741989298,0.0,0.0252338642907455,0.027482915858285,0.0481568898829752,0.0004325099168345,0.0160770114800489,0.0496397810264078,0.0269391891056931,0.0076616042410686
3104333,0.0346981579427321,0.190953857377348,0.0003647638154295,0.0,0.0,0.173673171621375,0.0012538756155389,2.27977384643443e-05,0.0111252963706,0.0751641437169433,0.0120600036476382,4.55954769286887e-05,0.0359748312967354,0.0085719496625934,0.0740242567937261,0.0211107058179829,0.0116724420937443,0.0664326098850994,0.0457322633594747,0.0040351997081889,0.0538026627758526,0.0325323727886194,0.0,0.0477840598212657,0.0245531643260989,0.0160040124019697,0.000205179646179,9.11909538573773e-05,0.0003419660769651,0.0005927412000729,0.0256930512493161
3104334,0.173766271077814,0.147693871687772,0.0007845477248115,1.10499679550929e-05,8.83997436407434e-05,0.0223209352692877,0.000364648942518,0.0008232226126544,0.0015635704656456,0.165705319454574,0.0179672478949811,0.0006408981413953,0.0103648699418772,0.0103980198457424,0.0667583814006939,0.117936307984707,0.0012596963468805,0.0178456982474751,0.0370284426175164,0.0003314990386527,0.0101051956949325,0.0151937059382528,1.10499679550929e-05,0.0281111184777564,0.0383544387721276,0.0676092289332361,9.94497115958364e-05,0.0002651992309222,0.0007403478529912,0.0006740480452606,0.0001602245353488
3100136,0.410854740775339,0.0795516113965437,9.34142923867352e-05,0.0,7.47314339093881e-05,0.0,0.0799626342830453,0.0007286314806165,0.145931807566558,0.0001494628678187,0.0,0.0,0.0003549743110695,5.60485754320411e-05,0.0001868285847734,1.8682858477347e-05,1.8682858477347e-05,0.0002241943017281,3.73657169546941e-05,0.180289584306399,0.0001494628678187,1.8682858477347e-05,0.000112097150864,1.8682858477347e-05,1.8682858477347e-05,0.000541802895843,3.73657169546941e-05,0.0066137319009808,0.0331247080803363,0.0,0.0
3100137,0.13620815470218,0.262268539633312,0.0038310681382833,0.0120404998631761,0.0001368238620815,0.0044923834716774,0.0037854601842561,2.28039770135912e-05,0.004629207333759,0.0007525312414485,0.0001140198850679,6.84119310407735e-05,0.0001596278390951,0.000501687494299,0.0039450880233512,6.84119310407735e-05,0.014001641886345,6.84119310407735e-05,4.56079540271823e-05,0.0002508437471495,0.0001140198850679,0.0080041959317705,0.0038766760923105,0.0001368238620815,4.56079540271823e-05,4.56079540271823e-05,0.0036942442762017,0.264138465748427,0.21520113107726,0.0001596278390951,4.56079540271823e-05
3100138,0.589549516687945,0.0003647638154295,0.0,0.0,0.0011854824001459,0.0,0.0476928688674084,0.0,0.0033740652927229,0.0034652562465803,9.11909538573773e-05,0.0,0.0,0.0,9.11909538573773e-05,0.0,0.0,0.0,0.0,0.000729527630859,0.0001823819077147,0.0,0.0,0.0,0.0,0.0,9.11909538573773e-05,0.0424949844975378,0.283147911727157,0.0,0.0
3100301,0.579686348533233,0.0002973612421942,0.0,0.0,1.29287496606203e-05,0.0,0.0551023310535638,0.0003232187415155,0.0008662262272615,0.0040725561430954,0.0037493374015798,0.001292874966062,2.58574993212406e-05,0.185540486379562,0.0218237294271271,1.29287496606203e-05,0.0003490762408367,0.0065807335772557,0.0064643748303101,5.17149986424813e-05,0.0,0.0001422162462668,0.0,0.0032063299158338,0.0183717532677415,0.0151654233519076,6.46437483031016e-05,3.8786248981861e-05,0.0002197887442305,7.75724979637219e-05,3.8786248981861e-05
3100302,0.375435904348157,0.0002488413325453,3.45612961868522e-06,0.0,1.72806480934261e-05,1.38245184747409e-05,0.362523804092749,8.98593700858157e-05,0.003293691526607,0.0050563176321364,0.0001105961477979,8.64032404671305e-05,6.2210333136334e-05,0.0019561693641758,0.0551701971030722,6.91225923737044e-06,0.0014170131436609,0.0012614873108201,0.0221261418188228,2.76490369494818e-05,6.91225923737044e-06,0.0024711326773599,2.41929073307965e-05,0.0003387007026311,0.0280015621705876,0.0085020788619656,6.91225923737044e-06,6.56664627550192e-05,0.0004942265354719,1.72806480934261e-05,1.03683888560557e-05
3100303,0.486836003915709,0.0003434832637779,0.0,0.0,1.71741631888986e-05,0.0018204612980232,0.239682621464269,0.0003950057533446,0.0042935407972246,0.0166589382932317,8.58708159444931e-05,0.0005323990588558,3.43483263777972e-05,0.005238119772614,0.0598863070396895,1.71741631888986e-05,1.71741631888986e-05,3.43483263777972e-05,0.0018376354612121,3.43483263777972e-05,1.71741631888986e-05,0.0003950057533446,1.71741631888986e-05,0.0022841637041235,0.004911810672025,0.0128462740652962,0.0,0.0006010957116114,0.0506809555704398,6.86966527555945e-05,0.0
3100479,0.122999242154473,0.03809315108518,6.39146830288255e-05,0.0001095680280494,6.39146830288255e-05,0.0643346938030149,5.47840140247076e-05,0.0001369600350617,0.0005661014782553,0.140475342628354,0.0097332931583897,0.0010043735904529,0.0013787310196218,0.0191561435706394,0.0254654358524849,0.0136138274851398,0.0068023484080678,0.0619789811999525,0.0821577596990531,0.0001186986970535,0.0811716474466084,0.0021183152089553,0.0320303868664457,0.0105915760447768,0.0166086869184905,0.0068023484080678,0.0036248755946348,0.0004200107741894,0.0013330776746012,0.0,0.208717962765132
3100480,0.222193232448922,0.023943322763216,2.00698430538273e-05,2.00698430538273e-05,0.0022678922650824,0.09507084654598,2.00698430538273e-05,0.0,0.000461606390238,0.100529843856621,0.0177417412595833,0.0002809778027535,0.0010637016818528,0.0069240958535704,0.0262513547144061,0.0010034921526913,0.0098542929394292,0.0763456829767591,0.0990045357845302,0.0001003492152691,0.0847148075302051,0.0352827840886284,0.0083089150242845,0.0092722674908682,0.041725203708907,0.0064424196202785,0.0009031429374222,0.0023682414803516,0.0025890097539437,0.0,0.0655079677276924
3100481,0.144518996165911,0.147830254444057,0.0006099686301847,0.0001742767514813,0.0,0.0809515510630882,8.71383757406762e-05,0.0,0.0031805507145346,0.111580690135936,0.0250087138375741,0.0,0.0014813523875915,0.0414342976646915,0.0257929592192402,0.000522830254444,0.0042262112234228,0.0324590449634019,0.13911641686999,0.0,0.0007406761937957,0.0009149529452771,0.0026141512722202,0.0130707563611014,0.0506273963053329,0.0350296270477518,8.71383757406762e-05,8.71383757406762e-05,0.0489281979783897,0.0,0.0548100383408853
3100111,0.85805389837482,0.0018514708907632,0.0,0.0,0.0,0.0002057189878625,0.0,0.0,0.007817321538778,0.0006171569635877,0.0,0.0,0.0,0.0,0.0,0.0002057189878625,0.0,0.0,0.0,0.0,0.0,0.0,0.0,0.0,0.0,0.0,0.0,0.0096687924295412,0.109648220530755,0.0004114379757251,0.0
3100112,0.916134701795692,0.0028187229526952,9.94843395068893e-05,0.0,1.65807232511482e-05,0.0,6.63228930045929e-05,0.0001658072325114,0.0313541476679213,0.0006466482067947,0.000232130125516,1.65807232511482e-05,0.0002818722952695,0.0,8.29036162557411e-05,0.0003150337417718,9.94843395068893e-05,0.0004642602510321,0.0002984530185206,0.0015585879856079,0.0001989686790137,9.94843395068893e-05,8.29036162557411e-05,0.000116065062758,4.97421697534446e-05,3.31614465022964e-05,0.0,0.0022715590854073,0.0307240801843776,0.0030508530782112,0.0001823879557626
3100113,0.488463654494189,0.0087683102950278,5.1578295853105e-05,5.1578295853105e-05,0.0024413726703803,0.0,0.340812186232034,0.0591431125782271,0.0044873117392201,0.0001547348875593,1.71927652843683e-05,0.0,0.0001547348875593,0.0,0.0002063131834124,0.0002922770098342,5.1578295853105e-05,0.0001719276528436,3.43855305687367e-05,0.0007220961419434,0.0003610480709717,6.87710611374733e-05,0.0,5.1578295853105e-05,0.0,3.43855305687367e-05,0.0001375421222749,0.0058283474314008,0.0192387043532082,3.43855305687367e-05,5.1578295853105e-05
3100291,0.575561267699805,0.0028379121287312,1.48581786844569e-05,0.0,0.0,2.97163573689137e-05,0.0286019939675795,0.123753770262841,0.0006686180408005,0.0001337236081601,0.0,1.48581786844569e-05,2.97163573689137e-05,0.0,7.42908934222843e-05,1.48581786844569e-05,0.0004754617179026,4.45745360533706e-05,2.97163573689137e-05,0.0001782981442134,0.000846916185014,0.0071319257685392,0.0,4.45745360533706e-05,2.97163573689137e-05,0.0,1.48581786844569e-05,0.025140038334101,0.126710547821048,0.0,0.0
3100292,0.704389978707018,0.012141530376478,9.06084356453586e-05,0.0,0.0,2.26521089113396e-05,0.0096271462873193,0.0841525846056268,0.0053005934852534,0.0090381914556245,4.53042178226793e-05,4.53042178226793e-05,0.0001132605445566,0.0037829021881937,0.0001585647623793,2.26521089113396e-05,0.0016536039505277,0.0009740406831876,6.79563267340189e-05,0.0001132605445566,0.0002491731980247,0.000203868980202,0.0,4.53042178226793e-05,4.53042178226793e-05,0.0260952294658633,4.53042178226793e-05,0.0195714220993975,0.0583518325556109,0.0,2.26521089113396e-05
3100293,0.795977407356385,0.0011020801763328,0.0,0.0,0.0,0.0,0.0066124810579969,0.0096432015429122,0.0012398401983744,0.0214905634384902,0.0,0.0001377600220416,0.0001377600220416,0.0223171235707398,0.0016531202644992,0.0,0.0016531202644992,0.0,0.0,0.0004132800661248,0.0,0.0,0.0,0.0001377600220416,0.0030307204849152,0.0170822427331588,0.0,0.009367681498829,0.0811406529825045,0.0001377600220416,0.0001377600220416
3104034,0.435915312075735,0.073166256925843,0.0303452830881004,0.0052471287564671,0.0,3.66932080871831e-05,0.0027152973984515,0.0001100796242615,0.0145672036106117,0.110630022382857,0.0260888709499872,0.000807250577918,0.0010641030345283,0.0317029317873262,0.0393351190694602,0.0038894800572414,0.0011374894507026,0.0128426228305141,0.0036326276006311,0.0013576486992257,0.0014677283234873,0.0140168054893039,0.0,0.0057241404616005,0.0770557369830844,0.0321065570762852,0.0011007962426154,0.0050636627160312,0.0185300700840274,0.000403625288959,0.0002568524566102
3100149,0.0224064995651143,0.652378034316439,0.0018383806436309,4.9418834506207e-06,0.000247094172531,0.0,0.0002668617063335,0.0021991381355262,6.42444848580691e-05,0.0020508816320075,1.48256503518621e-05,4.9418834506207e-06,9.8837669012414e-06,0.0010180279908278,0.0074869534276903,9.8837669012414e-06,0.003073851506286,0.000143314620068,9.8837669012414e-06,0.124179647347197,0.000207559104926,0.0003755831422471,0.0,9.8837669012414e-06,9.8837669012414e-05,9.8837669012414e-06,0.0,0.0832608523760576,0.0812396220447537,0.0003607574918953,0.0
3100150,0.0022340288418851,0.0001002448839307,0.0,2.86413954087843e-05,2.86413954087843e-05,0.0,0.0002004897678614,0.0001432069770439,0.0076472525741454,0.0221397986509903,1.43206977043922e-05,0.0,0.0,4.29620931131765e-05,4.29620931131765e-05,0.0,2.86413954087843e-05,1.43206977043922e-05,2.86413954087843e-05,0.339200045826233,0.11190193186212,4.29620931131765e-05,4.29620931131765e-05,0.0007446762806283,1.43206977043922e-05,1.43206977043922e-05,1.43206977043922e-05,0.0001002448839307,0.401666929212791,0.0823583324979593,0.0
3100151,0.32235260851124,0.0981196097836844,0.148593241905839,0.0032518026297186,0.122154672698996,0.0009896790612187,0.0115933832885621,0.0132899759649371,0.0059380743673123,0.117347660115934,0.0026862717375936,0.0042414816909373,0.0012724445072812,0.0015552099533437,0.0182383712710307,0.0036759507988123,0.0014138272303124,0.0049483953060936,0.005231160752156,0.0028276544606249,0.0029690371836561,0.0059380743673123,0.0005655308921249,0.0004241481690937,0.0008482963381874,0.0237522974692493,0.0043828644139686,0.0,0.0077760497667185,0.0041000989679061,0.0001413827230312
3100247,0.164381510555924,0.13781523389874,0.000577527753417,0.037582083805694,0.0137964963316293,6.4169750379671e-05,0.158221214519476,0.0340741374516053,0.0083634574661504,0.065602874804817,0.0015828538426985,0.0001283395007593,0.0014331244251459,0.0567474492524224,0.0132403584950055,0.0031870976021903,0.0705439455840517,8.55596671728947e-05,0.00325126735257,0.0016042437594917,0.0002994588351051,6.4169750379671e-05,8.55596671728947e-05,0.0006203075870034,0.0032084875189835,0.0334538298646018,2.13899167932237e-05,0.0008128168381425,0.0032726572693632,0.127013325918162,2.13899167932237e-05
3100248,0.306760628599543,0.0239776575116488,0.0006511735594593,0.0054698578994588,0.0050936242873267,0.0,0.0307643330535699,0.0214163748444419,0.0275952883975342,0.0201574392961537,0.0358290162938095,0.0001591757589789,0.0004485862298497,0.0072352617717709,0.0470147309929673,0.0017654038723121,0.0017509333487685,0.0101148959569357,0.0002459989002402,0.0013602292130929,8.68231412612508e-05,0.0007814082713512,0.0153676960032414,0.0006077619888287,0.0062657366943536,0.0440048620959106,0.0001012936648047,0.0001302347118918,0.0003328220415014,0.0244696553121292,0.0
3100249,0.439879759519038,0.0151378024866938,0.0285732755834249,0.0003016786260693,0.0013791022906027,1.07742366453337e-05,0.0132738595470511,0.0308143168056543,0.0165276790139419,0.0427737194819747,0.107882431529726,0.0001831620229706,0.0008619389316266,0.0076497080181869,0.0032107225203094,0.0033938845432801,0.000129290839744,0.0065722843536535,0.130529876958218,0.0002047104962613,0.0,0.0059581528648695,0.0094921024845389,0.00258581679488,0.0012713599241493,0.0309759303553343,0.000905035878208,0.0007865192751093,0.0034154330165707,0.001713103626608,0.0
3100298,0.215865448284995,0.0002648655807177,0.0,0.0,0.0019864918553833,0.0,0.62680439676864,0.0523109521917627,0.007416236260098,0.0092702953251225,0.0001324327903588,0.0001324327903588,0.0001324327903588,0.0003972983710766,0.0013243279035889,0.0002648655807177,0.0,0.0043702820818434,0.007416236260098,0.0002648655807177,0.0,0.0002648655807177,0.0242352006356774,0.0002648655807177,0.0,0.0194676201827573,0.0,0.0002648655807177,0.0005297311614355,0.0,0.0
3100300,0.501786546527886,0.0018642224638806,0.0,0.0,0.0018642224638806,0.0010874631039304,0.0178654652788566,0.0065247786235824,0.0043498524157216,0.0080782973434829,0.0119620941432344,0.0,0.002796333695821,0.0009321112319403,0.0086997048314432,0.00015535187199,0.00015535187199,0.0032623893117912,0.302625446636632,0.0,0.0004660556159701,0.0037284449277613,0.0316917818859717,0.0284293925741805,0.0018642224638806,0.0060587230076122,0.0,0.0,0.0,0.0015535187199005,0.029827559422091
3100456,0.0381732210817668,0.297351324337831,0.0091108292007842,0.0164533118056356,0.17696920770384,0.070426325298889,0.0001537692692115,0.0,0.0064967516241879,0.0774228270480145,0.0082074347441663,0.0004420866489832,0.0141467727674624,0.0007688463460577,0.0152808211278976,0.0277937954099873,0.00559335716757,0.0146273017337485,0.0268519586360666,0.0024218659900818,0.0575673701610733,0.0038057894129858,0.0062660977203705,0.0121669934263637,0.0162803213777727,0.0053627032637527,0.002210433244916,0.0027101833698535,0.0028447314804136,0.0087648483450582,0.0152808211278976
3100457,0.0090580144257266,0.0031391531475402,2.39630011262611e-05,0.0002156670101363,9.58520045050442e-05,0.0003834080180201,0.203254175552946,4.79260022525221e-05,0.0072607893412571,0.0824087608732118,0.0002396300112626,0.0,0.0001677410078838,0.0006709640315353,0.0056313052646713,0.002851597134025,7.18890033787832e-05,0.0002156670101363,0.326903261364453,0.0004792600225252,0.0004073710191464,0.0476144832378807,4.79260022525221e-05,0.0004073710191464,0.0,0.0019889290934796,0.0003115190146413,0.0,0.0,2.39630011262611e-05,0.0001677410078838
3100458,0.101080179151664,0.105163783261614,0.0012733819267585,0.0041275138315623,0.0094405901466584,0.0017563888644946,0.000131729164837,0.0,0.0108017915166418,0.0889171862650391,0.0237112496706771,0.0019759374725564,0.0082550276631246,0.0199350136120137,0.0391674716782296,0.0178273469746202,0.0007464652674102,0.0076842012821638,0.025862826029683,0.0004390972161236,0.445025028541319,0.0126020901027487,0.0004390972161236,0.0059717221392816,0.0270922982348292,0.0255993677000088,0.0,0.0002634583296741,0.0006586458241854,0.0001756388864494,0.0
3104103,0.185231279817465,0.0207425845260319,0.0001037129226301,0.0043559427504667,0.189794648413192,0.0022816842978635,0.0,0.0,0.0052893590541381,0.111906243517942,0.0090230242688238,0.0037336652146857,0.0338104127774321,0.0017631196847127,0.0492636382493259,0.129226301597179,0.0009334163036714,0.003941091059946,0.0238539722049367,0.0003111387678904,0.0184609002281684,0.0177349097697573,0.0060153495125492,0.0035262393694254,0.0211574362165526,0.0168014934660859,0.0012445550715619,0.0007259904584111,0.0025928230657539,0.0024891101431238,0.0006222775357809
3104106,0.134089262283845,0.160272604429822,0.0003329220766504,0.0143939839022384,0.238470125139534,0.0014687738675753,0.0006658441533008,7.83346062706852e-05,0.0111822650451403,0.0582809470653898,0.0145506531147798,0.0008029297142745,0.0163327654074379,0.0098701603901063,0.0312555079020034,0.140375614437068,0.0028787967804476,0.0151577463133776,0.0185848853377201,0.0006658441533008,0.0071872001253353,0.0019583651567671,0.0226191175606604,0.0104772535887042,0.0254195797348374,0.0308834185222177,0.000235003818812,0.0025654583553649,0.008695141296046,0.002917964083583,0.0010575171846542
3104107,0.0281141244206373,0.119898000096226,0.0025018844321845,0.0031594309816688,0.148669671066348,0.028194313024233,8.0188603595657e-05,0.0003047166936634,0.0058216926210447,0.0781357753436082,0.0086282937468926,0.0048113162157394,0.0265263900694433,0.006110371593989,0.0178820586018315,0.102817827530351,0.0049556557022116,0.0059018812246403,0.0492037271662951,0.0010424518467435,0.216717720077623,0.0106971597196606,0.0001443394864721,0.0108094237646946,0.0186037560341924,0.0132311195932834,0.0003849052972591,0.0001924526486295,0.0002566035315061,0.0034801853960515,0.057735794588873
3104108,0.0539985648221974,0.128169350980705,0.0012557805772604,0.0504504863658109,0.16331127411896,0.0098668473927603,0.0002790623505023,0.0010763833519374,0.0189363737840855,0.0948014670706426,0.0110030298198055,0.0107239674693031,0.0363578376654441,0.0097273162175091,0.0456665603571998,0.158347950885026,0.0058403763355126,0.0082722053898899,0.0220060596396109,0.0024118960293414,0.001973369478552,0.0011361824270451,5.97990751076383e-05,0.0163052144793494,0.0327698931589858,0.0338263434858874,0.0017939722532291,0.0002989953755381,0.0011162494020092,0.0178799234571839,0.0007773879763992
3104109,0.0135585827100808,0.117456220863133,0.0031715451513526,0.0403304222971438,0.258903499604693,0.053979880226461,2.72625657709399e-05,0.0,0.0014994411174017,0.0588689670213829,0.0062067774738506,0.0016357539462564,0.0124680800792432,0.0055070382857298,0.056424423623922,0.0667569360511082,0.0062431275615452,0.00966912332676,0.0323152279604875,0.0005452513154187,0.04824565389264,0.0038621968175498,0.0017175416435692,0.0125226052107851,0.0113684899264819,0.0041348224752592,0.0074608554993138,0.0012540780254632,0.0057433138557446,0.0004452885742586,0.0476458774456793
3104225,0.0,0.0355014895729891,0.0016550810989738,0.0071168487255875,0.258109897384972,0.0112545514730222,0.0,0.0,0.0009930486593843,0.0719132737504138,0.0067858325057927,0.018040383978815,0.03417742469381,0.0023171135385633,0.0695134061569017,0.186527639854353,0.0025653757034094,0.013737173121483,0.0382323733862959,0.0007447864945382,0.117262495862297,0.0027308838133068,0.0,0.0283846408474015,0.0174611055941741,0.0061238000662032,0.002151605428666,0.0,0.0001655081098973,0.0019860973187686,0.0179576299238663
3104226,0.0095504309340787,0.18537153505707,0.0036804099697181,0.0187747495923597,0.0300955043093408,0.125553226182157,0.0,0.0,0.0023293733985557,0.0452830188679245,0.0086186815746564,0.0045189843931982,0.0229676217097601,0.0028884230142091,0.0456091311437223,0.0308409037968786,0.0041928721174004,0.0625669694852085,0.0306545539249942,0.0055904961565338,0.0079664570230608,0.0065222455159562,0.0016771488469601,0.0071278825995807,0.0208245981830887,0.0057768460284183,0.005264383880736,0.0,9.31749359422315e-05,0.0013044491031912,0.206009783368274
3104317,0.0166811587570363,0.0216923710585328,0.0004805272069928,0.0008695254221774,0.0110978902567388,0.0782801702439248,6.86467438561164e-05,9.15289918081552e-05,0.00235687153906,0.0150565191524415,0.0008237609262733,0.0022653425472518,0.0046450963342638,0.0020136378197794,0.0267035833600293,0.0314630909340534,0.001807697588211,0.0963113816301313,0.0561988009702073,0.0002517047274724,0.0232483639192714,0.0278019312617272,0.0005720561988009,0.0062697359388586,0.0043933916067914,0.0017161685964029,0.0008695254221774,2.28822479520388e-05,9.15289918081552e-05,0.0004118804631366,0.531920735893094
3104318,0.0386227640715497,0.0009919682570157,0.0,3.1998976032767e-05,0.10153275095197,6.39979520655339e-05,0.016063485968449,0.0002239928322293,0.0615660298870436,0.0005759815685898,0.0007679754247864,0.0001599948801638,0.0003839877123932,9.59969280983009e-05,0.0015359508495728,0.0016639467537038,0.0004799846404915,9.59969280983009e-05,0.0002239928322293,0.0023039262743592,0.0016639467537038,6.39979520655339e-05,6.39979520655339e-05,0.0001599948801638,3.1998976032767e-05,3.1998976032767e-05,6.39979520655339e-05,0.13519567373844,0.627307926146363,0.000127995904131,3.1998976032767e-05
3104319,0.0784293055738569,0.0566873105811042,0.0004480168665173,0.0090130451969956,0.0092502305969165,0.0225589669258137,0.0036368427987877,2.63539333245487e-05,0.0428778495190407,0.368006324943998,0.0036895506654368,0.001106865199631,0.0045065225984978,0.0196600342601133,0.0211095005929635,0.0537620239820793,0.0195282645934906,0.071471867176176,0.027039135590987,0.0006852022664382,0.0044274607985241,0.032468045855844,0.0026881011991039,0.012439056529187,0.0225326129924891,0.004084859665305,0.0031097641322967,7.90617999736461e-05,0.0001317696666227,0.0042429832652523,0.0456977203847674
3104320,0.0273293504512521,0.0188127621710944,0.0002118554298546,0.001228761493157,0.0001271132579128,0.0071183424431168,0.0010169060633024,0.0001271132579128,0.0077962798186517,0.0595737468751324,0.0099148341171984,0.005677725520105,0.008262361764332,0.0055506122621922,0.335409516545909,0.204355747637812,0.0038557688233549,0.0185585356552688,0.0841913478242447,0.0036439133935002,0.0010592771492733,0.0192364730308038,0.0,0.0143637981441464,0.104148129316554,0.0213550273293505,0.0013558747510698,0.0,0.0001694843438837,0.0002542265158256,0.0062709207236981
3100086,0.6283470603952,0.0536691332783476,0.000220717214781,0.0009409523366983,3.48500865443816e-05,0.0009641857277278,0.0147880533903326,0.0885540699092736,0.001068735987361,0.0022304055388404,0.000220717214781,0.0003252674744142,0.0003949676475029,0.0002323339102958,0.0075160019980716,0.0013243032886865,0.0788425124589059,0.0006040681667692,0.0007783185994911,0.0009293356411835,4.64667820591754e-05,0.0002904173878698,2.32333910295877e-05,0.0002671839968402,0.0007434685129468,0.0001626337372071,0.0001626337372071,0.0070048673954207,0.0185518627371258,0.0513806442619332,4.64667820591754e-05
3100129,0.104804580532736,0.0041490332752468,8.29806655049374e-05,0.0,4.14903327524687e-05,0.0,0.184631980748486,0.002655381296158,0.0097917185295826,0.0059746079163554,0.0002489419965148,0.0,4.14903327524687e-05,0.0051033109285536,0.0014106713135839,0.0,0.125840179238237,4.14903327524687e-05,0.0001659613310098,0.0151024811218986,8.29806655049374e-05,0.0,4.14903327524687e-05,4.14903327524687e-05,0.0001244709982574,4.14903327524687e-05,4.14903327524687e-05,0.140237324703344,0.158700522778193,0.146294913285205,0.0
3100130,0.262254901960784,0.495242214532872,0.000432525951557,0.0001441753171856,0.0,0.0,0.0,0.0814590542099193,0.0650230680507497,0.0010092272202998,0.0,0.0,0.0,0.0002883506343713,0.0,0.0,0.0007208765859284,0.0,0.0,0.0025951557093425,0.0,0.0,0.0,0.0001441753171856,0.0001441753171856,0.0,0.0,0.0162918108419839,0.0575259515570934,0.0067762399077278,0.0
3100131,0.0007885991100095,0.487748549540923,0.0008449276178674,5.63285078578268e-05,0.0001126570157156,0.0,0.0002253140314313,0.123472089224356,0.003548695995043,0.0628626147693348,0.0015771982200191,5.63285078578268e-05,0.0,0.017236523404495,0.0215738185095477,0.0,0.0076606770686644,0.0,0.0002816425392891,0.0011265701571565,5.63285078578268e-05,0.0,5.63285078578268e-05,5.63285078578268e-05,0.0001126570157156,0.0,0.0001689855235734,0.0259674421224582,0.0843237762631668,0.0001689855235734,5.63285078578268e-05
3100378,0.117955559644845,0.103878180061646,0.0109950775175967,4.60045084418273e-05,0.0002760270506509,0.0,0.131112849059208,0.0008280811519528,0.0214841054423334,0.170676726319179,0.0007360721350692,0.0001380135253254,0.0004140405759764,0.0333992731287666,0.0016101577954639,0.0002760270506509,0.0003680360675346,0.0005980586097437,0.0002760270506509,0.0230482587293555,0.0001840180337673,0.0003220315590927,0.0,0.0026222569811841,0.0037723696922298,0.156185306160004,0.0004140405759764,0.0338593182131849,0.129226664213093,0.0047384643695082,4.60045084418273e-05
3100379,0.0384867881175119,0.220498933202035,0.0170687674380437,0.0051698670605613,0.0025849335302806,0.0050467749876907,0.182504513376005,0.0009437058920072,0.0031593632036763,0.12124569177745,0.0033645166584605,0.0025849335302806,0.0043902839323814,0.0030773018217626,0.0452568521253898,0.0552683407188577,0.0045133760052519,0.0118168389955687,0.0134170359428853,0.0019284424749712,0.0628179878549155,0.0104217955030363,0.0018463810930576,0.0054981125882159,0.0080420154275398,0.0410306909568357,0.0130887904152306,0.0110782865583456,0.0681519776793041,0.0055391432791728,0.000492368291482
3100380,0.0111278981928061,0.191266197919693,0.0440757743041432,0.061014585391365,0.0900110407344994,0.0005810912894415,0.0337323493520832,0.0,0.002614910802487,0.100325411122087,0.0030797838340403,0.0023243651577662,0.0002905456447207,0.0092974606310651,0.0240862339473531,0.112557382764832,0.017025974780638,0.0625254227439131,0.00964611540473,0.0004067639026091,0.0128130629321866,0.0169388110872218,0.0043291301063397,0.004823057702365,0.0062757859259689,0.0417514091463769,0.0534313440641525,0.0025858562380149,0.0037480388168981,0.0013655645301876,0.0039514207682026
3100381,0.0240494620515067,0.155980721483862,0.0027262548074582,0.0407964558687503,0.158609610048196,0.0006815637018645,0.0558882235528942,0.0,0.0014118105252908,0.0690326663745679,0.0044788471836814,0.0013631274037291,9.73662431235091e-05,0.0050630446424224,0.0180614380994109,0.0933255440338834,0.0173311912759846,0.0665011440533567,0.0102234555279685,0.0001460493646852,0.003553867874008,0.0182074874640962,0.008909011245801,0.0050143615208607,0.0062314395599045,0.0531132856238742,0.0653814322574364,0.0118299985395064,0.0177206562484787,0.0020446911055936,0.0037972834818168
3100382,0.0954228536421716,0.0892674815484699,0.0149946031097757,0.0,2.91723795910032e-05,0.0,0.122523994282214,0.0134484669914525,0.0222585256279355,0.0465007730680592,0.000670964730593,0.0,8.75171387730097e-05,0.0229878351177106,0.000379240934683,0.0,0.0047550978733335,0.0014586189795501,2.91723795910032e-05,0.0,0.000175034277546,0.000262551416319,0.0,5.83447591820065e-05,0.0147612240730476,0.357740890924473,0.000145861897955,0.000320896175501,0.0014002742203681,0.000175034277546,0.0056010968814726
3100383,0.085989464162188,0.0124514446868515,0.0026073538019475,0.0,0.0,0.0,0.125578672910126,0.211461714468153,0.0948225403075613,0.0141542063534295,0.0,0.0,0.0,0.0308625552067259,5.32113020805619e-05,0.0,0.0012770712499334,0.0,0.0,0.0,5.32113020805619e-05,0.0016495503644974,0.0,0.0,0.0109083169265152,0.0054807641142978,0.0,0.0001064226041611,0.0018091842707391,0.001330282552014,0.0003724791145639
3104046,0.0025358954211015,0.385956139724266,0.0660582898778484,1.78584184584613e-05,0.0003035931137938,1.78584184584613e-05,0.000196442603043,1.78584184584613e-05,0.0005178941352953,0.187031216515465,0.0060361454389599,0.0,1.78584184584613e-05,0.0545753268090578,0.0277341238659904,5.3575255375384e-05,0.0037324094578184,0.0042503035931137,0.0,0.0192335166797628,0.0064111722265876,8.92920922923066e-05,1.78584184584613e-05,0.0010179298521323,0.0225194656761197,0.0151082220158583,0.0234481034359597,0.0430209300664333,0.0800771483677405,0.0222873062361597,0.0
3104047,0.0076972077715256,0.288017128499133,0.0541104858972998,0.0066886081324981,5.3084191527763e-05,3.53894610185087e-05,0.0024418728102771,0.0,0.0042113458612025,0.256608981845206,0.0032381356831935,0.0003715893406943,0.0001238631135647,0.0474395724953109,0.0216229606823088,0.0,0.0045121562798598,0.0001946420356017,7.07789220370174e-05,0.0047067983154616,0.0050076087341189,0.0005662313762961,0.0,0.0010262943695367,0.0241179176841137,0.0207205294263368,0.0016102204763421,0.0194288140991613,0.0715044059878968,0.0016102204763421,0.0641610928265563
3104048,0.0061149224729349,0.235108062021652,0.0404203513502796,0.0009152555815521,4.12420192727128e-05,1.11036205734227e-05,0.0017686481341951,3.80695562517349e-05,0.0055867073799421,0.269954395844073,0.0018146488479993,3.33108617202681e-05,0.0001046912796922,0.0562128722687076,0.0482928183368363,1.90347781258675e-05,0.0044271721457746,9.20014276083594e-05,1.58623151048896e-05,0.0299686719276678,0.0357964864972043,0.000214141253916,2.85521671888012e-05,0.0008026331443074,0.0199325851608042,0.0272847682119205,0.0056374667882777,0.0160256969504699,0.056295356307253,0.0516905262323036,0.0395939247333148
3104049,0.0172488652062364,0.242905072034735,0.0277481744622064,0.0228142885336491,3.94710874284587e-05,0.0,0.0036313400434182,3.94710874284587e-05,0.014288533649102,0.185000986777186,0.0006710084862837,3.94710874284587e-05,0.0001184132622853,0.0303137951450562,0.0241563055062167,7.89421748569173e-05,0.0189855930530886,0.0001973554371422,0.0,0.020051312413657,0.0374185908821788,0.0003947108742845,0.0,0.001381488059996,0.0249457272547859,0.0404973357015986,0.0052101835405565,0.0049338859285573,0.0273534635879218,0.023840536806789,0.175133214920071
3100135,0.0010964110810613,3.65470360353775e-05,0.0,0.0,3.65470360353775e-05,0.0001096411081061,0.0001461881441415,0.366274395146554,0.0029603099188655,0.316753161318617,3.65470360353775e-05,0.0,3.65470360353775e-05,0.0040567209999269,0.0077845186755354,0.0,0.0,0.0001827351801768,3.65470360353775e-05,3.65470360353775e-05,0.0,0.202945691104451,0.0,0.0035085154593962,0.0002192822162122,0.0040932680359622,0.0,7.30940720707551e-05,0.000292376288283,0.0005116585044952,0.0
3100294,0.0303275592250823,0.0024283632831471,5.39636285143813e-05,0.0,0.0016189088554314,0.0400949759861853,0.243214073714317,0.0030759268253197,0.002698181425719,0.0632453726188549,0.0001618908855431,5.39636285143813e-05,5.39636285143813e-05,0.0031838540823485,0.0144622524418542,0.0,0.0041012357670929,0.0,0.0347525767632616,0.0001079272570287,0.0,0.0001079272570287,0.0,0.0036155631104635,0.0112244347309913,0.0635691543899412,0.0,0.0001079272570287,0.0414440666990448,0.0003777453996006,0.0
3100371,0.0123037759864234,0.0227892599551488,0.0,0.0,0.0,9.09146008849021e-05,0.001151584944542,0.0122734711194618,0.0006060973392326,0.001818292017698,6.06097339232681e-05,3.0304866961634e-05,9.09146008849021e-05,0.0003939632705012,0.0020607309533911,0.0,9.09146008849021e-05,0.167919267834414,0.0604279047214983,0.0,0.0,0.0009697557427722,0.0,0.0001212194678465,0.0009697557427722,0.0010606703436571,0.0,0.0,0.0006667070731559,6.06097339232681e-05,0.0
3100372,0.0077636335062077,0.0385667138142386,0.0,0.0,3.14317146000314e-05,0.0039603960396039,0.0029545811724029,0.0051233694798051,0.0009115197234009,0.0904919063334905,0.0009115197234009,0.0001571585730001,0.0006286342920006,0.0213735659280214,0.0450730787364451,6.28634292000629e-05,0.001037246581801,0.0242338519566242,0.0467075278956467,6.28634292000629e-05,3.14317146000314e-05,0.007009272355807,0.0,0.0099324218136099,0.0079207920792079,0.0123526638378124,0.0,0.0,0.0024202420242024,0.0001571585730001,0.0
3100466,0.003585990971312,0.429681811562546,0.0,0.0,9.101499927188e-05,0.0198594728411242,0.0,1.8202999854376e-05,0.0007099169943206,0.0209334498325324,0.0032219309742245,0.0006917139944662,0.0104121159167031,0.0040592689675258,0.0486384156108927,0.01181374690549,0.0047873889617008,0.0834789573321683,0.0566659385466725,0.0090286879277705,0.0119775739041794,0.0029852919761176,0.0,0.0048055919615552,0.0052424639580602,0.0009283529925731,0.0020205329838357,0.0,0.0634920634920635,0.0019841269841269,0.0054791029561671
3100467,0.0013338013338013,0.270551070551071,0.0,0.0,0.0002574002574002,0.0814554814554815,0.0,0.0,0.0011232011232011,0.0296712296712297,0.0082134082134082,0.0005616005616005,0.0075816075816075,0.0171054171054171,0.108388908388908,0.0463788463788464,0.0111618111618112,0.138106938106938,0.0647244647244647,0.0162162162162162,0.0242658242658243,0.0039078039078039,0.0,0.009079209079209,0.0073710073710073,0.0047970047970048,0.0006084006084006,0.0,0.0008424008424008,0.0003744003744003,0.0244296244296244
3100468,0.0016271219370036,0.288534861694635,2.42854020448309e-05,2.42854020448309e-05,0.0001457124122689,0.0755518857614688,9.71416081793234e-05,0.0,0.001141413896107,0.0327610073584768,0.007455618427763,0.0004128518347621,0.0074313330257182,0.01794691211113,0.102678679845545,0.0479150982344513,0.0122398426305947,0.118877043009447,0.0614177817713772,0.0152512324841538,0.0158097967311849,0.0050513636253248,0.0,0.0073584768195837,0.0083298929013769,0.0034970978944556,0.0005099934429414,0.0,0.0005828496490759,0.0001214270102241,0.0143769580105399
3104280,0.0207358793548838,0.361062626544718,0.0,0.0,0.0,0.0469175452070097,0.0,0.0,0.0028276199120296,0.0380855965928926,0.005271242058228,0.0010123577462822,0.0273685680374223,0.0069119597849612,0.0516651539481952,0.0569363960064232,0.0097395796969908,0.0486629895971514,0.0388186832367521,0.0037003421071004,0.0043287020875514,0.0281016546812819,6.98177756056692e-05,0.0171751727989946,0.0081686797458633,0.0030370732388466,0.0086923130629058,0.0002792711024226,0.0012218110730992,0.0009425399706765,0.0178384416672485
3100256,0.454854344675961,0.000274821366112,0.0001249188027781,0.0,0.0,0.0,0.0753010543146954,0.149327936841053,0.0014740418727826,0.003872482886124,0.0001998700844451,4.99675211112777e-05,4.99675211112777e-05,0.0,0.0001998700844451,0.0001249188027781,0.0,0.0001249188027781,0.0002998051266676,0.0001249188027781,0.0001499025633338,0.0003247888872233,4.99675211112777e-05,0.0001249188027781,4.99675211112777e-05,2.49837605556388e-05,0.0,0.0172387947833908,0.0730275321041323,0.0011242692250037,0.0001998700844451
3100257,0.277480673514773,0.0005824420205443,0.0001588478237848,0.0,0.0010060362173038,0.0,0.452530975325638,0.0703960605739701,7.94239118924071e-05,0.0109075505665572,0.0001058985491898,2.6474637297469e-05,5.2949274594938e-05,0.000397119559462,0.0007412898443291,0.0001588478237848,0.0001058985491898,7.94239118924071e-05,5.2949274594938e-05,0.0001853224610822,0.0001323731864873,0.0002912210102721,5.2949274594938e-05,0.0008207137562215,0.0005559673832468,7.94239118924071e-05,0.0001323731864873,0.0126019273535953,0.0514402202689823,0.0004765434713544,2.6474637297469e-05
3100258,0.0062194580186583,0.0011106175033318,0.0,0.0,0.0,0.0,0.0619724566859174,0.0801865837405598,0.0053309640159928,0.177032430031097,0.0108840515326522,0.0013327410039982,0.0004442470013327,0.0013327410039982,0.103509551310529,0.0,0.0068858285206574,0.0015548645046645,0.0195468680586406,0.0,0.0008884940026654,0.0231008440693025,0.0002221235006663,0.0088849400266548,0.12239004886717,0.326965792980897,0.0002221235006663,0.0002221235006663,0.0002221235006663,0.0,0.0
3100434,0.0037299759187519,0.0003795414092765,3.92629044079154e-05,0.0,0.0003664537744738,0.0092529578054654,0.0005235053921055,2.61752696052769e-05,0.00307559417862,0.0301015600460685,0.0007983457229609,0.0007721704533556,0.0792587163647786,0.0012825882106585,0.230839702648937,0.106140718249398,0.0033242592398701,0.0196314522039577,0.0403753533661397,0.0003271908700659,0.0199979059784316,0.225604648727882,1.30876348026385e-05,0.104766516595121,0.0045544969113181,0.0006805570097372,3.92629044079154e-05,0.0034813108575018,0.01393833106481,0.0003271908700659,1.30876348026385e-05
3100435,0.0067966166475563,0.0001163235123053,0.0,0.0,1.66176446150523e-05,0.0004652940492214,0.0013127939245891,0.0002824999584558,0.0283330840686641,0.0536085215281586,0.0038719111953071,0.0006148528507569,0.0004985293384515,0.0203067617195939,0.180085414693321,0.0079432341259949,0.0046197052029845,0.0813433703906808,0.0353457300962162,4.98529338451568e-05,0.0012629409907439,0.299948485301693,1.66176446150523e-05,0.0061817637967994,0.0249763198564236,0.0062149990860295,3.32352892301045e-05,0.0053508815660468,0.0189773501503897,1.66176446150523e-05,1.66176446150523e-05
3104001,0.290307101727447,0.0074376199616122,0.0,0.0,0.0002999040307101,0.0664287428023033,0.0006897792706333,0.0005398272552783,0.0212032149712092,0.0854426583493282,0.0203334932821497,0.001859404990403,0.0012595969289827,0.0153250959692898,0.0356285988483685,0.00530830134357,0.005278310940499,0.186060460652591,0.0392874280230326,0.0002699136276391,0.0479546545105566,0.0122660748560461,0.0,0.0223728406909789,0.0501139635316699,0.0114563339731286,0.0002699136276391,0.0013495681381957,0.001889395393474,0.0003298944337811,0.0
3104002,0.107459307775295,0.0516427219723275,7.66387426529975e-05,1.76858636891533e-05,0.0,0.0025998219623055,7.66387426529975e-05,0.0014679266861997,0.031545685533553,0.0893489833576023,0.0103108585307764,0.0133646176611035,0.0112187328668196,0.0116490888832556,0.0681259469306184,0.0477282508091283,0.0020456649000453,0.0698296851326735,0.137808249865882,8.25340305493819e-05,0.0052114345004038,0.0249075913622242,1.76858636891533e-05,0.0152098427726718,0.0631149522186916,0.0137360207985757,0.0009491413513178,0.0014502408225105,0.0067383140655673,9.43246063421507e-05,0.0
3104003,0.122138117932903,0.237656916799053,4.67246051770863e-05,0.0,0.0,0.0279413138958976,0.0001245989471388,0.0002647727626701,0.0017443852599445,0.0806155187988662,0.0080054823536741,0.0072423138024483,0.0154658443136155,0.0082858299847366,0.108105161511385,0.0507740709591004,0.0202006043048936,0.0376600317727315,0.0461171853097841,0.0003737968414166,0.0601968663364795,0.0502912500389372,0.0,0.0211039466716506,0.0220851633803694,0.0064791452512226,0.001292714076566,0.0005139706569479,0.0032395726256113,0.000389371709809,0.0
3104004,0.0082138331525256,0.0859307339574996,9.11635200058345e-06,9.11635200058345e-06,0.000328188672021,0.0094992387846079,0.0041661728642666,0.0,0.0021332263681365,0.0824209384372749,0.0053695313283436,0.0080679715205163,0.002297320704147,0.0040750093442608,0.148086021897477,0.0661026683562306,0.0379513733784289,0.0197733674892655,0.265477286608991,0.0003737704320239,0.0654554073641891,0.0683452909483741,0.0,0.0442325399068309,0.0154795656969907,0.0043302672002771,0.0010027987200641,0.0015133144320968,0.009672449472619,0.0001549779840099,2.73490560017503e-05
3100270,0.30845926669354,0.0019661234462277,0.0039157939765875,8.22645793400735e-06,0.0,8.22645793400735e-06,0.195197393858127,0.029039396507046,0.0012504216059691,0.070418479915103,7.40381214060662e-05,0.0001151704110761,0.0,0.0012421951480351,0.0016452915868014,2.46793738020221e-05,0.0,0.162061221299945,0.0003619641490963,4.11322896700368e-05,8.22645793400735e-06,0.0064742223940637,0.140195296111353,0.0004524551863704,0.0002385672800862,0.0051991214142926,1.64529158680147e-05,0.0001809820745481,0.001127024736959,0.0002714731118222,0.0
3100271,0.422058823529412,0.0017647058823529,0.0,0.0002205882352941,0.0,0.0002205882352941,0.0048529411764705,0.290661764705882,0.0001470588235294,0.0097058823529411,7.35294117647059e-05,7.35294117647059e-05,0.0,7.35294117647059e-05,0.0002205882352941,7.35294117647059e-05,0.0,0.0005882352941176,0.0002205882352941,0.0025735294117647,0.0,0.0,0.0693382352941176,7.35294117647059e-05,0.0,0.0005882352941176,0.0,0.0,0.005,0.001985294117647,0.0004411764705882
3100272,0.507000227713521,0.0056535770653223,0.0005339489450582,9.42262844220395e-05,0.0,3.14087614740132e-05,0.295627115183781,0.0004004617087936,0.0007616624657448,0.0352406303738428,7.85219036850329e-05,1.57043807370066e-05,0.0090692798756213,0.0034706681428784,0.0003612007569511,0.0002512700917921,0.0093833674903614,0.0269251607735978,0.00015704380737,0.0010914544612219,0.0002277135206865,0.0016646643581227,0.0171020706226002,0.0006674361813227,0.0008401843694298,0.0011621241745384,3.14087614740132e-05,6.28175229480263e-05,0.001248498268592,0.0002277135206865,1.57043807370066e-05
3100384,0.456804040039679,0.001893768599513,0.0001803589142393,4.50897285598341e-05,0.0095139327261249,4.50897285598341e-05,0.341419424655064,0.0413923708179277,0.0160970330958608,0.0015330507710343,4.50897285598341e-05,0.0001352691856795,0.0002254486427991,0.0002254486427991,0.0022093966994318,0.0043737036703039,0.0012625123996753,0.000541076742718,0.0003156280999188,0.001082153485436,0.0010370637568761,0.0,9.01794571196681e-05,0.0003607178284786,4.50897285598341e-05,0.0,0.000270538371359,0.0188925962665705,0.0657859139687979,9.01794571196681e-05,0.0
3100385,0.325640544185173,0.0004950241537647,0.0001365583872454,0.0,5.12093952170425e-05,5.12093952170425e-05,0.186402198590035,0.0090640629534165,0.0487854838434358,0.0054111260946008,0.0003413959681136,0.0002731167744908,0.0001194885888397,0.0045576361743167,0.0030213543178055,0.0068279193622723,0.0036017274635986,0.0003072563713022,0.0003072563713022,0.0005291637505761,0.0,0.0018435382278135,0.0,0.0063158254101019,0.0003413959681136,0.113906764761108,3.41395968113617e-05,0.0020654456070873,0.0097127152928323,5.12093952170425e-05,0.162163084853968
3100386,0.598504587233826,0.0002885586495455,0.0001612533629813,8.48701910428e-06,0.0,2.546105731284e-05,0.090811104415796,0.0002376365349198,0.0055250494368862,0.0076468042129562,0.0002885586495455,0.0001018442292513,3.394807641712e-05,0.0851163145968242,0.0037173143676746,0.0023593913109898,0.0045235811825812,0.000152766343877,5.092211462568e-05,4.24350955214e-05,2.546105731284e-05,0.0047951657939182,8.48701910428e-06,0.0023593913109898,0.0072224532577422,0.0676924643757373,3.394807641712e-05,8.48701910428e-05,0.0001697403820856,8.48701910428e-06,0.0002461235540241
3100214,0.445631507469443,0.0047985513807152,0.0,0.0,9.05387052965143e-05,0.0,0.0002716161158895,0.173019465821639,0.0010864644635581,0.0627433227704844,0.000362154821186,0.0,0.0,0.0,0.0,0.000362154821186,0.0,0.0,0.0002716161158895,0.0271616115889543,0.0,0.000181077410593,0.0,0.000181077410593,0.0235400633770937,0.0059755545495699,9.05387052965143e-05,0.0,0.0105024898143957,0.0393843368039837,0.0
3100215,0.588036318319388,0.0024924336834609,0.0,0.0,0.0,0.0,0.0267046466085099,0.0005340929321701,0.0013352323304254,0.0194053765355172,0.0,0.0,0.0,0.0009791703756453,8.90154886950329e-05,0.0,0.0,0.0,0.0,0.0030265266156311,0.0,0.0022253872173758,0.0,0.0,0.0,0.139487270785117,0.0,0.0,0.109222004628805,0.0825173580202955,0.0
3100216,0.457020114827157,0.0185490022885133,0.0,0.0,0.0,4.01493556028426e-05,0.0388645762235516,4.01493556028426e-05,0.0025695587585819,0.0541213313526318,0.0005620909784397,0.0,4.01493556028426e-05,0.0002810454892198,0.0069859878748946,0.0003613442004255,0.0001605974224113,0.0,0.0342474003292247,0.0014453768017023,0.0,0.0003211948448227,0.0,0.0002810454892198,0.008672260810214,0.0674910667683784,0.0,0.0,0.0999317460954752,0.0510699803268158,0.0
3100387,0.363993710691824,0.0621576384662203,5.0720227226618e-05,0.0,0.0,0.0,0.0817863664029215,0.0581507405153175,0.0007861635220125,0.0296206127003449,0.0001775207952931,2.5360113613309e-05,5.0720227226618e-05,5.0720227226618e-05,0.0020795293162913,7.6080340839927e-05,0.0060357070399675,0.0001268005680665,0.001724487725705,0.0003550415905863,2.5360113613309e-05,0.005173463177115,0.0,0.0001014404544532,0.0089267599918847,0.169811320754717,0.0,0.0,7.6080340839927e-05,0.0,0.0
3100389,0.526796998951246,0.0125581520423804,0.0002958022965014,0.0003226934143652,2.68911178637696e-05,0.000107564471455,0.203700217818055,0.0056740258692553,0.0016403581896899,0.0194422782155054,0.0002958022965014,0.001398338128916,8.06733535913088e-05,0.0193347137440503,0.0037647565009277,0.0015865759539624,0.0054588969263452,0.0002689111786376,0.0023933094898754,0.000349584532229,2.68911178637696e-05,0.0008874068895043,0.0,0.0035765186758813,0.0036571920294726,0.0010756447145507,2.68911178637696e-05,0.0002689111786376,0.0020706160755102,0.0,2.68911178637696e-05
3100460,0.19673860911271,0.0934772182254197,9.59232613908873e-05,0.0004316546762589,4.79616306954436e-05,0.0006714628297362,0.0001918465227817,0.0,0.0027338129496402,0.134772182254197,0.0089688249400479,0.0012949640287769,0.0638848920863309,0.0354436450839329,0.0764508393285372,0.0282014388489209,0.0056594724220623,0.100095923261391,0.062589928057554,0.0271942446043165,0.0002877697841726,0.0105515587529976,0.0,0.0115107913669065,0.0627817745803357,0.0138609112709832,0.0005275779376498,0.0026378896882494,0.0094004796163069,0.0003357314148681,0.0001438848920863
3100461,0.117087605212076,0.188514049483855,5.6853099712215e-05,0.0210166958602822,0.0001299499421993,0.0154017754410853,0.000284265498561,0.0006876517774715,0.0155831639020719,0.156971408305426,0.0052007049784364,0.0014484003974302,0.0008609183670706,0.0270052223633021,0.035904086113495,0.0193869070018653,0.0156914555205713,0.0081949682299464,0.0609167426964072,0.0023174406358883,3.790206647481e-05,0.008966546011755,2.70729046248643e-06,0.004385810549228,0.0665181266632916,0.038998519112117,7.03895520246472e-05,0.0025556821965871,0.0110322086346322,0.0009042350144704,0.161779556166802
3100462,0.103649068322981,0.253826530612245,0.0,0.0180235137533274,0.0002772848269742,0.029170363797693,0.0,0.0,0.0021628216503992,0.105257320319432,0.0152506654835847,0.0023846495119787,0.0101486246672582,0.0217945874001775,0.049633984028394,0.0363243123336291,0.0157497781721384,0.078027950310559,0.0449755989352263,0.0011645962732919,0.0,0.0058229813664596,0.0,0.0065993788819875,0.0547360248447205,0.0242901508429459,0.0010536823425022,0.0010536823425022,0.0054347826086956,0.0001109139307897,0.0936113575865129
3104073,0.133526024980267,0.217288851743511,0.0216139666620235,0.0075683707108696,0.0001509030969958,0.010992710219622,0.0005920044574453,2.32158610762873e-05,0.007521938988717,0.110878952500348,0.0156010586432651,0.0101569392208757,0.0011027534011236,0.0260133723359799,0.0364953336119237,0.018828063332869,0.0026001764405441,0.005095881506245,0.11055393044528,0.001056321678971,0.0051539211589357,0.0125713887728096,1.16079305381437e-05,0.0069879741839624,0.0258972930305985,0.0506918326600734,0.0328620513534847,0.0160421600037145,0.0763337512188327,0.0108418071226262,5.80396526907183e-05
3104074,0.173072486503945,0.15431643058183,0.0012573247819868,0.0004152632307479,6.92105384579892e-05,0.0022724126793706,0.0009920177178978,6.92105384579892e-05,0.0036681585382734,0.10522308863563,0.0146495639736077,0.0119388178840031,0.0014303511281317,0.0288838647164675,0.044998385087436,0.0110736861532783,0.0027568864485765,0.0329903566649749,0.164686476260785,0.0022032021409126,0.0020417108845106,0.0556683430997093,1.15350897429982e-05,0.0106007474738153,0.0467401836386287,0.0635006690352051,0.0210169335117427,0.0014995616665897,0.0168296959350344,0.0031721496793245,0.0003229825128039
3104075,0.135462495247406,0.15562435500516,0.0019662158492205,0.0082124816685677,6.51784259410135e-05,0.0082559339525283,0.0024333279017978,5.43153549508446e-05,0.0059420998316224,0.123860735429906,0.0140024985063277,0.0070827222855901,0.0047580250936939,0.0275596111020586,0.0519797946879583,0.0350985823692358,0.0026614523925913,0.0624300689805008,0.0762587583509858,0.0005431535495084,0.0171962413774374,0.034468524251806,0.0002824398457443,0.0120797349410678,0.0422138938677964,0.0934115474444625,0.0235945901906469,0.0015316930096138,0.005855195263701,0.0029656183803161,0.000901634892184
3100250,0.909187386294724,0.0003357012908256,1.08290738976003e-05,0.0274408732565191,1.08290738976003e-05,0.0,0.0092805163302434,0.0006280862860608,0.0126158710907043,0.0002923849952352,2.16581477952006e-05,1.08290738976003e-05,0.00027072684744,0.0001299488867712,4.33162955904011e-05,0.0,0.0,0.0007472060989344,1.08290738976003e-05,0.0032920384648704,1.08290738976003e-05,0.0,1.08290738976003e-05,2.16581477952006e-05,0.0,0.000108290738976,1.08290738976003e-05,0.0079268820930434,0.0195789656068613,0.0038768084553409,1.08290738976003e-05
3100251,0.561236691868539,0.0081777503471686,0.0008197037494213,0.0008582780435118,0.0022565962042894,0.0003664557938589,0.3607082240395,0.0048700046289152,0.0030087949390526,0.0008968523376022,0.0001542971763616,0.000144653602839,0.0004532479555624,0.0001157228822712,0.0014851103224811,0.0017165560870236,0.000144653602839,0.0005400401172658,0.000462891529085,0.0003085943527233,3.85742940904181e-05,8.67921617034408e-05,0.0001060793087486,0.0001060793087486,0.0001542971763616,0.0001639407498842,0.0010607930874865,0.003828498688474,0.0128066656380188,8.67921617034408e-05,0.000144653602839
3100252,0.356232000780983,0.205288719675892,0.0284052081807976,0.0197442280470542,0.0078372870600868,0.0128923219602675,0.0223495387318788,0.0029225850539366,0.0040574510665299,0.0161870942548933,0.0073461219309806,0.0125994533118563,0.0204733489529946,0.0024253184946551,0.0337256552936008,0.0692298774832821,0.0110649436227852,0.0180236247376385,0.0225630887880119,0.0021782105725582,0.0001616878996436,0.0027303900034168,0.0011745253087323,0.0065102259969736,0.0049330062966759,0.0015924732757358,0.0590893005320447,0.0060739737394445,0.0154244154829892,0.0021965148630839,0.0062631180748767
3100340,0.621967634372419,0.0003059133041695,0.0,0.0120376885190737,4.58869956254398e-05,0.0,0.0839884976597632,0.139649423353422,0.0142861513047202,0.0399216861941326,0.0001376609868763,1.52956652084799e-05,7.64783260423996e-05,0.0006118266083391,0.0011318792254275,0.0001988436477102,0.0155403958518156,3.05913304169598e-05,0.0009636269081342,0.0001988436477102,3.05913304169598e-05,0.0011318792254275,1.52956652084799e-05,0.0002294349781271,0.0003365046345865,9.17739912508795e-05,0.0,0.0004741656214628,0.0014072011991801,0.0001070696564593,0.0
3100341,0.684906596131592,0.0,0.0,0.0548024466854025,0.0,0.0,0.0039675979500743,0.158455943131096,0.0043808894032071,0.0301702760786907,0.0,0.0,0.0,0.0001653165812531,0.0003306331625061,0.0001653165812531,0.0001653165812531,0.0,0.0004132914531327,0.0,0.0,0.0021491155562903,0.0,8.26582906265498e-05,0.0,0.0007439246156389,0.0,0.0064473466688708,0.0261200198379898,0.0003306331625061,0.0
3100342,0.298417234557045,0.0131897120246208,0.0,0.0009892284018465,0.0,0.0,0.0214332820400088,0.05495713343592,0.0005495713343592,0.0153879973620576,0.0001099142668718,0.0001099142668718,0.0,0.0025280281380523,0.0,0.0005495713343592,0.0031875137392833,0.0016487140030776,0.0001099142668718,0.0,0.0026379424049241,0.0,0.0025280281380523,0.0001099142668718,0.0,0.0126401406902616,0.0,0.166190371510222,0.341393712903935,0.0,0.0
3104011,0.299818709209572,0.201232777374909,0.0003263234227701,0.0055837563451776,0.0017041334300217,0.0,0.0179840464104424,0.000833937635968,0.0336838288614938,0.0849891225525743,0.001341551849166,0.0,0.0001087744742567,0.0312907904278463,0.0163524292965917,0.0,0.02070340826686,0.0009789702683103,0.0,0.001849166062364,0.0125090645395214,0.004713560551124,0.0,7.25163161711385e-05,0.0014503263234227,0.024075416968818,0.0012327773749093,0.0200145032632342,0.0420232052211748,0.0056200145032632,0.0
3104012,0.0831118688261545,0.219801434087148,0.0011031439602868,0.217419645991075,0.000626786341072,0.0072456501027929,0.0029584315298601,0.0004763576192147,0.0138143709572281,0.107406107406107,0.0008022865165722,0.0009276437847866,0.0001253572682144,0.0142405856691571,0.0052399338113623,0.0007270721556435,0.0424961139246854,0.0330441759013188,0.001905430476859,0.0004262147119289,0.0190041618613047,0.0046131474702903,0.0,0.0001504287218572,0.0001755001755001,0.0101539387253673,0.0016045730331444,0.0199067341924485,0.0948954520383092,0.0216115930401645,2.50714536428822e-05
3104013,0.247838158797063,0.139311221503002,0.0009199324267817,0.0258501011925669,0.0003177948383427,0.0048421897736966,0.0002425276397879,0.0203890477863081,0.00480873768545,0.173014200411461,0.0039473464130998,0.0008112131399802,0.0039891615234081,0.0210748155953635,0.0205646712496028,0.0267198554869788,0.0019151320521183,0.0133306571662736,0.004014250589593,0.0034455650894007,0.0094753039958519,0.0332931908274374,0.0,0.0048338267516349,0.0008613912723501,0.0044825798250455,0.0144011239901651,0.0039473464130998,0.0148861792697409,0.004783648619265,0.0006857678090554
3104017,0.0496304118268215,0.29765575501584,0.0028722280887011,0.058585005279831,0.0010559662090813,0.0380147835269271,4.22386483632524e-05,0.000675818373812,0.000675818373812,0.139683210137276,0.0104751847940866,0.0001267159450897,0.101372756071806,0.0342555438225977,0.0308764519535375,0.0032523759239704,0.0089545934530095,0.0174868004223865,0.0234846884899683,0.0035480464625132,0.0056177402323125,0.0015628299894403,0.0013938753959873,0.0060823653643083,0.0067581837381203,0.031129883843717,0.0044772967265047,0.0032101372756071,0.0100105596620908,0.0021119324181626,0.0851108764519535
3104019,0.074582046025467,0.0701354199751682,0.0004042387318453,0.0248318078133572,0.000144370975659,0.0126180232726013,0.0,0.0,0.0009817226344815,0.229520977102763,0.0098172263448156,0.00334940663529,0.0622816388993157,0.0086622585395432,0.0989518667167153,0.135795339704906,0.0035226518060809,0.026853001472584,0.0353131406462045,0.0049086131724078,0.0213091560072763,0.0751595299281032,0.00701642941703,0.0099327231253428,0.0069586810267663,0.0038691421476626,0.0023388098056766,0.0010394710247451,0.0069875552218981,0.0026853001472583,0.0039268905379262
3104133,0.0273697558913664,0.183300372880844,0.0005283736658564,1.50963904530427e-05,0.0001056747331712,0.0016002173880225,0.0008906870367295,1.50963904530427e-05,0.0132093416464123,0.0322458900076992,0.002490904424752,0.0138433900454401,0.001781374073459,0.0335290831962078,0.203484246916562,0.0060989417430292,0.013798100874081,0.0096918826708534,0.0310834679428149,0.111849156866593,0.022629489289111,0.0917105720022343,0.0043175676695702,0.0133452091604897,0.0141151250735949,0.0576380187497169,0.003547651756465,0.0016606029498346,0.0115185459156716,0.0131640524750532,0.0
3104134,0.202053881034943,0.0638837023206188,0.0,0.0004667911443051,0.0001333688983728,0.0003334222459322,0.0003334222459322,0.0047345958922379,0.128700986929848,0.115764203787677,0.025806881835156,0.0003334222459322,0.015270738863697,0.0172712723392905,0.0234729261136303,0.0390104027740731,0.0016004267804747,0.0142037876767138,0.0839557215257402,0.0081355028007468,0.0022005868231528,0.0383435582822086,0.0150040010669512,0.0077353961056281,0.0676847159242465,0.0401440384102427,0.0020005334755934,0.0054681248332888,0.0198052814083756,0.0021339023739663,0.0014670578821018
3100201,0.0164734730271957,0.601270619705751,0.0045251894783771,2.22915737851092e-05,0.0002452073116362,0.0172982612572448,0.0001783325902808,2.22915737851092e-05,0.0002452073116362,0.0014266607222469,0.0002452073116362,0.0,0.0,0.0002897904592064,0.0028533214444939,0.0247213553276861,0.0039901917075345,2.22915737851092e-05,0.0007802050824788,0.108270173874276,0.0137984841729826,0.0008470798038341,0.0007356219349086,6.68747213553277e-05,0.0007133303611234,0.0001337494427106,0.148305840392332,0.0113909942041908,0.0173651359786001,0.0017610343290236,0.0
3100295,0.0403547932330827,0.0031132518796992,5.87406015037594e-05,0.0,5.87406015037594e-05,0.0,0.0088110902255639,0.754816729323308,0.0,0.0012922932330827,0.0,0.0,0.0005286654135338,0.000234962406015,0.0001174812030075,0.0,0.0,0.0001762218045112,0.0,0.0,0.0,0.0002937030075187,0.0,0.0001762218045112,0.0,0.0002937030075187,0.0,5.87406015037594e-05,0.0081649436090225,0.0020559210526315,0.0
3100296,0.177898500893962,0.0014440929720808,0.0,0.0,0.0,0.0,0.0043322789162426,0.411979095035071,0.001375326640077,0.134919543391555,0.0025443542841424,0.0006876633200385,0.0033007839361848,0.0057763718883234,0.057213588227204,0.0019254572961078,0.0004125979920231,0.0121028744326778,0.0011002613120616,6.87663320038509e-05,0.0,0.0060514372163388,0.0,0.0010314949800577,0.0010314949800577,0.0140283317287856,0.0,0.0113464447806354,0.0719983496080319,0.0,0.0
3100355,0.0220199487654657,0.0228920259442961,0.0001090096473537,0.0,0.0,0.0,0.206137243146018,0.163350956559656,0.0087207717883032,0.0285605276066932,0.0001635144710306,0.0,0.0139532348612852,0.0012536109445685,0.0083937428462418,0.0115005177958249,0.0012536109445685,0.233171635689759,0.0324848749114297,0.0008175723551534,0.0,0.0008720771788303,0.0,0.0019076688286913,0.0049599389545974,0.0419142094075326,0.0,0.0002725241183844,0.0484002834250831,0.0090478007303646,0.0
3100356,0.158826269212855,0.0656730321378668,0.0,0.0,0.0,0.0023288309268747,0.0349324639031206,0.0006986492780624,0.0020959478341872,0.0342338146250582,0.0139729855612483,0.0011644154634373,0.0582207731718677,0.0011644154634373,0.0745225896599907,0.0041918956683744,0.0067536096879366,0.031672100605496,0.0777829529576153,0.0,0.0016301816488123,0.0051234280391243,0.0,0.0093153237074988,0.0107126222636237,0.0160689333954355,0.0,0.0016301816488123,0.0125756870051234,0.0,0.0
3104005,0.0018372703412073,0.0041994750656168,0.0,0.0,0.0001968503937007,0.0,0.001771653543307,0.0,0.0004593175853018,0.0122047244094488,0.0013123359580052,0.000262467191601,0.592125984251968,0.0020341207349081,0.0468503937007874,0.0,0.0038057742782152,0.0166010498687664,0.112992125984252,0.0003280839895013,0.108070866141732,0.0171916010498688,0.0018372703412073,0.0066272965879265,0.0102362204724409,0.0022309711286089,6.56167979002625e-05,0.0,0.001509186351706,0.0,0.0
3104006,0.0065587026347117,0.227330922486018,4.49226207856966e-05,0.0,0.0,4.49226207856966e-05,8.98452415713933e-05,0.0,4.49226207856966e-05,0.0687316098021159,0.0749084701601491,0.0049639495968194,0.0224613103928483,0.0031670447653916,0.0775364434761124,0.144381303205229,0.0179690483142787,0.0248871319152759,0.0338716560724153,2.24613103928483e-05,0.161766357449294,0.0002021517935356,0.0012802946923923,0.0233373014981694,0.0118146492666382,0.0014824464859279,0.0358482513869859,2.24613103928483e-05,0.0012353720716066,6.7383931178545e-05,0.0
3104007,0.0231576669191646,0.144410778054323,0.0,0.0,0.0,0.0,0.0004328535872741,0.0,0.0001082133968185,0.209663456335894,0.0119034736500379,0.0205064386971107,0.0551888323774483,0.0055729899361541,0.0725029758684125,0.0864083973595931,0.0211557190780219,0.0214262525700682,0.0869494643436858,0.0003787468888648,0.0950113624066659,0.0110377664754897,0.0020019478411427,0.023861053998485,0.0161237961259604,0.0015690942538686,0.0020019478411427,0.0099556325073044,0.0348447137755654,0.0010821339681852,0.0
3104076,0.032743054210098,0.100218287028067,0.0,0.0,0.0,0.0,7.74983531599954e-05,0.0,0.0006199868252799,0.249454282429832,0.0034745095000064,0.0016403818085532,0.0115085054442593,0.011418090698906,0.126038155022539,0.0749150747213288,0.0050373929553997,0.0413066222342775,0.0277831596078583,0.0034228439312331,0.0307151806357448,0.114968806912853,0.0087702302992728,0.0123093217602459,0.0192970899368388,0.0026220276152465,0.0465894266413505,0.0,0.0048436470724997,0.0470673331525038,0.0
3104077,0.0351146270584437,0.400952534711011,8.07232805941233e-05,0.0,0.0,0.0,0.0,0.0005650629641588,0.0008072328059412,0.356151113981272,0.0066193090087181,0.0004036164029706,0.0128350016144656,0.0058120762027768,0.0322893122376493,0.0280109783661608,0.0088795608653535,0.0062964158863416,0.0204229899903132,0.0006457862447529,0.0370519857927026,0.0036325476267355,0.003309654504359,0.0084759444623829,0.0163061026800129,0.0033903777849531,0.0008072328059412,8.07232805941233e-05,0.0029867613819825,0.0004036164029706,0.0001614465611882
3104078,0.0595068527838445,0.215237552622416,3.16525812680024e-05,0.0,0.0,0.0,9.49577438040072e-05,6.33051625360048e-05,0.0018991548760801,0.185927262368246,0.0097173424492767,0.000664704206628,0.0288038489538822,0.0206691355680056,0.13072516063685,0.0732440730541576,0.0017408919697401,0.0382996233342829,0.0203842623365935,0.0016459342259361,0.0191498116671415,0.0120912860443769,0.0150982812648371,0.0200993891051815,0.0579875288829804,0.0119963283005729,0.0013927135757921,0.00015826290634,0.001202798088184,0.0503592567973918,0.0
3104079,0.0220774442111643,0.321551481569663,2.16445531482003e-05,4.32891062964005e-05,0.0,0.0,0.0,0.0001515118720374,0.0005844029350014,0.290275102270514,0.0095236033852081,0.0097616934698383,0.0225752689335729,0.0150429644379992,0.0877037293565074,0.0314711802774832,0.002597346377784,0.019350230514491,0.021190017532088,0.005194692755568,0.0003463128503712,0.004978247224086,0.002272678080561,0.0104759637237289,0.0264712885002489,0.0063202095192744,0.0003679574035194,0.0059089630094586,0.0274236488387697,0.0300642843228502,0.0
3100408,0.410502838605028,0.0004055150040551,0.0,0.0,0.0,0.0,0.0003244120032441,0.0,0.0015409570154095,0.161313868613139,0.0425790754257908,0.0,8.110300081103e-05,0.122952149229521,0.0008110300081103,0.0007299270072992,0.0004055150040551,0.002838605028386,0.0002027575020275,0.0,0.0001216545012165,0.0092051905920519,0.0,0.0009326845093268,0.0420519059205191,0.0530413625304136,0.0,0.0098945660989456,0.0533252230332522,0.0,0.0
3100409,0.301267975877532,0.0141642183392609,3.09262409154167e-05,3.09262409154167e-05,0.0001700943250347,0.0006649141796814,0.0006185248183083,1.54631204577084e-05,0.0032627184165764,0.107499613421989,0.0415648677903201,0.000154631204577,0.0127880006185248,0.0391990103602907,0.0509200556672336,0.0667079016545539,0.0061388588217102,0.003494665223442,0.0021493737436214,0.0005875985773929,0.00074222978197,0.0130508736663059,0.0,0.0089222205040977,0.0998608319158806,0.0464821400958713,0.0004020411319004,0.0070666460491727,0.0460491727230555,0.0090459254677593,1.54631204577084e-05
3104014,0.0928315969522625,0.105038096719017,0.0005053646400248,0.0,0.0719172756958482,0.0123231223759913,0.0001554968123153,7.77484061576738e-05,0.0076970922096097,0.0889830508474576,0.0150443165915099,0.0044316591509874,0.111530088633183,0.0022158295754937,0.0574171979474421,0.1129684341471,0.0029933136370704,0.0429559944021148,0.0591665370859897,0.0164049136992692,0.02239154097341,0.0073472243819001,0.0058311304618255,0.010496034831286,0.0094464313481573,0.0068807339449541,0.049331363707044,0.0092131861296843,0.0228969056134349,0.0130228580314104,0.0010496034831286
3104015,0.0281038413119662,0.127011670239189,0.0006634684086965,1.70120104793985e-05,0.0144602089074887,0.0829165390765881,0.0001190840733557,0.0,0.0060392637201864,0.0324589159946923,0.0036235582321118,0.0317273995440781,0.0774216596917424,0.0191725358102821,0.130601204450342,0.0798203531693376,0.0317784355755163,0.0979211323194175,0.0403524888571331,0.0021094892994454,0.0125718757442755,0.0044741587560817,0.0,0.0162804940287843,0.0186791875063795,0.0140689326664625,0.057721751556599,0.0024837535299921,0.0183389472967915,0.0018202851212956,0.0108196386648974
3100210,0.530785179843144,0.0292977553412062,0.0002253673487785,0.0045524204453258,0.0010817632741368,0.0,0.0302442982060759,0.204408185342108,0.0058595510682412,0.0045524204453258,0.0,0.0,0.0001802938790228,4.50734697557018e-05,4.50734697557018e-05,0.0161813756422969,0.0004056612278013,0.0,0.000450734697557,0.0,0.0002704408185342,0.0,4.50734697557018e-05,0.0,0.0,0.0,0.0,0.0076174163887136,0.0937978905616154,0.0,0.0
3100343,0.906062624916722,0.0008882966910948,0.0,0.0,0.0018506181064475,0.0004441483455474,0.0005921977940632,0.0180620327189281,0.0028129395218002,0.0005181730698053,7.40247242579021e-05,0.0,0.0,0.0002960988970316,0.0001480494485158,0.0002220741727737,0.0,0.0,7.40247242579021e-05,7.40247242579021e-05,0.0,0.0,0.015915315715449,0.0,0.0002220741727737,0.0,0.0002960988970316,7.40247242579021e-05,0.0037012362128951,0.0,0.0005181730698053
3100344,0.332814338108089,0.006746937928171,0.0,0.0005535949069268,0.0021105805826586,0.0,0.109680990934883,0.0572624731852467,0.0089613175558784,0.0074043318801467,0.0023527783544391,0.0005189952252439,0.0,0.0002767974534634,0.0165732475261228,0.0004151961801951,0.0001729984084146,0.0002075980900975,0.0,0.0001037990450487,3.45996816829285e-05,0.0028371738980001,0.127119230503079,0.0,0.0003459968168292,3.45996816829285e-05,3.45996816829285e-05,0.060514843263442,0.223133347173206,6.9199363365857e-05,0.0
3100345,0.623624951468875,0.00850912385143,0.0,3.23540830852854e-05,0.0041736767180018,0.0,0.0412838100168241,0.0348453474828523,0.0124563219878349,0.004432509382684,0.0024912643975669,9.70622492558561e-05,0.0001617704154264,0.0006794357447909,0.01303869548337,0.0003558949139381,0.0005176653293645,0.0002588326646822,3.23540830852854e-05,6.47081661705707e-05,0.0002588326646822,0.0003235408308528,0.15132004658988,0.0004529571631939,6.47081661705707e-05,0.0025559725637375,0.0,0.0093826840947327,0.0378542772097839,3.23540830852854e-05,0.0
3100352,0.0922860296076417,0.279940632492294,0.0090573505346881,0.014385203790387,0.0020550291129124,0.127069300148419,0.135479697073486,0.0046808996460783,0.0010275145564562,0.0283517905392549,0.0052517410663317,0.0015222437873425,7.61121893671271e-05,0.0175058035544392,0.016744681660768,0.006888153137725,0.0017886364501274,0.0033489363321535,0.0622978269969936,0.0,0.0023214217756973,0.0017125242607603,0.0070023214217757,0.0023214217756973,0.0064695360962058,0.050576549834456,0.0001141682840506,0.0079537237888647,0.029303192906344,0.0,0.0
3100353,0.340128522426295,0.103317268030046,0.0011072033346359,0.0056662758890191,0.0036472580435065,0.0973253441014285,0.0290695150015197,0.0059485041900047,0.0002388085623724,0.0889019148104728,0.0004124875168251,0.0001953888237592,0.0,0.0088793365463939,0.0055794364117928,0.0191046849897964,0.0147844209977856,0.0006078763405844,0.102579132473623,2.17098693065868e-05,0.0032347705266814,0.0030828014415353,0.0374278146845556,0.006143893013764,0.0018453388910598,0.0415526898528071,4.34197386131736e-05,0.001259172419782,0.0044505232078502,0.0004776171247449,0.0
3100450,0.031285768790538,0.0214506761626182,0.0001907668828691,0.0005299080079698,0.0353978549323837,0.0163847556064267,0.0012505828988087,0.0002543558438255,0.0170630378566281,0.187820594344822,0.0234855229132223,0.0005723006486074,0.0076942642757217,0.0176989274661919,0.0412904319810081,0.0882826741277714,0.0005934969689261,0.0052990800796981,0.107698503539785,0.0026707363601678,0.0113612276908729,0.0268345415235915,0.0136928229259401,0.0182924244351181,0.029547670524397,0.119504853957353,4.23926406375853e-05,0.0022044173131544,0.0928398829963118,0.0404213828479376,0.0
3100452,0.210484252900781,0.198585129055174,0.0007695950745915,0.023827847501776,0.0215782618991238,0.0818434762017523,0.0002663982950509,0.0004439971584181,0.002515983897703,0.102415344541795,0.0138231115320862,0.0016279895808666,2.95998105612124e-05,0.0282974188965191,0.03344778593417,0.0144743073644329,0.0201278711816244,0.0074887520719867,0.0670731707317073,5.91996211224248e-05,0.0293926118872839,0.0013615912858157,0.0470044991712053,0.0094423395690267,0.0233246507222354,0.0096495382429552,0.0004143973478569,0.0015095903386218,0.0070743547241297,0.0,0.0
3100202,0.808343720214092,0.0054622772930566,0.0003665957914803,0.0006598724246645,0.0,0.0003299362123322,0.114231248625266,0.0015030427450692,0.02104259843097,0.0004399149497763,0.0001466383165921,0.0,0.000109978737444,0.0004032553706283,0.0009164894787007,7.33191582960628e-05,0.0,0.0,0.0106312779529291,0.0001466383165921,0.0,0.000109978737444,0.0007331915829606,3.66595791480314e-05,0.0012830852701811,0.0004765745289244,0.0001466383165921,0.0014297235867732,0.0019062981156976,0.0005498936872204,0.0
3100282,0.622664411885602,0.0015531505783623,5.79327924433569e-05,3.86218616289046e-05,1.65522264123877e-05,7.172631445368e-05,0.080479683521431,8.00024276598738e-05,0.0233607088766832,0.000471738452753,4.68979748350984e-05,6.06914968454215e-05,0.0007889894589904,4.96566792371631e-05,0.0003724250942787,0.0004634623395468,3.586315722684e-05,0.0002675943270002,4.41392704330338e-05,0.0003558728678663,2.48283396185815e-05,0.0001793157861342,1.37935220103231e-05,3.03457484227108e-05,0.0001075894716805,7.172631445368e-05,5.51740880412923e-05,0.0729429030949905,0.179897872763036,6.34502012474861e-05,8.27611320619384e-06
3100283,0.617657837408637,0.0014760673493902,0.0001577865097624,0.0,1.01797748233809e-05,3.05393244701427e-05,0.0018425392430319,9.16179734104282e-05,0.0186697070260806,0.0001272471852922,3.56292118818332e-05,0.0,0.0006107864894028,4.07190992935236e-05,0.0001323370727039,0.0001832359468208,2.03595496467618e-05,8.14381985870473e-05,6.10786489402854e-05,8.14381985870473e-05,3.56292118818332e-05,2.54494370584523e-05,0.0,1.52696622350714e-05,2.03595496467618e-05,3.56292118818332e-05,5.08988741169045e-06,0.0865535354357962,0.253369505466539,0.0003257527943481,0.0
3100284,0.714494943624317,0.0003254678600488,0.0,0.0,9.29908171568058e-05,9.29908171568058e-05,0.0989422294548413,0.0545623619667558,0.023084970359177,0.0002092293386028,0.0,4.64954085784029e-05,0.000813669650122,2.32477042892014e-05,0.0001627339300244,0.0,2.32477042892014e-05,9.29908171568058e-05,0.0003254678600488,0.0001627339300244,0.0,6.97431128676043e-05,9.29908171568058e-05,0.0,2.32477042892014e-05,0.0,6.97431128676043e-05,0.0011391375101708,0.0044403115192374,2.32477042892014e-05,0.0
3100316,0.524567432326521,0.0695876288659794,0.0254265388557304,0.0160065111231687,0.0017634291915355,0.000316512931814,0.0192771447519141,0.0679447760294206,0.0151624766383312,0.0297522155905227,0.0009796828841864,0.0001205763549767,0.0003768011093024,0.0044914692228853,0.007958039428468,0.0017634291915355,0.0020347259902333,0.0108066558147947,0.001235907638512,0.0006631699523723,0.0045819014891179,0.000919394706698,0.0070235726773979,0.0008741785735817,0.0026225357207451,0.0027280400313498,0.0030144088744197,0.0273708325797311,0.109784771206366,0.0005727376861397,6.02881774883945e-05
3100317,0.829406837736998,0.0026650422599558,0.0003654915099368,0.0007766694586157,0.0002741186324526,3.04576258280667e-05,0.0023300083758471,0.110759156323765,0.0298789309373334,0.002299550750019,0.0001827457549684,4.56864387421001e-05,0.0004416355745069,0.0005330084519911,0.0029696185182365,0.0008528135231858,0.0001066016903982,0.0002893474453666,0.0001370593162263,0.0005177796390771,0.0017208558592857,0.0001370593162263,0.0001675169420543,0.0001522881291403,0.0001979745678824,0.0002436610066245,0.000456864387421,0.0006243813294753,0.0024061524404172,4.56864387421001e-05,0.0025432117566435
3100318,0.643342197217766,0.0516229699140716,0.0143287255785333,0.0027690481946245,0.0,0.0010768520756873,0.0438212865085819,0.0383710964112256,0.0598202316330791,0.0070105267784541,0.000527437751357,0.0003296485945981,0.0003516251675713,0.0011647583675801,0.0015823132540711,0.0034283453838208,0.0006592971891963,0.0017141726919104,0.0007691800540623,6.59297189196317e-05,0.0009889457837944,0.0004615080324374,0.0018460321297496,6.59297189196317e-05,0.000527437751357,0.0518207590708305,0.0007911566270355,0.0011427817946069,0.0096477155352394,0.0003736017405445,0.0029009076324637
3100485,0.345590846320773,0.126139277964095,0.0295127244032354,0.0019727756954034,7.89110278161373e-05,0.0,0.004616295127244,0.0068258039060958,0.0212270664825409,0.0110869994081673,7.89110278161373e-05,0.0,0.0,0.000591832708621,0.0089169461432235,0.0468336950088775,0.0001578220556322,0.0,0.0005129216808048,0.0732688893272835,0.0039060958768988,0.0087985796014993,0.0,0.0002367330834484,3.94555139080687e-05,0.0108502663247189,0.0081672913789702,0.0164924048135727,0.021818899191162,0.004024462418623,0.0098244229631091
3100486,0.302942961165049,0.158032463592233,0.0296192354368932,0.0083055218446601,0.003223604368932,0.0001137742718446,0.0009860436893203,0.0003033980582524,0.123710558252427,0.109109526699029,0.0042096480582524,0.0096328883495145,0.0015928398058252,0.0003413228155339,0.0463061286407767,0.0614381067961165,0.0,0.0,0.002882281553398,0.0008722694174757,0.0004930218446601,0.0010618932038835,0.0,0.0151319781553398,0.0111119538834951,0.011377427184466,0.0072057038834951,0.003223604368932,0.0083434466019417,0.0002654733009708,0.0010239684466019
3100487,0.149111704870389,0.205315708057938,0.0427975437116205,0.0019687807621994,0.0003750058594665,0.0001406271972999,0.0016406506351661,0.0,0.0168283879435616,0.0618759668119814,0.0269066704167253,0.0039375615243988,0.0085782590352974,0.0106876669947968,0.125205081329396,0.135752121126893,0.0009375146486663,0.0024375380865326,0.0040313129892654,0.003093798340599,0.0007968874513664,0.0135470866732293,0.0,0.0166877607462617,0.0078282473163643,0.0068907326676979,0.0134533352083626,0.0074532414568977,0.0238597478085595,0.0572352693010828,0.0002812543945999
3104040,0.112775922633245,0.233108547638666,0.0413938158636541,0.0069929311765471,7.58922763346199e-05,2.16835075241771e-05,0.0012034346675918,4.33670150483542e-05,0.0277006808621363,0.137028925799037,0.0676959104904809,0.0014527950041198,0.0493299796175029,0.013834077800425,0.0442126718417971,0.0565505876230539,0.0044993278112667,0.0477254000607138,0.0500455353658008,7.58922763346199e-05,0.0006071382106769,0.0021575089986556,1.08417537620886e-05,0.016772193069951,0.0135413504488486,0.0084023591656186,0.000867340300967,0.0086083524870983,0.0296196712780259,6.50505225725313e-05,0.0116982523092936
3104041,0.0584310278661533,0.419799700417188,0.137770955322547,0.0080590252417088,2.47589101127768e-05,2.47589101127768e-05,0.0001237945505638,1.23794550563884e-05,0.0061649686180814,0.0547790886245187,0.0275814258656334,0.0002104507359586,0.0260092350734721,0.0038995283427623,0.0199556815508981,0.0148553460676661,0.0107206080788324,0.0118471384889637,0.0393790465343716,0.0001237945505638,0.0022406813652063,0.0006189727528194,0.0,0.0064744549944911,0.0056945493259386,0.008096163606878,0.0020302306292477,0.0226791616633036,0.0512757028435608,0.0001980712809022,0.0561408286807215
3104042,0.0324647586501495,0.525843656557027,0.0647515306848925,0.0140253452940339,8.89933077032607e-05,1.77986615406521e-05,0.0001957852769471,0.0,0.0078314110778869,0.0382671223124021,0.0133667948170298,0.0012459063078456,0.0206108500640752,0.0055887797237647,0.0203972661255874,0.0303111206037306,0.0126548483554037,0.0140609426171152,0.0464189092980208,0.0003203759077317,0.0308984764345721,0.0003915705538943,1.77986615406521e-05,0.0100384451089278,0.0063719208315534,0.0059447529545778,0.0076534244624804,0.0080627936779154,0.0326249466040154,0.0005339598462195,3.55973230813043e-05
3104171,0.0944471014854842,0.139925333181049,0.022599918623161,0.0002141495763407,2.14149576340755e-05,1.4276638422717e-05,0.0028410510461206,0.0001356280650158,0.0695843356723226,0.121130138697542,0.0637951587919109,0.0033335950717044,0.0491758810470487,0.0175245736638851,0.0596477953301116,0.0547651849895424,0.0017203349299374,0.0350919772430384,0.116632997594386,0.0005282356216405,0.001813133079685,0.0189450991869454,6.42448729022264e-05,0.0313300830186524,0.024791382621048,0.0209295519277031,5.71065536908679e-05,0.0052752178971939,0.0204726994981762,0.0114213107381736,1.4276638422717e-05
3104172,0.0120154225652674,0.0996824340453852,0.0185114186300537,0.0010850772936725,9.40400321182879e-05,2.17015458734511e-05,0.0005497724954607,4.34030917469021e-05,0.0243997714103835,0.0693219713684271,0.0168693349922959,0.0286822097960778,0.087804454603983,0.0063296175464232,0.084889213608316,0.169156316234926,0.0007884895000687,0.0069589623767533,0.0290511360759265,0.0041522291104536,0.0027850317204262,0.0071253408951164,6.51046376203532e-05,0.0365598709481405,0.0285085974290902,0.0129268874919523,0.0020399453121044,0.0040509552297108,0.0149089620150609,0.107191168917599,2.17015458734511e-05
3104173,0.0176144625663195,0.31160542346237,0.01572804087247,0.0016427588917272,5.50206327372765e-05,0.003183336608371,0.0001021811750835,2.35802711731185e-05,0.0159874238553743,0.138369031243859,0.0291687954411476,0.0213087050501081,0.0306700727058361,0.0113263902534879,0.0720534486146591,0.106873649046964,0.000400864609943,0.0046295932403222,0.0749302416977795,0.0018235409707211,7.8600903910395e-05,0.0105246610336019,7.07408135193555e-05,0.0246178031047357,0.0158538023187267,0.0332874828060523,0.0022479858518373,0.0003379838868146,0.0011790135586559,0.0373354293574376,3.93004519551975e-05
3104174,0.0506762008394217,0.23998134618374,0.0161604228198352,0.001293331260687,0.0001305767138193,0.0005471786102906,0.0003171148764184,2.48717550132131e-05,0.007996269236748,0.133660811441007,0.0185729830561169,0.0824249961137883,0.008325819990673,0.0093331260687082,0.0582247784859319,0.154907508161045,1.86538162599098e-05,0.0029473029690657,0.0554764495569719,0.0024187781750349,0.000329550753925,0.0018529457484843,2.48717550132131e-05,0.0130265816881704,0.0295973884657236,0.0111363283071662,0.0102782527592103,0.0043587750660656,0.0192196486864604,0.0376309653349915,5.59614487797295e-05
3104175,0.0151609237150121,0.214777799908613,0.0384295438834929,0.0008670080022495,7.02979461283406e-05,0.0048329837963234,0.0013356609764384,0.000210893838385,0.0178732528031306,0.135218099377863,0.008470902508465,0.0042998910381835,0.0085763494276575,0.0134151913861583,0.0900985342878232,0.134972056566414,0.0001757448653208,0.0281426111000457,0.126911225410364,0.00413000433504,0.012518892573022,0.0147567105247742,4.68652974188937e-05,0.0315989267846891,0.0136905250084943,0.0357054984710197,0.0002694754601586,0.0013298028142611,0.0063268151515506,0.0155768532296048,1.17163243547234e-05
3104176,0.0345082593143362,0.243872834693139,0.0486033519553073,0.0175515453558941,4.01913106386399e-05,0.0239178489610546,0.0002773200434066,0.0001848800289377,0.0139504039226719,0.0903420280535348,0.0132149029379848,0.0003376070093645,0.0039025762630119,0.0173345122784454,0.0399702584301274,0.0669305896065271,0.006559221896226,0.0573489811502753,0.0880551424781962,0.0006752140187291,0.054905349463446,0.0013102367268196,3.21530485109119e-05,0.0548932920702544,0.0238656002572244,0.0291266428198224,0.0104417025039187,0.0028093726136409,0.0114625617941401,0.0004662192034082,2.4114786383184e-05
3104288,0.140020041905803,0.0377152227384531,0.0107497494761775,0.00045549785916,0.0,0.000273298715496,0.007561264462057,0.0009109957183201,0.0201330053748747,0.142115332057939,0.043818894051198,0.000182199143664,0.0017308918648082,0.0307005557073882,0.0328869454313565,0.0385351188849412,0.0066502687437369,0.0322492484285324,0.224378245422247,0.0012753940056481,0.0061947708845768,0.0237769882481552,0.000364398287328,0.0371686253074611,0.0130272387719778,0.007743463605721,0.0009109957183201,0.0375330235947891,0.0427256991892138,0.0192220096565546,0.0
3104289,0.0006899406651028,0.703877466537878,0.0972126397129847,0.0048295846557196,0.0,0.0024147923278598,0.0,0.0,0.0004139643990616,0.0458810542293363,0.0024147923278598,0.0015178694632261,0.0023457982613495,0.0073823651165999,0.0309783358631158,0.0133848489029943,0.0019318338622878,0.0026907685939009,0.0463640126949082,0.0,0.0,0.0004139643990616,0.0,0.0092452049123775,0.0140057955015869,0.003449703325514,0.0001379881330205,0.0005519525320822,0.0015868635297364,0.0002069821995308,6.89940665102801e-05
3104290,0.0388495014121851,0.0925701769554441,0.0809268545737507,0.0014986454550694,0.000806962937345,0.0033431321690011,0.0009798835667761,0.0,0.0061098622398985,0.070205775549023,0.0206928353219206,0.0007493227275347,0.0014986454550694,0.0249582108478875,0.0133725286760044,0.0023632486022249,0.0084154706323131,0.0876131189117528,0.284800276673007,0.0003458412588621,0.158625857398121,0.0032278517493803,0.0006916825177243,0.0100293965070033,0.0245547293792149,0.0236901262320595,0.0017292062943109,0.0064557034987607,0.0085307510519338,0.0010375237765865,5.76402098103637e-05
3104291,0.000988488230812,0.167384007084166,0.02703927181367,0.0039127659136308,2.05935048085834e-05,0.0272658003665644,0.0034391153030334,0.0,0.0132004365823019,0.163553615189769,0.0365122840256183,0.0005354311250231,0.0061986449473835,0.0306843221647892,0.0203257892460718,0.024815173294343,0.0045511645626969,0.116394489178113,0.133034041063449,0.0,0.0710887785992298,0.0127679729813217,0.0,0.013344591115962,0.0226940422990589,0.0604625301180008,0.0010296752404291,0.0009267077163862,0.0036244568463106,0.0003706830865545,0.0
3104292,0.0037741123846799,0.292773273693039,0.0499720436119653,0.0055213866368465,0.0,0.0285155157953592,0.0004892367906066,0.0,0.0013978194017333,0.128389712049203,0.0090159351411797,0.0002795638803466,0.0280262790047526,0.0109029913335197,0.0691920603857982,0.10623427453173,0.0004892367906066,0.0291445345261392,0.103508526698351,0.0001397819401733,0.0208275090858261,0.0213167458764328,6.98909700866648e-05,0.0246715124405927,0.0199888174447861,0.0081073525300531,0.0030053117137265,0.0006290187307799,0.0034246575342465,0.0037042214145932,0.0
3100193,0.306399181019774,0.0005028825948741,1.79600926740782e-05,0.0,0.0001257206487185,1.79600926740782e-05,0.106952351874136,0.29585660662009,0.0022809317696079,0.0198997826828786,3.59201853481564e-05,1.79600926740782e-05,0.0,0.0001975610194148,0.000233481204763,7.18403706963128e-05,3.59201853481564e-05,0.0,3.59201853481564e-05,0.0089441261516909,1.79600926740782e-05,1.79600926740782e-05,1.79600926740782e-05,0.0004849225022001,0.0003771619461556,0.0303705167118662,5.38802780222346e-05,0.0604357118482731,0.152624867544317,0.0013470069505558,3.59201853481564e-05
3100313,0.117956464273191,0.0271626250910366,0.0009440832951204,0.0,0.0,0.0004855285517762,0.0229007633587786,0.273028888948831,0.0016723761227847,0.296037547541337,0.0019960618239689,0.0041539664985299,0.0027783022684972,0.0048283117093302,0.0081730639548997,0.0144849351279907,0.113101178755428,0.0048283117093302,0.0063927925983869,0.00013486904216,0.0003776333180481,0.0008631618698244,0.0008361880613923,0.0035065950961616,0.0404337388395868,0.0015644808890567,0.0018881665902408,0.0049901545599223,0.0242224799719472,0.0003236857011841,0.00013486904216
3100314,0.0617097375447081,0.0750340033247695,0.0020150118381945,7.55629439322956e-05,5.03752959548637e-05,0.0017883230063976,0.0009571306231424,0.320739509344617,0.003677396604705,0.217545715581079,0.002392826557856,0.0062969119943579,0.00274545362954,0.0058435343307641,0.0155659664500529,0.0201249307339681,0.0057679713868319,0.0138280187396101,0.0060450355145836,0.0002770641277517,0.0018386983023525,0.0018638859503299,0.001108256511007,0.0029973301093143,0.0159437811697144,0.0134250163719712,0.0028713918694272,0.0277819757191074,0.126190116366934,0.0014105082867361,0.0039292730844793
3100315,0.0388037713612257,0.015252406207032,0.0076998625024553,0.0018856806128462,0.0,0.0001080337851109,0.024680809271263,0.215772932626203,0.0005499901787468,0.327411117658613,0.0010410528383421,0.0018463956000785,0.0002160675702219,0.0199469652327637,0.0016696130426242,0.0007071302298173,0.148448241995679,0.0005499901787468,0.0236593989393047,0.00020624631703,0.0010115890787664,0.0002946375957572,0.0001669613042624,0.0072284423492437,0.0033785110980161,0.0566980946768808,0.0003535651149086,0.0142801021410332,0.0277745040267138,7.85700255352583e-05,0.0003928501276762
3104126,0.257555847568988,0.0015487140979913,0.0,0.0,0.0002581190163318,0.0,0.0010794067955697,0.0619485639196546,0.0095034728740379,0.289844189975596,0.0351980476816219,0.0087525811901633,0.0006570302233902,0.0194293223202553,0.0458513234465928,0.0,0.0053970339778487,0.0006100994931481,4.69307302421626e-05,0.0035432701332832,2.34653651210813e-05,9.38614604843251e-05,2.34653651210813e-05,0.0040125774357049,0.108832363431575,0.0652571804017271,0.0,0.0018302984794443,0.0027923784494086,0.0003285151116951,0.0
3104127,0.260278407251538,0.0,0.0,4.04661702816445e-05,0.000566526383943,0.0,0.0160246034315312,0.0324943347361606,0.0381191324053092,0.125809323405633,0.0241583036581418,0.00910488831337,0.0014567821301392,0.0419634185820654,0.216372612495953,0.0,0.0156199417287148,0.0006069925542246,0.0,0.0021851731952088,0.0006069925542246,0.0019423761735189,0.0,0.007162512139851,0.0802848818387828,0.0628844286176756,0.0,0.0167125283263192,0.0132729038523794,0.0006879248947879,0.0
3104128,0.448583096151466,0.0,0.0,0.0,6.18735305036505e-05,0.0,0.0056923648063358,0.0084148001484964,0.0978220517262715,0.157530008662294,0.0265437445860661,0.0006806088355401,0.0054448706843212,0.0144784061378542,0.0635441158272491,0.0,0.0038361588912263,0.0006187353050365,6.18735305036505e-05,0.0003093676525182,0.0,0.0056304912758322,0.0,0.0114466031431753,0.132223734686301,0.0029080559336715,0.0,0.0001856205915109,0.0002474941220146,0.0001856205915109,0.0
3104183,0.0537671782257633,0.387608505784004,0.0134930395879008,8.91217938434665e-06,0.000285189740299,8.91217938434665e-06,0.0006595012744416,1.78243587686933e-05,0.0030568775288309,0.229818369784147,0.0114075896119637,0.0152754754647702,0.008742847976044,0.0060513698019713,0.135679018947293,0.0022280448460866,0.0158815036629057,0.0134663030497478,0.019179010035114,0.0034668377805108,0.0008733935796659,0.0103916011621482,5.34730763060799e-05,0.0066306614619539,0.0199008965652461,0.0060246332638183,0.0221022048731797,0.0005525551218294,0.0018982942088658,0.0048304012263158,1.78243587686933e-05
3104184,0.071517661348833,0.451727820394721,0.0188719236318874,8.15201884746758e-06,0.0010108503370859,0.0,0.0005380332439328,8.15201884746758e-06,0.006660199398381,0.16842070938868,0.0076465936789245,0.0161980614499181,0.0079726744328232,0.0013206270532897,0.089492862907499,0.0058042374193969,0.0104834962378433,0.0096438382965541,0.013442679079474,0.0052254440812267,0.0066928074737708,0.0037091685755977,8.15201884746758e-05,0.0044999144038021,0.0012717149402049,0.0025515818992573,0.0726426399497836,0.0001630403769493,0.0005869453570176,0.0056901091555323,0.0084536435448238
3104185,0.0834231760806241,0.293173067264874,0.0089998995546924,6.69635383533666e-06,0.0001138380152007,3.34817691766833e-05,0.0005892791375096,3.34817691766833e-05,0.0035155857635517,0.19840626778719,0.0157297351592058,0.01879666521579,0.0172966819566746,0.0025914889342752,0.222178323902635,0.0042856664546154,0.0056584189908594,0.0003616031071081,0.0738808718652694,0.0024039910268858,0.0001874979073894,0.0023504201962031,1.33927076706733e-05,0.0117186192118392,0.003361569625339,0.0053369940067633,0.0166806174038236,0.0003415140456021,0.0011316837981719,0.0017611410586935,4.017812301202e-05
3100211,0.955305187569642,0.0013618917915067,0.0004952333787297,0.0,0.0,0.0,0.0081713507490404,0.0043332920638851,0.0090380091618175,0.0001238083446824,0.0,0.0,0.0001238083446824,0.0001238083446824,0.0,0.0,0.0,0.0,0.0023523585489662,0.0003714250340472,0.0,0.0,0.0001238083446824,0.0001238083446824,0.0006190417234121,0.0007428500680945,0.0,0.0009904667574594,0.001733316825554,0.0001238083446824,0.0
3100212,0.581113915319863,0.0003605411252018,0.0,7.83785054786575e-05,4.70271032871945e-05,3.1351402191463e-05,0.0121016412459047,0.0861693289232361,0.0094681234618218,0.0004545953317762,3.1351402191463e-05,3.1351402191463e-05,3.1351402191463e-05,0.0001254056087658,0.000172432712053,3.1351402191463e-05,1.56757010957315e-05,7.83785054786575e-05,9.4054206574389e-05,0.185035975734015,0.0003605411252018,0.0003605411252018,1.56757010957315e-05,3.1351402191463e-05,9.4054206574389e-05,4.70271032871945e-05,3.1351402191463e-05,0.0282789647766996,0.0799147241860392,1.56757010957315e-05,4.70271032871945e-05
3100213,0.458831399237996,0.0003199255446005,0.0,5.81682808364599e-05,8.72524212546898e-05,5.81682808364599e-05,0.0009597766338015,0.0,0.0028211616205683,0.0001163365616729,0.0,0.0,0.0,2.90841404182299e-05,0.0016577960038391,2.90841404182299e-05,0.0,2.90841404182299e-05,0.000261757263764,0.0657592414856179,0.0001163365616729,0.0239362475642032,2.90841404182299e-05,0.0,0.0001454207020911,0.0,2.90841404182299e-05,0.0234418171770933,0.0830352208940465,0.0122444231160748,8.72524212546898e-05
3100404,0.528020732102365,0.0005830903790087,0.0,0.0001943634596695,0.0,0.0,0.0775510204081633,0.101846452866861,0.0295432458697765,0.0655004859086492,0.0001943634596695,0.0015549076773566,6.47878198898607e-05,0.0020732102364755,0.0003239390994493,0.0001943634596695,0.000907029478458,0.001360544217687,0.0007774538386783,0.0005183025591188,0.0002591512795594,0.0001295756397797,0.0,6.47878198898607e-05,0.0001295756397797,0.0600583090379009,0.0,0.0006478781988986,0.0014253320375769,0.0025267249757045,0.0
3100405,0.639387100605773,0.0002672526428316,2.969473809241e-05,0.0,0.0,8.90842142772301e-05,0.0653581185413945,0.0559448865661005,0.000148473690462,0.0002078631666468,5.938947618482e-05,2.969473809241e-05,2.969473809241e-05,0.0001187789523696,0.0002375579047392,0.0,8.90842142772301e-05,0.0,0.0,0.0001781684285544,2.969473809241e-05,0.0001781684285544,0.0,8.90842142772301e-05,2.969473809241e-05,0.0,2.969473809241e-05,0.0191234113315121,0.0776220453735598,5.938947618482e-05,0.0
3104068,0.147641123534224,5.45404963185165e-05,0.0,0.0,0.0010726297609308,0.0,7.2720661758022e-05,0.0,0.0075993091537133,0.135514953186074,0.0004181438051086,0.0287246613944187,0.0012180710844468,0.0251431688028361,0.0337787473866012,0.0007453867830197,0.028161076265794,0.0334696845741296,0.0045814016907553,0.0884465048631943,0.0270339060085447,0.0022725206799381,0.0253613307881102,0.0101263521498046,0.0225797654758658,0.0145804926824834,0.302063448777384,0.0145804926824834,0.0080356331242614,0.0089810017271157,0.0
3104069,0.283033399706954,0.0001127099222301,0.0,1.87849870383589e-05,0.0002817748055753,0.0001127099222301,0.0003381297666904,0.0,0.0022166284705263,0.160517714242777,0.0018597137167975,0.0566555209076906,0.0008265394296877,0.0783521809369952,0.0326858774467446,0.0014088740278769,0.0022917684186797,0.0194612465717399,0.0485216215200812,0.0678701581695909,0.0005823345981891,0.019047976856896,0.0773941465980389,0.0064432505541571,0.0393357628583236,0.0169252733215614,0.0144644400195364,0.002254198444603,0.001521583950107,0.0252658075665928,9.39249351917947e-05
3104070,0.130561609388097,0.0002011735121542,0.0,0.0,0.0004358759430008,0.0,6.70578373847443e-05,3.35289186923722e-05,0.0008382229673093,0.140016764459346,0.000368818105616,0.0302430846605197,0.0043587594300083,0.0170997485331098,0.0884157585917854,0.0037217099748533,0.0130427493713328,0.0763788767812238,0.0459010896898575,0.0444928751047779,0.0042917015926236,0.020989103101425,0.0046269907795473,0.0156244761106454,0.0269572506286672,0.0039899413243922,0.275171835708298,0.0047611064543168,0.0031517183570829,0.0126068734283319,0.0
3104071,0.176896599749309,0.0001392729949662,9.94807106901972e-06,0.0450946061558664,0.0449652812319691,9.94807106901972e-06,0.0001790652792423,9.94807106901972e-06,0.0045064761942659,0.156493105986749,0.000527247766658,0.0631503551461372,0.0078987684288016,0.0244324625455124,0.0445574103181393,0.107658025108931,0.0197668172141422,0.0194683750820716,0.0193589463003124,0.0450349177294523,0.0014623664471459,0.0084459123375977,0.0209804818845626,0.0067547402558643,0.0255864387895187,0.0062672847734824,0.099421022263783,0.0024074331987027,0.0039493842144008,0.0198762459959014,0.0
3104072,0.0217918706107682,8.51244945733135e-05,0.0,0.230325601191743,0.0882953819961694,0.0,0.0003404979782932,0.0001489678655032,0.0018301766333262,0.0783358161310917,0.0001489678655032,0.045754415833156,0.0052564375399021,0.0076399233879548,0.038369865928921,0.166907852734624,0.0162587784635029,0.0554798893381571,0.026963183656097,0.0266865290487338,0.0062779314747818,0.007001489678655,0.0019153011278995,0.0110236220472441,0.0084698872100446,0.0096190678867844,0.115301127899553,0.0015109597786763,0.0008299638220898,0.0065333049585018,0.0
3104083,0.0142374203614614,0.0,0.0,0.570081913925367,0.0178780392666753,0.0,0.0,0.0002600442075152,0.000325055259394,0.0416720842543232,0.0001300221037576,0.021583669223768,0.0059160057209725,0.0026654531270316,0.0466129241971135,0.132817578988428,0.0056559615134572,0.0440124821219607,0.026264464959043,0.0033155636458197,0.0017552984007281,0.0019503315563645,0.0004550773631517,0.0087114809517618,0.0070862046547913,0.0007801326225458,0.0291899622935899,0.0,0.0001300221037576,0.0011051878819399,0.0
3104264,0.0233220951652706,0.0001390288832504,0.0,0.163497966702582,0.0497028257620521,0.0,0.0,0.0,0.0004170866497514,0.0693058983003719,0.0001737861040631,0.0310034409648604,0.0134162872336728,0.0032671787563866,0.0975635188210351,0.132842097945848,0.0164401654443711,0.104097876333808,0.0841819888081749,0.0080984324493413,0.0212019046957005,0.0096277501650968,0.0014598032741302,0.0229050085155191,0.0218622918911404,0.0011817455076292,0.0682979388968058,0.0033714504188245,0.0045879531472663,0.0041361092767022,0.0
3104265,0.002080378250591,0.152056737588652,0.0022695035460992,0.164255319148936,0.0005673758865248,0.0,0.0,0.0,0.0,0.0778250591016549,0.0001891252955082,0.03725768321513,0.0155082742316785,0.0008510638297872,0.0834988179669031,0.195555555555556,0.0217494089834515,0.020709219858156,0.0459574468085106,0.0002836879432624,0.0,0.0022695035460992,0.0001891252955082,0.0265721040189125,0.0272340425531915,0.0,0.107612293144208,0.0,0.0001891252955082,0.0005673758865248,0.0
3104266,0.0080228317742191,0.275439987315681,0.0409069288092596,0.0368479467258602,0.0002219755826859,0.012335500237831,0.0,0.0,0.0004439511653718,0.0434120818138576,0.0071032186459489,0.034850166481687,0.03786269224671,0.0107499603615031,0.0664341208181386,0.174028856825749,0.0282226097986364,0.0224829554463295,0.0198826700491517,0.0015221182812747,0.0019977802441731,0.0028539717773902,0.0,0.0056762327572538,0.0124623434279372,0.0043760900586649,0.0930394799429206,0.0001902647851593,0.0008244807356905,0.0058347867448866,0.0151577612176946
3104267,0.0080065595909902,0.309024260840206,0.0428302705831283,0.0286982105821637,0.0009646457338542,0.0166883711956784,0.0,9.64645733854242e-05,4.82322866927121e-05,0.0342449235518256,0.0123474653933343,0.0251772536535957,0.0501133458737279,0.0061255004099744,0.0780880721555009,0.121497130178942,0.0170742294892201,0.0377658804803936,0.0402739593884146,0.0001929291467708,0.0,0.0022186851878647,0.0013022717407032,0.0125403945401051,0.0163507451888294,0.0003858582935416,0.100612550040997,0.0,4.82322866927121e-05,0.0023633820479428,0.0172671586359909
3104268,0.0035443165250615,0.338117741692223,0.0127695942888744,0.0207882962143683,2.51369966316425e-05,0.0194560353928913,5.02739932632849e-05,0.0,0.0005027399326328,0.0658337941782716,0.0223216530088985,0.0238550098034287,0.070936604494495,0.0029158916092705,0.0462017998089588,0.0766929767231411,0.0147051430295108,0.0447689910009552,0.044291388064954,0.0002513699663164,0.0004021919461062,0.0015584937911618,0.0002010959730531,0.0147805540194058,0.0148559650093007,0.0009300688753707,0.0934844904730783,0.0,0.0001005479865265,0.0046000703835905,0.0460258408325373
3100495,0.0461736827432395,0.187796208530806,0.0002090883746863,0.0013939224979091,0.181035684415946,0.0025439085586841,6.96961248954558e-05,0.0,0.0017772511848341,0.0879565096180652,0.006272651240591,0.0,0.0,0.0624825759687761,0.0300390298299415,0.0004530248118204,0.0178770560356844,0.0005924170616113,0.0075271814887092,0.0003136325620295,0.0,0.0003484806244772,0.0,0.0009060496236409,0.0102801784220797,0.0629704488430443,0.0014287705603568,0.0030666294954,0.0041120713688318,0.000243936437134,0.252160579871759
3100496,0.252480056518795,0.105884430838068,0.0003826793441464,0.0076535868829295,0.0031497453710517,0.007270907538783,5.88737452533043e-05,0.0,0.0031791822436784,0.0600217832857437,0.0035324247151982,0.0001766212357599,0.0,0.0511024108798681,0.0782432074416414,0.0032380559889317,0.0535456713078803,0.0102734685467016,0.0620823643696094,0.0055930057990639,0.0006770480704129,0.002031144211239,0.083188602042919,0.0052986370727973,0.0144829413323129,0.0336169085396367,0.0028848135174119,0.0027965028995319,0.0190456565894439,8.83106178799564e-05,0.0632009655294222
3100497,0.185280865124662,0.0442475217783118,0.0012165815560228,0.0055271853409432,0.0511114448783418,0.0026584559927906,0.0008861519975968,9.01171522979874e-05,0.0087413637729047,0.132937819164914,0.0137729047762091,0.0001051366776809,0.0002102733553619,0.100195253829979,0.0706668669270051,0.0014118353860018,0.0202463202162812,0.0103484529888856,0.103199158906579,0.0304896365274857,0.0003454490838089,0.0278612195854611,9.01171522979874e-05,0.0105437068188645,0.0237759086812857,0.0627665965755482,0.0013066987083208,0.0050765995794532,0.0092820666866927,0.0008861519975968,6.00781015319916e-05
3104192,0.0656496298065441,0.327621208502508,0.0061798423692381,0.0150465727251015,0.265255552901839,0.005821590637688,0.0002686887986625,5.9708621925006e-05,0.0004776689754,0.0812335801289706,0.0049259613088129,0.0002388344877,8.9562932887509e-05,0.0137628373537139,0.0247193694769525,0.0083293527585383,0.0323023644614282,0.0072247432529257,0.0140016718414139,0.0010150465727251,0.0005672319082875,0.005463338906138,0.0367208024838787,0.0059111535705755,0.0082397898256508,0.0164497253403391,0.0115237640315262,0.0007165034631,0.0017315500358251,0.000656794841175,0.000417960353475
3104193,0.454285254864126,0.0898858337353272,0.0032481106287184,0.0020260492040521,0.0441228493326901,0.0010934233799646,0.0001929570670525,0.0,0.0025084418716835,0.0518089725036179,0.0148576941630487,9.64785335262904e-05,0.0004180736452805,0.0273034249879402,0.0327383823765879,0.0046309696092619,0.0413892908827786,0.0025406013828589,0.0163691911882939,0.0003215951117543,0.0001286380447017,0.0022833252934555,0.0097443318861553,0.004341534008683,0.0146968966071716,0.0178163691911883,0.0024119633381572,3.21595111754301e-05,0.0020582087152275,3.21595111754301e-05,0.131982633863965
3104194,0.138227609232109,0.0546160545797648,0.0026854405574103,0.0018870663376397,0.0242052547539556,0.001560458702279,0.0004717665844099,0.0,0.0096530701117723,0.159711133691392,0.0294672666569894,0.0002903178980984,0.0020685150239512,0.0932646247641167,0.0456161997387139,0.0053708811148207,0.0134272027870518,0.011286108288576,0.0471403687037306,0.0011612715923936,0.0006532152707214,0.0284874437509072,0.163811874002032,0.0166569894033967,0.013209464363478,0.0651763681230948,0.0009798229060821,0.0021410944984758,0.0114675569748875,0.0004717665844099,0.0068950500798374
3100492,0.0620689655172414,0.0002492729538845,0.0,0.0,0.0008309098462816,0.0,0.0,0.0,0.0006647278770253,0.11882010801828,0.003489821354383,0.0159534690486082,0.10519318653926,0.0120481927710843,0.0879102617366016,0.0368093061902784,0.0178645616950561,0.0286663896967179,0.206647278770253,0.0437889488990445,8.30909846281678e-05,0.0058163689239717,0.0,0.0201911092646448,0.0264229331117574,0.0004154549231408,0.116327378479435,0.0022434565849605,0.0058163689239717,0.0058163689239717,0.0523473203157457
3100493,0.0728370429870702,0.0,0.0,0.0,2.59114347161402e-05,0.0,2.59114347161402e-05,7.77343041484207e-05,0.0006477858679035,0.0595703884124064,0.0003627600860259,0.0038089809032726,0.0992667063975332,0.0100277252351463,0.0520560723447257,0.0293058326639546,0.0347213225196279,0.0380898090327261,0.202653330914933,0.0333998393491048,0.0002072914777291,0.0069960873733578,0.0247972430233462,0.0071256445469385,0.0254450288912497,0.0012696603010908,0.0651931697458088,0.0017878889954136,0.0073847588940999,0.0008550773456326,0.191278211074547
3100494,0.0168469017745403,0.0003850720405609,0.0,0.0,0.0005455187241279,0.0,0.0001283573468536,0.0002888040304206,0.0015723774989571,0.152520617398838,0.0008343227545486,0.0051342938741456,0.11160671308924,0.0213714982511311,0.11122164104868,0.0105894811154253,0.029650547123191,0.137214003786542,0.0593652729198087,0.0313833713057151,0.0017970028559509,0.0219491063119725,0.0338221608959343,0.0117767865738215,0.0340467862529282,0.0126111093283702,0.0089529249430414,0.0020858068863716,0.0093700863203157,0.0023104322433655,0.121682764817251
3104189,0.113350742614656,0.0003264240248082,4.89636037212339e-05,0.0,0.0001468908111637,3.26424024808226e-05,0.0001142484086828,1.63212012404113e-05,0.0007018116533376,0.58571894891464,0.0030031010282356,0.0031989554431206,0.0077036069854741,0.0051738207932103,0.0465154235351722,0.0079973886078015,0.0036396278766117,0.0744246776562755,0.0982862738697568,0.0025134649910233,0.0005222784396931,0.0073771829606659,0.0001468908111637,0.0106577444099886,0.0087808062673412,0.0018442957401664,0.0071813285457809,3.26424024808226e-05,0.0001468908111637,0.0005059572384527,0.0001958544148849
3104190,0.587199478255714,0.0004002015830195,0.0,0.0,5.92891234103104e-05,2.96445617051552e-05,0.0004150238638721,2.96445617051552e-05,0.002771766519432,0.16337117955711,0.0111759997628435,0.0001334005276731,0.0013932944001422,0.0155041057717962,0.0335576438502357,0.0002668010553463,0.0016304508937835,0.0706429905433848,0.0038686153025227,0.0001482228085257,4.44668425577328e-05,0.0121098034565559,5.92891234103104e-05,0.0074852518305516,0.017475469125189,0.0089230130732517,8.89336851154656e-05,8.89336851154656e-05,0.0001185782468206,0.0001482228085257,0.0009041591320072
3104191,0.325198605475224,0.0002286106189632,0.0,0.0,0.0002000342915928,0.0,0.0014859690232611,2.85763273704064e-05,0.007315539806824,0.115562667885923,0.0364062410698977,0.0005429502200377,0.0014573926958907,0.0146310796136481,0.0305480939589644,0.0002000342915928,0.0033148539749671,0.197176658855804,0.0051151625993027,0.0,0.0003714922558152,0.0086872035206035,0.142567297250957,0.0054295022003772,0.0183460021718009,0.0162599302737612,0.000285763273704,8.57289821112191e-05,0.0002000342915928,0.0,0.014345316339944
3104241,0.111724571812867,0.0031239491924374,6.50822748424467e-05,1.08470458070744e-05,0.0011172457181286,0.0,0.0001627056871061,0.0004989641071254,0.0023538089401351,0.249384430150449,0.0121161501665022,0.0154787343666952,0.0156414400538013,0.0343200529335835,0.0574893427774945,0.0379104250957252,0.0154787343666952,0.0835222527144732,0.0209239513618466,0.0015402805046045,0.0184399778720266,0.0070939679578266,0.0297968348320335,0.0129513726936469,0.0448959225954811,0.0764282847566465,0.0158258398325216,0.0031781844214728,0.0128103610981549,0.0052608172164311,0.0116388801509909
3104242,0.0784667949573891,0.154263048344657,0.0003927267014884,0.0,0.0,1.96363350744217e-05,0.0001570906805953,0.0001767270156697,0.0006479990574559,0.235734202568433,0.0323214075324981,0.0456937517181793,0.0057141735066567,0.030593410045949,0.0924675018654518,0.0361308565369359,0.006754899265601,0.0154734320386443,0.0097199858618387,0.0005105447119349,0.0158268860699839,0.0055963554962101,0.0126457997879276,0.0123316184267368,0.0594784589404234,0.0380159447040804,0.0065978085850056,0.0003141813611907,0.0030829046066842,0.0020421788477398,0.0633075442799356
3104243,0.0638102019903781,0.325407714886152,0.0009031384059607,0.0,6.9472185073901e-05,0.0,0.0001042082776108,0.0001215763238793,0.0019452211820692,0.158518158292374,0.0226305642878233,0.0243326328221338,0.0052104138805425,0.0215884815117147,0.0548309220695764,0.0457300658248954,0.0124355211282283,0.0436285322264099,0.0113239661670459,0.0024836306163919,0.0190701148027858,0.0096218976327352,0.0018931170432638,0.0083887663476735,0.0390086319189954,0.0409538531010647,0.0098476822342254,0.0004863052955173,0.0019104850895322,0.0010941869149139,0.0015110200253573
3100244,0.796583850931677,0.0060430430826443,0.0008703564505281,9.89041421054714e-06,0.0,0.0002967124263164,0.0634173359180282,7.91233136843771e-05,0.0355659295011275,0.002007754084741,0.000108794556316,7.91233136843771e-05,0.0002769315978953,0.0003659453257902,0.0014538908889504,0.0003659453257902,0.0010879455631601,9.89041421054714e-05,0.0016022471021086,9.89041421054714e-05,0.0018692882857934,7.91233136843771e-05,0.0,0.0002076986984214,0.0001483562131582,6.923289947383e-05,5.93424852632828e-05,0.0020670965700043,0.0057661114847489,9.89041421054714e-06,0.0
3100245,0.60493610363902,0.115468426976158,0.0005108516055906,0.0002634078591326,0.0,0.0038074408729176,0.112339460891915,0.0007822415210606,0.0076468099711847,0.022661057941747,0.0031529122532546,0.0028336299997605,0.0073993662247268,0.0054038521403884,0.0084290514922454,0.0044140771545565,0.0044779336052553,0.0103287809005356,0.0102888706188488,0.0003192822534941,0.0063058245065093,0.0008780261971088,1.59641126747073e-05,0.0012771290139765,0.0009738108731571,0.0010456493801933,0.0056193676614969,0.0008460979717594,0.0026021503659772,6.3856450698829e-05,4.78923380241218e-05
3100246,0.569894233602934,0.0886816857133501,0.000622155276859,0.0001064212973574,3.27450145715315e-05,0.0002292151020007,0.143816103998166,0.0088493401879563,0.0059186613838043,0.0154229018631913,0.00048298896493,0.0029224925505091,0.0021366122007924,0.0033072464717246,0.0212269556959953,0.0059677789056616,0.0011215167490749,0.0026277874193654,0.0048380759029437,0.0001473525655718,0.0004420576967156,0.0005239202331445,8.18625364288287e-06,0.0011624480172893,0.0006630865450735,0.0307311961753823,0.0078669897508104,0.0003929401748583,0.0091767903336717,0.0003601951602868,0.0040358230459412
3100310,0.3686805140158,0.0036406014727419,5.15665930983272e-05,7.21932303376581e-05,1.03133186196654e-05,1.03133186196654e-05,0.205183473938244,0.0008560054454322,0.0085600544543223,0.0048266331140034,2.06266372393309e-05,0.0,2.06266372393309e-05,0.0015882510674284,0.0001134465048163,1.03133186196654e-05,0.0017223242094841,0.0005362925682226,1.03133186196654e-05,5.15665930983272e-05,2.06266372393309e-05,0.0001753264165343,0.0,1.03133186196654e-05,0.0052494791774097,0.131494812400734,0.0002475196468719,0.002062663723933,0.0126441286277098,2.06266372393309e-05,0.138250036096615
3100311,0.620431742170873,0.0059592581331711,0.0003040437823046,0.0023715415019762,0.0,0.0,0.274794770446944,0.0,0.00261477652782,0.0001824262693827,0.0,0.0,0.0001824262693827,0.0003648525387655,0.0002432350258437,0.0,0.002553967771359,0.0,0.0,0.0001216175129218,6.08087564609304e-05,0.0016418364244451,0.0,0.0,6.08087564609304e-05,0.0116752812404986,0.0004256612952265,0.0002432350258437,0.0011553663727576,0.001702645180906,0.0365460626330192
3100312,0.302381649417073,0.0148702405758666,0.0005682894487592,0.0004735745406326,0.0,0.0,0.214150407274105,6.02731233532522e-05,0.0010246430970052,0.0010590848817785,2.58313385799652e-05,8.61044619332174e-06,0.0,0.0001635984776731,0.0003960805248928,0.0,0.0073102688181301,3.4441784773287e-05,8.61044619332174e-06,9.47149081265391e-05,1.72208923866435e-05,0.0002497029396063,0.0,0.0,0.0003185865091529,0.0087223819938349,6.02731233532522e-05,0.0004046909710861,0.0136131154316417,3.4441784773287e-05,0.390440682636174
3100436,0.0051519154557463,0.627278731836196,0.0607661822985469,0.0106340819022457,0.0002642007926023,0.0001981505944517,0.0001981505944517,0.0,0.0001981505944517,0.13778071334214,0.0025099075297225,0.0,0.0008586525759577,0.0065389696169088,0.0355350066050198,0.0023117569352708,0.0011889035667107,0.0021796565389696,0.0027741083223249,0.038441215323646,0.0001981505944517,0.0024438573315719,0.0,0.0031704095112285,0.0040951122853368,0.0005944517833553,0.0182959048877147,6.60501981505944e-05,0.0001321003963011,0.002113606340819,0.0
3100437,0.150332600647848,0.0330489356779269,0.0010006941230911,0.0009891254049051,0.0005668671911152,1.1568718186025e-05,6.07357704766312e-05,5.20592318371124e-05,0.0045002313743637,0.149777302174919,0.0057091624248033,0.0492769551133734,0.0292225821378991,0.0013969227209625,0.0572564784821842,0.127626099028228,0.0007982415548357,0.0341016890328552,0.018304604349838,0.0114559231837112,0.0190739241092087,0.0846772327626099,2.89217954650625e-05,0.0069065247570569,0.0201122165664044,0.0070742711707542,0.0421766543267006,0.0007346136048125,0.0024120777417862,0.0265935909301249,0.0017729060620083
3100438,0.118062397372742,0.42495894909688,0.0121237000547345,0.0024083196496989,0.0008210180623973,0.0002736726874657,0.0003284072249589,0.0,0.0056650246305418,0.0567323481116585,0.0171592775041051,0.0090585659551176,0.0255062944718117,0.0051176792556102,0.0597974822112753,0.0329501915708812,0.0071428571428571,0.0194581280788177,0.0345648604269294,0.0013683634373289,0.0774493705528188,0.0022441160372194,0.0,0.0053366174055829,0.0218938149972633,0.0080186097427476,0.0009304871373836,0.0008757525998905,0.0012041598248494,0.0007662835249042,0.0290914066776136
3104031,0.125194298811813,0.160892588982269,0.0010011328608688,0.0010274784624706,0.0006059488368416,0.000131728008009,0.0001580736096108,0.0,0.0016334272993123,0.0915773111679005,0.0128303079800827,0.0364623126169086,0.0414152857180494,0.0061121795716205,0.0751640013699713,0.168269357430777,0.0061385251732223,0.0391232183786917,0.0289801617619938,0.0028716705745975,0.0209184076718392,0.0174407882603999,0.0,0.0146481544906078,0.0149643017098295,0.0103801670311142,0.035698290170456,0.0005269120320362,0.0019759201201359,0.0415206681244566,7.90368048054377e-05
3104032,0.13491880379803,0.0494808767415032,0.0015973023338361,0.0002129736445114,7.09912148371639e-05,0.0,0.0003727038778951,0.0001064868222557,0.0189369065578135,0.0968852604490194,0.0278817996272961,0.0147484248824208,0.0548229656579998,0.0157600496938504,0.0785162836099033,0.121128760315911,0.0013310852781968,0.0482917738929807,0.0598278463040199,0.0027154139675215,0.0228591711775668,0.030863430650457,0.0,0.0247936817818795,0.0579998225219629,0.0410861655870086,0.0077735380246694,0.0035495607418581,0.0142692341822699,0.0359747981187328,0.0
3104033,0.0700728797343688,0.344497439360684,0.0122966964938939,0.0149065788733187,0.0001899375316562,5.6277787157409e-05,0.0001336597444988,0.0,0.0039183409308346,0.0688347684169058,0.0193595587821487,0.0011185210197535,0.022848781585908,0.0107209184534864,0.0394718329675277,0.0550185716697619,0.0101370364117283,0.104057628454049,0.0552085092014182,0.0038479936968878,0.0387824300748495,0.0073934942878046,0.0,0.0242697957116326,0.0123248353874726,0.0098837863695199,0.0317688108503574,0.0058810287579492,0.0077733693511171,0.0021526253587708,0.0
3104168,0.0410563218663691,0.102870302224544,0.0018043256332945,0.0037431843181944,5.53959624257101e-05,3.16548356718343e-05,1.58274178359172e-05,0.0,0.0005064773707493,0.0672269572580581,0.0064971550216439,0.0050093777450677,0.0884752657027769,0.0066316880732492,0.0755917475843404,0.310462714560433,0.0031575698582654,0.059416126556033,0.0193569320133267,0.0010366958682525,0.0388642244960946,0.0200295972713532,0.0159619508875225,0.0151230977422188,0.0071223380261627,0.0090849378378164,0.0275001384899061,0.000174101596195,0.0006647515491085,0.0237173856271219,1.58274178359172e-05
3104169,0.0130598819773629,0.386250040308278,0.0070297636322595,0.0107381251813873,3.22466221663281e-05,0.0106736319370546,0.0,0.0,0.0007094256876592,0.0668472477507981,0.0068685305214278,0.0281513011512044,0.0477572474283319,0.005901131856438,0.0386636999774274,0.075973041823869,0.0138660475315211,0.0643965044661572,0.0587210989648834,0.0053851859017767,0.0633323659346683,0.0010963851536551,0.0006449324433265,0.0153493921511722,0.0096739866498984,0.008158395408081,0.0373093418464416,9.67398664989842e-05,0.0024184966624746,0.003643868304795,0.0
3104170,0.0340529105343373,0.246093127999818,0.0055162530424694,0.0108619003207388,3.41211528400173e-05,0.0280703350697209,4.54948704533564e-05,0.0001933531994267,0.0004549487045335,0.106162280202907,0.0070062100498168,0.0153658924956211,0.0376811264529924,0.0051409203612292,0.0365665021268852,0.190179932212643,0.0078023702827506,0.0435613384590887,0.0199608744114101,0.0023771069811878,0.0101226086758718,0.0084279247514842,0.0041514069288687,0.0109756374968722,0.0061873023816564,0.012579331680353,0.107129046200041,0.0007279179272537,0.0056072427833761,0.0224744660039581,2.27474352266782e-05
3104204,0.0004278176546085,0.472500831867662,0.0151162237961687,0.0,0.0,0.275086751913296,0.0,0.0,0.000190141179826,0.0118838237391263,0.004610923610781,0.000475352949565,0.000665494129391,0.0081285354375623,0.027000047535295,0.0072729001283453,0.0002376764747825,0.0013785235537386,0.0065598707039977,0.0,0.0,0.0017112706184341,0.0,0.004801064790607,0.0054665589199981,0.0038978941864334,0.000760564719304,0.0001426058848695,0.0009031706041735,0.0021390882730427,0.0
3104205,0.0096729102599944,0.242493709812692,0.0039138943248532,0.0427732736930389,0.0002795638803466,0.0605535364830864,0.0,0.0,0.0002795638803466,0.123679060665362,0.0101202124685491,0.0030752026838132,0.0367906066536203,0.0129158512720157,0.11299972043612,0.0434442270058708,0.0086664802907464,0.0651383841207716,0.0522225328487559,0.0003354766564159,0.0226446743080794,0.0001118255521386,0.0011741682974559,0.0296337713167459,0.0211350293542074,0.0064299692479731,0.0568073804864411,0.0002795638803466,0.0005591277606933,0.0010064299692479,0.0
3104286,0.0102635392942708,0.23972906622497,0.0085184418350143,0.0097311366795823,5.91558460764885e-05,0.0380076311041439,0.0,2.95779230382443e-05,0.001212694844568,0.111952438699755,0.007512792451714,0.016829838208761,0.0260877281197314,0.0129255523677127,0.106155165784259,0.0276849359637966,0.0231003578928688,0.0946197757993434,0.0701292555236771,0.0031352598420538,0.0504895146262829,0.0047620456091573,0.0013014286136827,0.0276849359637966,0.0161495459788814,0.004732467686119,0.0218285072022243,0.0006802922298796,0.0015084740749504,0.003638084533704,0.0003845129994971
3104287,0.006873112736737,0.155415734879784,0.0065446183779959,0.0060392424414711,0.0001010751873049,0.0260900327230919,0.0001010751873049,0.0,0.002539514081037,0.149073266876398,0.0119774096956373,0.0057739200747956,0.0222491756055035,0.0075427358526323,0.126798822474068,0.0384338399727097,0.0228050891356808,0.141366283844395,0.0700703735991611,0.0021478477302303,0.0297540082628966,0.0098421963638201,0.0012381710444857,0.0300825026216377,0.0267217526437479,0.0164120835386423,0.0205814350149718,0.0003537631555673,0.0011244614587676,0.0026405892683419,1.26343984131196e-05
3100439,0.273526989593472,0.0004492026652691,0.0,1.87167777195478e-05,5.61503331586434e-05,0.0,0.008815602305907,1.87167777195478e-05,0.0011791569963315,0.161712959496893,0.0163210301714457,9.3583888597739e-05,7.48671108781912e-05,0.0361982481096055,0.046398891966759,0.0,5.61503331586434e-05,0.0001310174440368,5.61503331586434e-05,0.0026016321030171,5.61503331586434e-05,0.0463427416336004,1.87167777195478e-05,0.0002433181103541,0.0637306281350603,0.226566594295126,5.61503331586434e-05,0.0188852287190237,0.0490379576252152,5.61503331586434e-05,3.74335554390956e-05
3100440,0.347774455542125,0.0006573785440125,6.36172784528278e-05,2.12057594842759e-05,0.0001484403163899,6.36172784528278e-05,0.0058527896176601,0.0,0.0119812541086159,0.196004834913162,0.0197849735988294,0.0001696460758742,8.48230379371037e-05,0.0268676972665776,0.0751744173717582,0.0001060287974213,0.0173887227771063,0.0006361727845282,4.24115189685519e-05,0.0270373433424518,0.0001696460758742,0.017982484042666,0.0,0.0037746251882011,0.0862438238225502,0.0447229467523379,8.48230379371037e-05,0.0171130479038107,0.0502788557372182,0.0015904319613206,2.12057594842759e-05
3100441,0.16253025621577,0.259104750644165,0.0019520139206478,0.0344446799254888,0.0008031142987808,2.23087305216897e-05,0.0004238658799121,0.0,0.0025320409142117,0.158659691470257,0.0009258123166501,0.0001896242094343,7.80805568259138e-05,0.0190181927697404,0.003736712362383,0.03960915104126,0.0118682446375389,0.0002900134967819,0.0011600539871278,0.0053987127862489,0.0019185508248653,0.00330169211721,0.0093250493580662,0.003803638553948,0.0061906727197688,0.0195982197633044,0.0001784698441735,0.0015727655017791,0.0643272244592921,0.0003457853230861,0.0
3100442,0.1043622218054,0.44777811304752,0.0295218600402867,0.0644261586514545,0.0002120354588528,2.44656298676409e-05,0.0008562970453674,8.15520995588031e-06,0.0005871751168233,0.118234233940353,0.001361920062632,2.44656298676409e-05,4.89312597352819e-05,0.01635119596154,0.0326453054533889,0.0359889415352998,0.0157640208447166,0.0005871751168233,0.0027156849153081,0.0014026961124114,3.26208398235213e-05,0.0006279511666027,0.0105120656331297,0.0017533701405142,0.0021366650084406,0.0143694799422611,0.0007176584761174,0.0006931928462498,0.0063855293954542,0.0004974678073086,1.63104199117606e-05
3100443,0.0340859122681991,0.348683113220421,0.0857606404755045,0.0069293869691134,9.09766341677912e-05,1.51627723612985e-05,0.0009552546587618,0.0006216736668132,0.0119482646207032,0.132856211429698,0.0012888356507103,7.58138618064927e-05,0.0005458598050067,0.0218343922002699,0.0159057482070022,0.0276568967870085,0.0195296508013525,0.0146624008733757,0.0047459477490864,0.0006974875286197,0.0001364649512516,0.0090825006444178,1.51627723612985e-05,0.0049430637897833,0.0174826765325772,0.019757092386772,0.0012281845612651,0.0001516277236129,0.0033509726918469,0.0004700459432002,3.03255447225971e-05
3100325,0.18957278368162,0.206761286641466,0.0055630839455103,0.001117371561705,0.00019019090412,0.0068944202743503,0.141406937213228,0.00066566816442,0.0050400589591802,0.0783111047714143,0.0050400589591802,0.0058008225756603,0.0077740532059054,0.0056344055345553,0.018472291562656,0.0447424101942325,0.0038275919454152,0.017877944987281,0.0103178565485106,0.00071321589045,0.0159998098090959,0.0027815419727551,0.001260014739795,0.0020207783562751,0.0109359769869006,0.0076551838908304,0.0110786201649906,0.0125050519458907,0.054727432660533,0.001545301095975,0.0084634952333404
3100326,0.635671397379913,0.0826419213973799,0.0015829694323144,0.0062772925764192,0.0021834061135371,0.005240174672489,0.0099344978165938,0.0006004366812227,0.0079421397379912,0.0522652838427948,0.0041211790393013,0.0029203056768559,0.0057041484716157,0.004721615720524,0.0299126637554585,0.0282751091703057,0.0020742358078602,0.0165665938864629,0.0089519650655021,0.0039028384279476,0.020796943231441,0.0026473799126637,2.7292576419214e-05,0.0046943231441048,0.0068231441048034,0.0059770742358078,0.0071233624454148,0.0007368995633187,0.0032205240174672,0.0082696506550218,0.0008187772925764
3100327,0.394168384092817,0.0108388672620411,2.54433503803781e-05,0.0011195074167366,0.0093631529399791,0.0006869704602702,0.261913848815612,0.219525227081902,0.0011703941174973,0.0098720199475867,0.0012212808182581,0.0002289901534234,0.0004325369564664,0.0039691626593389,0.0091596061369361,0.0039182759585782,0.0004325369564664,0.0012976108693992,0.0012212808182581,0.0014502709716815,0.0035111823524921,0.0010940640663562,0.0,0.0004834236572271,0.0014502709716815,0.002493448337277,0.0012976108693992,0.0001017734015215,0.000407093606086,0.0023916749357555,0.0011958374678777
3100391,0.365162732225171,0.0275178097499651,5.58737253806398e-05,0.0,0.0195837407459142,2.79368626903199e-05,0.172873306327699,0.21307445173907,0.0010336639195418,0.0014806537225869,0.0,0.0,0.0,0.0007542952926386,0.0002793686269031,2.79368626903199e-05,0.0,5.58737253806398e-05,0.0,0.0069283419471993,0.0632211202681939,5.58737253806398e-05,0.018689761139824,2.79368626903199e-05,0.0,0.0024025701913675,0.0084648693951669,0.0086324905713088,0.0488615728453695,0.0017600223494901,2.79368626903199e-05
3100392,0.239103362391034,0.0004981320049813,0.0,0.0002490660024906,0.0057285180572851,0.0004981320049813,0.0410958904109589,0.659775840597758,0.0004981320049813,0.0004981320049813,0.0,0.0,0.0,0.0,0.0002490660024906,0.0004981320049813,0.0002490660024906,0.0009962640099626,0.0,0.0,0.0,0.0,0.0,0.0,0.0,0.0004981320049813,0.0,0.0027397260273972,0.0144458281444583,0.0,0.0
3100489,0.179126363287371,0.0258466069641722,0.0002517322324243,6.29330581060925e-06,0.273758802761503,0.0002139723975607,0.000144746033644,0.0204910037193437,0.0008810628134852,0.0615674107451903,0.0006041573578184,0.0005286376880911,0.0025739620765391,0.0035305445597517,0.0400757714019597,0.0162304356855613,0.0015229800061674,0.0019005783548039,0.0020956708349328,0.0016047929817053,0.0450223097690986,0.0002013857859394,0.0212399071108062,0.0007300234740306,0.0050346446484874,0.0018061787676448,0.0241600010069289,0.0005852774403866,0.0023599896789784,0.0004405314067426,6.29330581060925e-06
3100490,0.262134569148751,0.0206627408620509,0.0002090665179971,0.0003484441966619,0.0028920868322938,0.006968883933238,0.0006968883933238,0.0115683473291752,0.0484337433360047,0.130143907453221,0.0011847102686504,0.0002787553573295,0.0006271995539914,0.0332067319418795,0.008432349559218,0.012265235722499,0.0001742220983309,0.0020558207603052,0.0074915502282309,0.0055751071465904,0.0114289696505105,0.002578487055298,0.117704449632391,0.0022300428586361,0.0116380361685076,0.098435485556988,0.0002787553573295,0.0001045332589985,0.0241820272483362,0.0025436426356319,0.0
3100491,0.267377945586209,0.105795588354476,0.0015255311947292,0.0023407369269127,0.0350729156238231,0.038090607018397,0.0003146408089129,0.0774111735625444,0.002965251259755,0.0682627536791522,0.0057350438351854,0.0003146408089129,0.0002431315341599,0.0181585885022621,0.0290327655496918,0.0030796660993597,0.0024789881914351,0.0294665884831929,0.0121899477028837,0.0002240623942258,0.0518823624757464,0.0001763895443905,0.0373278414210323,0.0056539999904654,0.0419044350052202,0.0300291281112494,0.0008056711622164,0.0004910303533034,0.0025791011760892,5.72074198023484e-05,0.0
3104140,0.138964974648872,0.324640130543738,0.0689725508479515,0.005711288536628,0.0,0.0100238941663267,2.91392272276939e-05,0.0,0.0001456961361384,0.0575208345474678,0.0047205548108864,0.0036424034034617,0.0357829710356081,0.0036424034034617,0.0397459059385745,0.0524214697826214,0.0022145812693047,0.0147153097499854,0.0353458826271927,0.0001456961361384,0.0102278687569206,0.0041086310391048,0.0,0.007517920624745,0.004370884084154,0.002564251996037,0.0421061833440177,0.0001456961361384,0.0002331138178215,0.0033218719039571,0.0041669094935602
3104141,0.0065981554677206,0.338048309178744,0.0346455862977602,0.0010891523935002,0.0001581027667984,3.51339481774264e-05,0.0001475625823451,3.51339481774264e-06,0.0032147562582345,0.192389986824769,0.0024558629776021,0.0180166886253843,0.0045603864734299,0.0062116820377689,0.282736934563022,0.0020272288098375,0.0012613087395696,0.0007202459376372,0.0058814229249011,0.0039209486166007,0.0006007905138339,0.0028072024593763,1.05401844532279e-05,0.0049995608256477,0.0055335968379446,0.0027334211682037,0.0272955643390426,0.0004145805884936,0.0004391743522178,0.0347896354852877,0.0016407553798858
3104142,0.0099525340682897,0.614147909967846,0.0180676772316644,0.001837390904915,0.0,0.0097994181595467,0.0,0.0,0.0003062318174858,0.135507579237483,0.0009186954524575,0.0,0.0,0.00367478180983,0.0071964477109171,0.0006124636349716,0.0015311590874291,0.0006124636349716,0.0032154340836012,0.0032154340836012,0.109937222477415,0.0019905068136579,0.001837390904915,0.0010718113612004,0.0006124636349716,0.0004593477262287,0.0021436227224008,0.0001531159087429,0.0009186954524575,0.0,0.0332261521972133
3104143,0.0339389253962118,0.0834170854271357,0.0015461925009663,0.0024739080015461,0.0,0.0062620796289138,0.001468882875918,0.0,0.0045612678778507,0.119134132199459,0.0296868960185543,0.0101275608813297,0.0,0.00827212988017,0.0560494781600309,0.0008504058755315,0.008504058755315,0.0077309625048318,0.152609199845381,0.0040974101275608,0.265249323540781,0.001700811751063,0.0034789331271743,0.0087359876304599,0.0066486277541553,0.0126787785079242,0.0019327406262079,0.0001546192500966,0.0008504058755315,0.0001546192500966,0.107537688442211
3104236,0.0135978522366724,0.0077403158885673,0.0007147588996199,0.0053868414629894,0.656410167009518,0.0032425647641295,3.48662877863394e-05,3.48662877863394e-05,0.0004009623095429,0.032878909382518,0.002266308706112,0.0012900526480945,0.0066768941110839,0.0022837418500052,0.0142080122729333,0.0255569889473868,0.0016387155259579,0.0106690840626199,0.0209895052473763,0.0006973257557267,0.152139046755692,0.0028939018862661,0.0021791429866462,0.0029462013179456,0.0015166835187057,0.0009413897702311,0.0150273700359123,3.48662877863394e-05,0.0002440640145043,0.0018827795404623,0.0
3104237,0.154124125982303,0.0259884908112122,0.0036631396571994,0.0016335622795619,0.0557019986386981,0.064921725140771,0.0002598849081121,1.23754718148629e-05,0.0068065094981746,0.0951550027844812,0.0244044304189097,0.0041581585297939,0.0294907493348184,0.0181795680960337,0.0356537342986201,0.0667161685539261,0.0061506094919868,0.0547738382525834,0.1417981560547,0.0005445207598539,0.0557886269414021,0.0028092321019738,0.0251098323123569,0.0238227832436112,0.0255182228822474,0.0181671926242188,0.0002722603799269,0.0001113792463337,0.0002970113235567,0.0010024132170039,0.0044922962687952
3100444,0.124047003447361,0.0002900424290639,2.48607796340493e-05,8.28692654468311e-06,4.14346327234155e-05,2.48607796340493e-05,0.0034059268098647,2.48607796340493e-05,0.0066709758684699,0.0438792760540971,0.0022540440201538,0.0002817555025192,0.0011518827897109,0.0186041500928136,0.251226465128613,5.80084858127818e-05,0.0035385176345796,9.94431185361973e-05,0.0004143463272341,0.0067787059135507,4.97215592680986e-05,0.0478652877220896,1.65738530893662e-05,0.0021214531954388,0.0251508220631132,0.0038451339167329,2.48607796340493e-05,0.0899380137894458,0.290630800848581,8.28692654468311e-06,0.0238166268894193
3100445,0.174598480367624,0.0004549797534009,2.27489876700487e-05,0.0004094817780608,2.27489876700487e-05,6.8246963010146e-05,0.0019564129396241,0.0001364939260202,0.0168569998635061,0.0328950361708904,0.001910914964284,0.0001137449383502,6.8246963010146e-05,0.0199736111743027,0.0286864734519314,2.27489876700487e-05,0.0025933845943855,0.0001819919013603,0.0005232267164111,0.0279812548341599,0.0002047408890304,0.0349196960735247,2.27489876700487e-05,0.0021839028163246,0.0179262022839984,0.0059147367942126,9.09959506801947e-05,0.0434050684744529,0.204968378907139,0.0310751171572865,0.0
3100446,0.0215275461629423,0.0001516024377671,0.0,0.0,0.0010612170643704,3.03204875534399e-05,0.00855037749007,0.0247111973560535,0.0284406173251266,0.151541796792092,0.0016373063278857,0.0,3.03204875534399e-05,0.0312604226675965,0.0022437160789545,0.0,0.0216185076256026,0.0324732421697341,0.0003941663381947,0.0100360813801886,9.09614626603196e-05,0.0031230102180043,0.0,0.0035474970437524,0.0004548073133015,0.0799248051908675,3.03204875534399e-05,0.0728298111033625,0.351535732694582,0.0049119189836572,0.0031230102180043
3104165,0.0140539898787528,0.345532255910244,3.71013460368342e-05,7.42026920736684e-06,6.67824228663016e-05,2.96810768294674e-05,0.0012911268420818,7.42026920736684e-06,0.0035023670658771,0.239348203552825,0.0005936215365893,1.48405384147337e-05,8.16229612810353e-05,0.0264681002626775,0.0295104106376979,2.96810768294674e-05,0.0023744861463573,0.0250879301901073,0.0117982280397133,0.0015508362643396,0.0005342593829304,8.90432304884021e-05,3.71013460368342e-05,0.0144398438775359,0.0020702551088553,0.0644821394120179,2.22608076221005e-05,0.0161836071412671,0.0571583337043468,0.0021741388777584,0.0688229968983275
3104166,0.0204463093648674,0.423841312225825,9.53652489032996e-05,5.72191493419798e-05,0.0186534426854854,3.81460995613199e-05,0.0008010680907877,0.0,0.0032042723631508,0.12254434484074,0.0014114056837688,7.62921991226397e-05,0.0002479496471485,0.0202937249666222,0.0488270074384894,0.0001525843982452,0.0262254434484074,0.0420370017165745,0.0203509441159641,0.0064848369254243,0.0188060270837307,0.0019835971771886,3.81460995613199e-05,0.0118062178142285,0.0027846652679763,0.0109670036238795,1.90730497806599e-05,0.0243181384703414,0.0260537860003815,0.007343124165554,0.0714667175281327
3104167,0.0884155618343838,0.302629863073245,4.34688111280156e-05,4.34688111280156e-05,0.000130406433384,8.69376222560313e-05,0.0031732232123451,0.0,0.0045642251684416,0.241164964138231,0.0017822212562486,0.000130406433384,8.69376222560313e-05,0.0358617691806129,0.019474027385351,0.000130406433384,0.0009563138448163,0.0513801347533145,0.0004346881112801,0.005781351880026,0.0034775048902412,0.0006520321669202,0.0,0.0041295370571614,0.0005216257335361,0.0119539230602043,8.69376222560313e-05,0.0469028472071289,0.0600304281677896,0.0023907846120408,0.0003042816778961
3100368,0.332926754894188,0.207812404708178,9.14801488077087e-05,0.0,0.0,0.0,0.0001219735317436,0.0213148746721961,0.0037811794840519,6.09867658718058e-05,3.04933829359029e-05,0.0,6.09867658718058e-05,0.0,6.09867658718058e-05,6.09867658718058e-05,0.0,0.0,0.0,0.0020125632737695,0.0,0.0,0.0,0.0,3.04933829359029e-05,0.0,3.04933829359029e-05,0.131487467219613,0.287522107702629,0.0093309751783862,0.0
3100369,0.118690601900739,0.0014783526927138,0.0,0.0001055966209081,0.0,0.0,0.335163674762408,0.0004223864836325,0.0108764519535375,0.0001055966209081,0.0,0.0,0.0,0.0,0.0002111932418162,0.0,0.0,0.0001055966209081,0.0011615628299894,0.0,0.0,0.0,0.0,0.0001055966209081,0.0084477296726504,0.0002111932418162,0.0001055966209081,0.0418162618796198,0.0586061246040127,0.0,0.0
3100370,0.688020148926851,0.0110235070813257,3.65016790772376e-05,0.0065703022339027,0.0,0.0,0.0315739524018105,0.0,0.0345305884070667,7.30033581544751e-05,3.65016790772376e-05,0.0,0.0,0.0001095050372317,0.0001460067163089,7.30033581544751e-05,0.0001825083953861,0.0001460067163089,7.30033581544751e-05,0.0129580960724193,3.65016790772376e-05,0.0,7.30033581544751e-05,3.65016790772376e-05,0.0004015184698496,0.0010220470141626,3.65016790772376e-05,0.0323769893415097,0.138304862023653,0.0037596729449554,0.0
3100410,0.0001006390580184,0.96251195088814,0.0025662959794696,0.000251597645046,0.0004025562320736,0.0009057515221657,0.0,0.0025662959794696,0.0007547929351381,0.0052332310169576,0.0002012781160368,0.0166054445730388,5.03195290092085e-05,5.03195290092085e-05,0.0006038343481105,5.03195290092085e-05,5.03195290092085e-05,0.0001509585870276,0.0,0.0009560710511749,0.0001509585870276,5.03195290092085e-05,0.0,5.03195290092085e-05,0.0,5.03195290092085e-05,0.0,0.0001006390580184,0.0003019171740552,0.000503195290092,5.03195290092085e-05
3100411,0.129427628885839,0.343109634231501,0.0132196778155024,0.0357340653519228,0.000553829853837,4.81591177249633e-05,0.0011558188253991,0.0008909436779118,0.0102819716342797,0.0153386789954008,7.22386765874449e-05,0.0093910279563678,0.0003611933829372,0.0022153194153483,0.0111247561944665,9.63182354499266e-05,0.0033711382407474,0.0135567916395772,0.150087890389848,0.0210696140046714,0.003154422210985,0.0009631823544992,0.0,0.0030581039755351,0.0046714344193214,0.0016374100026487,0.0283175612222784,0.0424763418334176,0.0697344024657468,0.0048399913313588,2.40795588624816e-05
3100412,0.0689669998925078,0.272449747393314,0.0069224981188863,0.0233903042029453,0.000171987530904,6.44953240890035e-05,0.001311404923143,4.29968827260024e-05,0.0150704073954638,0.0467376115231646,0.001418897129958,0.0815435880898635,0.000171987530904,0.0026228098462861,0.0595721810168763,0.116199075567021,0.0027303020531011,0.0047081586584972,0.0807051488767064,0.018854133075352,0.0134150274105127,0.001698376867677,2.14984413630012e-05,0.0039557132107922,0.0018273675158551,0.0032892615285391,0.0310867462108997,0.0076534451252284,0.037041814468451,0.0612490594431904,2.14984413630012e-05
3104037,0.0052785109042922,0.744547853868593,0.0433393526878733,0.0029170718155299,0.0,0.0,0.0,0.0002778163633838,0.0011112654535352,0.0318099736074455,0.0012501736352271,0.0037505209056813,0.0008334490901514,0.0040283372690651,0.0270870954299208,0.046673149048479,0.0015279899986109,0.0086123072648979,0.039588831782192,0.0006945409084595,0.0009723572718433,0.0006945409084595,0.0,0.0030559799972218,0.0101402972635088,0.0,0.0033337963606056,0.0011112654535352,0.0079177663564383,0.0020836227253785,0.0
3104038,0.0081716349390953,0.281661259717206,0.00853889943074,0.0119054906041501,0.0007957397318969,0.0,0.0,6.12107486074555e-05,0.0100997735202302,0.0359001040582726,0.0170165881128726,0.0173532472302136,0.0326253290077738,0.0066413662239089,0.0862459447879048,0.0889392177266328,0.0012242149721491,0.0302993205606905,0.0928261002632062,0.0101609842688376,0.0531309297912713,0.0039480932851808,0.0,0.0102221950174451,0.0089061639223847,0.0057844157434045,0.0012548203464528,0.0049580706372038,0.121380914488584,0.01034461651466,0.0
3104039,0.0368580717200763,0.30459787152047,0.0077866382078874,0.0179547228727557,0.0002173934525044,0.0,0.0002964456170515,0.0,0.0038537930216701,0.0388146127926165,0.0179349598316189,0.0013834128795739,0.0238045830492396,0.0111661182422751,0.0392493996976255,0.0330339232601113,0.0058696232176207,0.0370853466931491,0.109961560884989,0.0025099062243698,0.0819079239913438,0.0032707833081354,0.0,0.0059980829850097,0.0092985108548503,0.0043281060089526,0.0025988399094852,0.0150100297433769,0.145594324054586,0.0009585074951333,0.0
3104123,0.0368463498133382,0.291721187585787,0.0014580451513322,7.47715462221676e-05,0.0006408989676185,3.73857731110838e-05,0.001794517109332,1.06816494603097e-05,0.0094853047207549,0.0273503634431229,0.0033967645283784,0.024076437883538,0.0012070263890149,0.0254063032413465,0.0987999166831342,0.0196702574811602,0.025112557881188,0.0101475669872942,0.0310355325069297,0.0966742684405326,0.0075091995705976,0.0127538894556097,0.0474051603048543,0.0043954987529174,0.0053301430806945,0.0203325197476994,0.0016609964910781,0.0003311311332695,0.0035409667960926,0.0100941587399926,5.87490720317031e-05
3104124,0.112034479618782,0.159352900112302,0.0008194979816068,0.000940905089993,8.49849758703372e-05,0.0001031960421282,0.0002185327950951,0.06138950435548,0.0053844052569277,0.0429174128145203,0.0173854979209033,0.0364585546483747,0.0249491607733633,0.0109448508210156,0.0565817828633867,0.134725468176162,0.0011776489513461,0.0193462227213403,0.025198045345555,0.0043827966127416,0.0271405590797341,0.0019303730233405,0.0076182960512338,0.0073633411236227,0.0136643700488664,0.0023795793243694,0.160123835250554,0.0032658512155886,0.0169727137523902,0.0015965034752784,0.0001517588854827
3104125,0.0309788903860246,0.407459281847623,0.0826714417417204,4.7277970829492e-05,4.13682244758055e-05,0.0139233624092854,3.5458478122119e-05,0.0,0.0010105666264803,0.0986750348675035,0.0026239273810368,5.9097463536865e-06,0.0155544524029029,0.0027066638299884,0.144115074580999,0.0271139162707137,0.0160686003356736,0.0019206675649481,0.0038767936080183,0.0046568801267049,0.0251223317495213,0.0117899439756046,5.9097463536865e-06,0.0080727135191357,0.0053128619719641,0.0013887903931163,0.0599484670117959,7.0916956244238e-05,4.7277970829492e-05,0.0153535210268775,0.0021156891946197
3104159,0.0017786872343774,0.282165905871242,0.0069888241775539,0.0276404848103258,0.0001259247599559,0.0,0.0,0.0,0.0017629466393829,0.0498504643475523,0.0237525578466866,0.0462930898787974,0.0141350543050527,0.003305524948843,0.0770187313080434,0.1528569179915,0.0156933732095073,0.0253580985361247,0.0747520856288368,0.0006611049897686,0.0735243192192665,0.002502754604124,0.0,0.0167322524791437,0.0104989768613254,0.0014481347394931,0.02905713835983,0.0072249331024712,0.0221312765622541,0.0085156618920195,0.0072878954824492
3104160,0.113474834405067,0.271962481264807,0.0186626698254605,0.0065270995503553,0.0003867910844655,0.0,0.0,0.0004351399700236,0.0006768843978146,0.0113619881061742,0.0055117729536334,0.0024657931634675,0.0010636754822801,0.0066721462070299,0.0207416719044626,0.0020306531934438,0.0051733307547261,0.0819997099066866,0.15901948460088,0.00053183774114,0.0761494947541459,0.0049315863269351,0.0,0.0073006817192863,0.0075424261470773,0.0006768843978146,0.0006285355122564,0.0043030508146787,0.0135860368418508,9.66977711163758e-05,0.158826089058647
3104161,0.0963438264349925,0.112766430545408,0.00184238111877,0.0070042247704964,0.0,0.0,0.0002223563419205,0.0006511864299101,0.0138972713700327,0.0721387503573584,0.0146278707792002,0.0201708967313618,0.021949747466726,0.0150090530796353,0.118277691305867,0.0243797846320003,0.0119754772720053,0.0752199739525428,0.148279914869286,0.001397668434929,0.0773800069883422,0.009545440106731,0.0,0.0128649026396874,0.0289698548330739,0.0046059527969251,0.0022394460150567,0.0101489787490868,0.0184555763794035,0.0058130300816365,0.0373082176550935
3104323,0.0240688303201917,0.0460865461410005,0.0002541203804545,0.0014884193712335,0.001161693167792,3.63029114935018e-05,0.0021963261453568,0.0,0.0052639221665577,0.0207108110070428,0.0003085747476947,0.0001089087344805,0.0033943222246424,0.0098380890147389,0.016100341247368,0.0034306251361359,0.0070427648297393,0.0062259493211355,0.0540187323023306,0.000508240760909,0.237856676105424,0.0040840775430189,1.81514557467509e-05,0.0013976620924998,0.0058447687504537,0.0067886444492848,0.0002359689247077,0.0410404414434038,0.321335221084731,0.0007805125971102,0.140219995643651
3104324,0.0203009339693169,0.043497488707079,0.000147413420939,0.0013793684387865,0.0021901422539512,0.0,0.0010318939465731,1.05295300670731e-05,0.0040959871960914,0.0316622969116888,0.0006317718040243,0.000147413420939,0.004032810015689,0.0109928293900243,0.0184793252677133,0.0027166187573048,0.0041591643764938,0.0068020764233292,0.057185877794274,0.0005685946236219,0.290046435227596,0.0093396931694938,0.0,0.0025586758062987,0.0081498562719145,0.0052331764433353,0.0003158859020121,0.0589337797854082,0.229312105800718,0.0008002442850975,0.154120731591749
3104325,0.0472764645426516,0.0734062100968576,0.000342583076396,0.0015883397178361,0.000280295244324,3.11439160360024e-05,0.00031143916036,3.11439160360024e-05,0.0052944657261204,0.0350680494565387,0.0018686349621601,0.0012769005574761,0.0200878258432215,0.0162882680868292,0.0306144694633903,0.0030209598554922,0.0110872341088168,0.0222367560497057,0.0618829611635367,0.000249151328288,0.164035005761624,0.0047650191535083,0.0,0.0037684138403562,0.0089383039023326,0.0065402223675605,0.00031143916036,0.0712884238064094,0.127503192251394,0.000342583076396,0.261422031206204
3104326,0.009068359427093,0.047822260155229,0.0001066865814952,0.0009601792334569,5.33432907476062e-05,5.33432907476062e-05,0.000266716453738,0.000666791134345,0.0054410156562558,0.0624649934654469,0.0022670898567732,0.0019470301122876,0.124556583895661,0.0046141946496679,0.0950310724668605,0.0339530045608514,0.0065345531165817,0.0144827034379751,0.0603312618355426,0.0010668658149521,0.121462673032299,0.0082682100658789,2.66716453738031e-05,0.0054943589470034,0.008534926519617,0.0066945829888245,0.0016269703678019,0.0357133331555224,0.165470887899074,8.00149361214093e-05,0.113167791321047
3100307,0.466384308565319,0.0002056005592335,0.0,8.22402236934084e-05,4.11201118467042e-05,0.0,0.466425428677166,0.0262346313581973,0.0059212961059254,0.000411201118467,8.22402236934084e-05,0.0,0.0,0.0001233603355401,8.22402236934084e-05,0.0001644804473868,4.11201118467042e-05,0.0,8.22402236934084e-05,0.0001233603355401,4.11201118467042e-05,8.22402236934084e-05,4.11201118467042e-05,0.0,0.0,8.22402236934084e-05,0.0,0.0,0.006949298902093,0.0,0.0002467206710802
3100308,0.460118386977432,0.0004994450610432,0.0001294857565667,7.39918608953015e-05,0.0,0.0,0.315575286718461,0.150369959304476,0.0051239363669996,9.24898261191269e-05,0.0,0.0,1.84979652238254e-05,1.84979652238254e-05,0.0001849796522382,3.69959304476508e-05,0.0,0.0,0.0002404735479097,0.00062893081761,0.0,0.0,0.0,1.84979652238254e-05,0.0,0.0,0.0,5.54938956714761e-05,0.0104513503514613,1.84979652238254e-05,0.0
3100309,0.0002468282568988,0.0591400503529644,0.0,0.0,0.0,0.0,0.799970380609172,4.936565137977e-05,0.0028138421286468,9.87313027595399e-05,0.0,0.0,0.0,0.0,9.87313027595399e-05,0.0,0.0,0.0008885817248358,4.936565137977e-05,0.0,0.0,0.0,0.0,0.0,0.0,0.0,4.936565137977e-05,4.936565137977e-05,0.0015797008441526,0.0,4.936565137977e-05
3100413,0.328930729239848,0.287396374877055,0.0118027258676409,0.0709568638471266,0.0015174933258395,0.0,0.0018266123366587,0.0072221441618659,0.0129829984544049,0.0133202191934804,0.0,0.0,0.000196712097794,0.0,0.00098356048897,0.0,0.0,0.0,0.0133202191934804,0.0026977659126036,0.0034846143037796,0.0,0.0,0.0002529155543065,0.0,0.0,0.0052550231839258,0.0093297737810875,0.0421244906561754,0.0,0.0
3100414,0.0135485156405658,0.12864448429302,0.0069070864049943,0.0146111443182573,0.223351265192269,0.0,0.0001328285847114,0.0,0.0010626286776914,0.0684067211263864,0.0234442452015674,0.0038188218104536,0.0005645214850235,0.0021584645015607,0.277578534900711,0.0234442452015674,0.0085010294215315,0.0077040579132629,0.0833831440526001,0.0012286644085807,0.0338712891014146,0.0017267716012485,0.0,0.0057780434349472,0.00604370060437,0.0,0.0029222288636514,0.0002656571694228,0.0022580859400943,0.0006309357773792,0.0364614465032875
3100415,0.018490192549937,0.0705191650170956,0.0019794853338132,0.0112245816087817,0.438590966348749,2.24941515206046e-05,0.0004273888788914,6.74824545618139e-05,0.0029917221522404,0.109254093935577,0.0019794853338132,0.0142837862155839,0.0011247075760302,0.0061858916681662,0.0445159258592766,0.0508367824365665,0.0084802951232679,0.0240462479755264,0.0826885009897427,0.0110671225481375,0.0206496310959151,0.0009447543638653,0.0,0.0029917221522404,0.0031941695159258,2.24941515206046e-05,0.0054660788195069,0.0012596724851538,0.0038015116069821,0.0005623537880151,0.0483849199208206
3100266,0.591947192829221,0.0005584272397943,2.863729434843e-05,0.0,2.863729434843e-05,4.29559415226449e-05,0.255501940176692,0.0001145491773937,0.0045533298014003,0.0004581967095748,4.29559415226449e-05,2.863729434843e-05,0.0002290983547874,5.72745886968599e-05,0.0001431864717421,7.15932358710749e-05,2.863729434843e-05,0.0001288678245679,0.00027205429631,0.0016323257778605,0.0001002305302195,0.0011311731267629,4.29559415226449e-05,7.15932358710749e-05,0.000200461060439,4.29559415226449e-05,2.863729434843e-05,0.0426982058735091,0.051017339881728,0.0036512550294248,1.4318647174215e-05
3100267,0.684041375534156,0.0012141267215007,0.0007022889859661,3.57096094559046e-05,1.19032031519682e-05,9.52256252157456e-05,0.105986120865125,0.0014045779719322,0.0653247788980015,0.0023092214114818,7.14192189118092e-05,5.9516015759841e-05,0.0002380640630393,0.0002499672661913,0.000345192891407,0.0004047089071669,9.52256252157456e-05,8.33224220637774e-05,0.0004404185166228,0.10861672876171,0.0004047089071669,9.52256252157456e-05,2.38064063039364e-05,2.38064063039364e-05,0.0013093523467165,0.0002380640630393,1.19032031519682e-05,0.0011903203151968,0.0041780243063408,0.0015831260192117,0.0
3100347,0.250285463328942,0.0007026789635485,0.0003732981993851,4.39174352217831e-05,0.0001097935880544,0.0001097935880544,0.0022617479139218,0.47463768115942,0.0137900746596399,0.0082125603864734,0.000197628458498,0.0003293807641633,0.0001317523056653,0.0017127799736495,0.0003732981993851,0.0001317523056653,0.0001537110232762,8.78348704435661e-05,0.0003513394817742,0.0328722002635046,0.0002635046113306,0.0027228809837505,2.19587176108915e-05,0.0001097935880544,0.0001317523056653,0.0008783487044356,0.0001097935880544,0.0462011418533158,0.151185770750988,0.0003074220465524,0.0
3100348,0.619670980038118,0.001128498344869,0.0006770990069214,7.5233222991273e-05,0.0,5.0155481994182e-05,0.0375915337546394,0.150566756946534,0.0126391814625339,0.002482696358712,2.5077740997091e-05,0.0002256996689738,2.5077740997091e-05,0.0004764770789447,0.0004012438559534,2.5077740997091e-05,0.0002256996689738,5.0155481994182e-05,0.0002006219279767,0.0019560637977731,0.0002507774099709,0.000275855150968,5.0155481994182e-05,0.0001003109639883,2.5077740997091e-05,0.0149714113752633,2.5077740997091e-05,0.0326261410372154,0.109439261711305,0.000551710301936,2.5077740997091e-05
3100349,0.664504668264067,0.0207386598364042,0.049698421878873,0.0,0.0002065603569362,4.13120713872594e-05,0.0039659588531769,0.0008675534991324,0.0667603073618111,0.0705197058580517,4.13120713872594e-05,0.0,0.0,0.0006609931421961,0.0042964554242749,0.0006196810708088,4.13120713872594e-05,8.26241427745187e-05,0.0005783689994216,0.0020242914979757,8.26241427745187e-05,0.0018590432124266,0.0,0.0002478724283235,0.0099975212757167,0.0090473436338098,0.0021895397835247,0.0140874163430554,0.0607700570106585,0.0021069156407502,0.0
3100425,0.334790738601991,0.0004949678270912,2.74982126161799e-05,0.0,0.0015948963317384,2.74982126161799e-05,0.0017048891822031,0.009321894076885,0.0064895781774184,0.26684265522741,0.0001374910630809,0.0007424517406368,0.0027223230490018,0.0332178408403454,0.0084969476983996,0.001374910630809,0.0477918935269208,0.0079194852334598,0.0076170048946818,0.0002474839135456,0.0003574767640103,0.0049771764835285,0.0,0.0082494637848539,0.0187262827916185,0.0081394709343892,0.009486883352582,0.0626959247648903,0.0654732442391245,2.74982126161799e-05,5.49964252323599e-05
3100426,0.353967647433448,0.0004033456459898,0.0,0.0,0.0011675795015497,4.2457436419989e-05,0.0001061435910499,0.139430221203244,0.0256230628794633,0.0524137052604764,0.019105846388995,0.0061563282808984,0.0405468517810895,0.0274062752091029,0.0071328493185581,0.0015496964293296,0.0003608882095699,0.0021653292574194,0.0069630195728781,0.0240733664501337,0.0002122871820999,0.0508427801129368,6.36861546299834e-05,0.0125249437438967,0.0088099180571477,0.0410563410181293,4.2457436419989e-05,0.0024625313123593,0.0081093703562178,0.0004882605188298,0.0
3100427,0.258730425997643,0.0002694056238423,3.36757029802997e-05,0.0,0.0001010271089408,0.0,0.0006061626536453,0.0285233204243139,0.0071729247348038,0.235258461020374,0.0152887691530561,0.0037043273278329,0.0812931469944435,0.0369085704664085,0.042364034349217,0.0224953695908402,0.0022899478026603,0.0062636807543357,0.022360666778919,0.0120895773699276,0.0015154066341134,0.0028624347533254,0.0,0.012695740023573,0.0331368917326149,0.0118875231520458,0.0021889206937194,0.0002694056238423,0.0011786496043104,0.0002020542178817,0.0
3104244,0.641095226857775,0.0001179933675307,0.0,3.72610634307503e-05,6.21017723845839e-05,6.21017723845839e-06,8.0732304099959e-05,0.037379056798281,0.0106194030777638,0.0388198179176034,0.09998385353918,0.0001428340764845,0.0021735620334604,0.024766186826972,0.0084644715760187,0.0024343894774756,0.0001242035447691,0.0043098630034901,0.0162209829468533,7.45221268615006e-05,0.001030889421584,0.0008756349906226,6.21017723845839e-06,0.0035460112031597,0.0027138474532063,0.0568231217318942,4.96814179076671e-05,0.0033224448225752,0.0116006110814403,1.86305317153752e-05,2.48407089538335e-05
3104245,0.466349389481781,0.0002163253533314,0.0,2.40361503701567e-05,2.40361503701567e-05,4.80723007403134e-05,0.0,0.0920103836169599,0.0173781367176233,0.103956350350928,0.0700173060282665,0.0002643976540717,0.0074752427651187,0.0241082588212672,0.0059369291414287,0.0002884338044418,0.0001201807518507,0.0077877127199307,0.0755696567637727,7.21084511104701e-05,7.21084511104701e-05,0.0052639169310643,7.21084511104701e-05,0.0087010864339967,0.0227622344005384,0.0821074896644553,2.40361503701567e-05,0.0001442169022209,0.0003365061051821,0.0,2.40361503701567e-05
3104246,0.317368306644446,0.0,0.0,0.0,0.0001449170349974,0.0,0.0001449170349974,0.0710093471487573,0.002970799217448,0.0807912470110862,0.0120281139047895,0.0,0.0047822621549163,0.0007245851749873,0.0161582494022172,7.2458517498732e-05,0.0007245851749873,0.0058691399173972,0.186725599594232,0.0007245851749873,0.0,0.0153612057097312,0.0,0.0031157162524454,0.0015940873849721,0.0690529671762916,0.0019563799724657,0.0426056082892544,0.138033475835084,0.000797043692486,0.0
3104247,0.636936443331246,0.0059095178459611,0.0001174076393237,0.0003913587977457,0.0008218534752661,0.0001174076393237,0.0003130870381966,0.033891671884784,0.0029743268628678,0.131653099561678,0.0235597996242956,0.0005870381966186,0.0286865998747652,0.0119364433312461,0.0110754539762054,0.0005870381966186,0.0003522229179711,0.0045397620538509,0.0236380713838447,0.0001956793988728,0.0001174076393237,0.0096665623043206,0.0001174076393237,0.0083750782717595,0.0211725109580463,0.0017611145898559,0.0001565435190983,0.0001174076393237,0.0003913587977457,3.91358797745773e-05,0.0001174076393237
3104249,0.387619658263872,0.0210351072565496,0.0009392681582469,0.000478070619467,0.0374638634855285,0.0002249744091609,0.0001799795273287,0.0592301375718512,0.0348654090597195,0.159310003487103,0.0452929729243299,0.0002868423716802,0.0022159979302354,0.0196740120811258,0.0127954195210295,0.0018054196335166,0.0006243039854216,0.0093476867006378,0.0151857726183647,0.0016985567891652,0.0133353581030158,0.0010967502446596,0.0005624360229023,0.0043926253388677,0.0292691706318406,0.0022497440916095,0.000956141238934,0.0005343142217572,0.0925994668106503,0.000241847489848,0.0001349846454965
3104250,0.119712447975785,0.0193340900491865,0.0001891789632992,0.0003026863412788,0.0276579644343549,0.0001135073779795,0.0026485054861899,0.0003405221339387,0.0872493378736285,0.109950813469542,0.0329928111993946,0.0009080590238365,0.0093076049943246,0.0685962920923193,0.0912220961029134,0.0143397654180855,0.0010215664018161,0.0070374574347332,0.0379871358304956,0.0001135073779795,0.0033295497540673,0.0833900870223231,0.0114264093832766,0.0082103670071888,0.0623155505107832,0.124971623155505,0.0001891789632992,0.0004540295119182,0.0029511918274687,0.0010215664018161,0.0001513431706394
3104251,0.0282881804973934,0.100589693188616,0.0,0.0,0.478164259465003,0.0,0.0,0.0,0.0009400905905478,0.0743526194342364,0.007093410819588,0.0170925561917785,0.0116229382104094,0.0105973848389027,0.0578583027091702,0.121955388428339,0.0018801811810956,0.0073497991624647,0.0145286727630117,0.0008546278095889,0.0093154431245192,0.0037603623621912,0.0013674044953422,0.0143577472010939,0.0115374754294505,0.0065806341338347,0.0,0.0,0.00153833005726,0.0105973848389027,0.0
3104252,0.0271850130290866,0.0791957180083104,0.000457778716811,0.0,0.0889147123036834,3.52137474470033e-05,0.0013029086555391,0.0,0.0114444679202761,0.0794774279878865,0.0090147193464328,0.0021128248468202,0.0342629762659342,0.0256003943939714,0.0344742587506162,0.101098668920347,0.0019719698570321,0.0389816184238327,0.0372209310514825,0.0010564124234101,0.196633565744066,0.0516585675047539,0.0026058173110782,0.0171138812592436,0.0286639904218607,0.0256003943939714,0.0,0.0021128248468202,0.0047186421578984,0.0610606380731037,0.0
3104186,0.0007117917356346,0.186923248634329,0.0001768949875541,0.0005264731772445,3.15883906346739e-05,0.0295625218486369,0.0005138378209906,0.0002253305198606,0.0310155878178319,0.259163792123119,0.0314262368960826,0.0053447556953868,0.0163122449237456,0.0444153831250605,0.122546108520863,0.000964498860712,0.0039990902543497,0.0072379532407582,0.0038032422324147,0.0316473556305253,0.0003664253313622,0.0063366311613155,5.89649958513914e-05,0.0115213390108201,0.0868322740693007,0.0410501665761133,2.73766052167174e-05,0.006679891672879,0.0271618041604016,0.0005054142501547,2.10589270897826e-05
3104187,0.0480550122002864,0.128718062473532,0.0,0.0001209945754098,2.01657625683115e-05,0.0829821129686019,0.0011292827038254,0.0001008288128415,0.0035895057371594,0.147774708100587,0.0232712900038315,0.0049002803040997,0.0835669200830829,0.014438685998911,0.0239770916937224,0.0004638125390711,0.0076629897759583,0.0933674806912823,0.0084897860412591,0.0018754159188529,0.0013511060920768,0.0043961362398919,0.0,0.010486196535522,0.0284135594587509,0.0122809494041017,0.0001008288128415,0.0174837161467261,0.0247433906713182,0.000846962027869,0.190082477968904
3104188,0.101135247243751,0.150220136084125,0.0,0.0003456682312702,0.0006185642033256,0.0929119819524797,0.0009096532401848,0.0003274751664665,0.0228141032638358,0.162518647891424,0.0358403376632828,0.006058290579631,0.0227049448750136,0.0156824218607867,0.0548520903831459,0.0003820543608776,0.0236509842448059,0.0698067896517847,0.0096241312811556,0.0001819306480369,0.0025652221373212,0.0010370046938107,0.0,0.0074591565695157,0.0514136011352472,0.0113342793727031,0.0021649747116399,0.0051668304042499,0.0758650802314158,9.09653240184842e-05,0.0282538296401412
3104258,0.0060578955927793,0.227394698324931,4.06570174012035e-05,0.0003659131566108,0.0007724833306228,0.0564725971702716,0.0003659131566108,4.06570174012035e-05,0.0036184745487071,0.162790697674419,0.0099609692632948,0.0133355017075947,0.0841193690030899,0.0079687754106358,0.056350626118068,0.0015043096438445,0.0141079850382176,0.0426492112538624,0.0079281183932346,0.0053260692795576,0.0859895918035453,0.0178077736217271,0.0,0.0056513254187672,0.0199219385265897,0.0014229956090421,0.027972027972028,0.0118311920637502,0.0505773296470971,0.0232151569360872,0.0120344771507562
3104259,0.0127695615349534,0.16802397550329,3.25754120789628e-05,0.0001954524724737,0.0,0.0146263600234543,0.0001303016483158,0.0001628770603948,0.0182096553521402,0.175027689100267,0.0255716984819858,0.0238452016418008,0.0940777900840446,0.022737637631116,0.0562903120724477,0.0012052902469216,0.0031923903837383,0.0857059091797511,0.0108150368102156,0.0039416248615545,0.115968467001108,0.0141377288422699,0.0,0.0138119747214802,0.0404586618020718,0.0095120203270571,0.0107173105739788,0.0082090038438986,0.0292852954589876,0.0135187960127696,6.51508241579256e-05
3104260,0.0121547377135546,0.24629336945887,0.0,3.76307669150297e-05,0.0003386769022352,0.0412056897719576,0.0004139384360653,0.0,0.013923383758561,0.146985775570106,0.0243094754271092,0.0128697222849402,0.0637841499209754,0.017724091216979,0.0618273500413938,0.0009031384059607,0.0359750131707684,0.032964551817566,0.012606306916535,0.0008655076390456,0.104764055091443,0.0135470760894107,0.0,0.0082787687213065,0.0388349514563107,0.0057198765710845,0.0377436592157748,0.0044780612628885,0.0165575374426131,0.0005268307368104,0.0
3104153,0.203799257819403,0.0131118572185899,0.0024032514578547,0.0001590386994168,0.0003357483654355,1.76709666018731e-05,0.0029510514225128,0.0004771160982505,0.0337162042763739,0.0632974023679095,0.0007068386640749,1.76709666018731e-05,0.0002473935324262,0.0210814631560346,0.0218766566531189,0.0012546386287329,0.0005301289980561,0.0502562290157272,0.0021558579254285,0.0008128644636861,0.0045414384166813,0.0129351475525711,8.83548330093656e-05,0.0003534193320374,0.0013783353949461,0.180880014136773,0.0011309418625198,0.0106379218943276,0.0473758614596218,0.0,0.242215939211875
3104154,0.259122310830861,0.0130285608308605,0.0044394473293768,0.0013793583086053,2.31824925816024e-05,0.0,0.0008461609792284,2.31824925816024e-05,0.006294046735905,0.168791728486647,0.0028978115727003,0.0013909495548961,9.27299703264095e-05,0.0038946587537092,0.0318179710682493,0.0018430081602373,0.0006259272997032,0.0002781899109792,0.0038946587537092,0.0234490912462908,0.0261034866468843,0.0002550074183976,5.79562314540059e-05,0.0303806565281899,0.0006838835311572,0.0175723293768546,0.0010316209198813,0.0013793583086053,0.0051233308605341,1.15912462908012e-05,0.344457066023739
3104155,0.17687833083702,0.132025961661268,0.0363649029920931,0.0006037595643642,0.0001277183693847,0.0566721237242677,0.0001973829345036,2.32215217063174e-05,0.0157906347602958,0.0742740371776563,0.0287714653941273,0.0014861773892043,0.0027169180396391,0.0160344607382122,0.0266931392014119,0.0259848827893692,0.0085106877053653,0.0517027180791157,0.068770536533259,0.003146516191206,0.0024382597791633,0.0263332056149639,4.64430434126348e-05,0.0061188709696146,0.0039476586900739,0.0305711333263669,0.0014513451066448,0.0003483228255947,0.0016371172802953,0.0001044968476784,0.173592485515576
3104156,0.0336703503409358,0.13683870209264,0.0563543381142723,0.0052668704443921,0.0001528332941453,0.0060604279332236,0.0002351281448389,2.93910181048672e-05,0.0054079473312955,0.196402539383964,0.0038796143898424,0.0049553256524806,0.0003938396426052,0.0245356219139431,0.0229778979543851,0.0317246649423936,0.013931342581707,0.0040677169057136,0.0258170703033153,0.185175170467905,0.0272278391723489,0.0100752410063485,5.29038325887609e-05,0.0045556078062544,0.0092464142957912,0.0452856806959793,0.0065483188337644,0.014383964260522,0.0448154244063014,0.0318422290148131,2.93910181048672e-05
3104157,0.0195212447636146,0.148581687612208,0.0731358467983244,0.0063614602034709,6.58288450029922e-05,0.0032375822860562,0.0004548174745661,2.99222022740874e-05,0.0149970077797726,0.195457809694794,0.0005505685218432,5.38599640933573e-05,0.0002872531418312,0.0185757031717534,0.0368821065230401,0.0015798922800718,0.0192399760622382,0.0012806702573309,0.0121484141232795,0.155110712148414,0.0052064631956912,0.0295032914422502,5.98444045481747e-05,0.0009275882704967,0.0023099940155595,0.0267085577498504,0.0122501496110114,0.0041412327947336,0.0161819269898265,0.0021783363255535,5.98444045481747e-06
3104158,0.0005617100951786,0.171186352525095,0.31814635668591,0.000104020387996,6.24122327976283e-05,0.0,0.000208040775992,1.04020387996047e-05,0.0002808550475893,0.322317574244552,0.0001352265043948,5.20101939980236e-05,0.0,0.0059083580381754,0.0328496385291517,0.0043376501794351,0.0002496489311905,0.0001768346595932,0.0042336297914391,0.0010402038799604,4.16081551984189e-05,0.0092058043376501,7.28142715972331e-05,0.0007489467935715,0.0001144224267956,0.0395069433608987,0.0274925885473553,0.000156030581994,0.0046913194986217,0.0021220159151193,1.04020387996047e-05
3104238,0.0923193340900492,0.0812356724755737,0.0352763125681601,0.0022478912109679,2.22563486234448e-05,0.0,0.0001335380917406,0.0,0.0003338452293516,0.120206538915226,0.0130644766419621,0.0071442879081257,0.0402839910084352,0.0077452093209588,0.031670784091162,0.063141261044713,0.0102379203667846,0.107275600365004,0.0967706038147381,0.0071442879081257,0.0369900514121653,0.0346976475039505,0.0354543633571476,0.0186063074491999,0.0063875720549286,0.0045848078164296,0.001802764238499,0.0002893325321047,0.0007789722018205,0.0009125102935612,0.0854198660167813
3104239,0.0141405588484335,0.0841772509173017,0.012497883149873,0.0140615297770251,0.360959638724245,2.25797346881174e-05,3.38696020321761e-05,1.69348010160881e-05,0.0004628845611064,0.0317922664408693,0.0040587073101891,0.0032289020604007,0.0250522156364663,0.0041772509173017,0.0289923793395428,0.0713576065481231,0.0085859441151566,0.0316737228337567,0.0196274343776461,0.0029748800451594,0.139480666102173,0.0038780694326841,0.0060908834321196,0.0054699407281964,0.0080666102173299,0.0065255433248659,0.0282980524978831,8.46740050804403e-05,0.0004346598927462,0.0246457804120802,2.25797346881174e-05
3104240,0.0038390033078204,0.306106188280175,0.0204263949585919,0.0126759543182751,0.0423739044353768,2.41446748919526e-05,0.0,2.41446748919526e-05,0.0004104594731631,0.0397904242219379,0.0048289349783905,0.0013762464688413,0.0340439915976531,0.0049979477026341,0.0126035202935992,0.0693676509645798,0.0172392978728541,0.0470338266895236,0.0316295241084579,0.0028973609870343,0.246058381823889,0.0087403723108868,0.005046237052418,0.0089818190598063,0.0046599222541468,0.0024386121640872,0.0073399811671535,0.0002173020740275,0.0005553275225149,0.0003621701233792,0.0469855373397397
3104296,0.0011043378390317,0.454928291662986,0.123420796890185,0.0,2.94490090408458e-05,1.47245045204229e-05,0.0003092145949288,0.0001472450452042,0.0154460052419236,0.1448449509674,0.000559531171776,0.0032982890125747,0.0006184291898577,0.0151220661424743,0.0772594752186589,0.0033866360396972,0.0043142798244839,0.0031952174809317,0.0300232647171423,0.0647141973672586,0.0002208675678063,0.0015902464882056,0.0004122861265718,0.0046382189239332,0.0192743764172336,0.0111022764083989,0.0006773272079394,0.0003828371175309,0.0017522160379303,0.0013693789203993,1.47245045204229e-05
3104297,0.00025673560676,0.0939997926366253,0.0993171820304824,0.0,0.0003653545173123,4.93722320692396e-06,9.38072409315553e-05,1.48116696207719e-05,0.0134588704620747,0.203813511205028,0.0045619942431977,0.0042904469668169,0.0121653179818606,0.0358491777054749,0.160607870921236,0.0039744646815737,0.0031647600756382,0.0020193242916319,0.0095288407893632,0.0823232597522501,3.94977856553917e-05,0.0286260201537451,6.41839016900115e-05,0.0058012372681356,0.0309909500698617,0.0113062411438559,9.87444641384792e-06,0.0022661854519781,0.16636467318051,0.0019551403899418,1.48116696207719e-05
3104298,0.0004124311603872,0.392889201581795,0.101094155607851,0.0581770542710886,6.06516412334118e-05,3.63909847400471e-05,0.000303258206167,3.63909847400471e-05,0.0003153885344137,0.166901186346103,0.0004366918168805,0.0136587496057643,0.0075086731846963,0.0124821077658361,0.0578980567214149,0.0109779470632475,0.0131250151629103,0.0027657148402435,0.0642058274096897,0.0579344477061549,9.70426259734588e-05,0.0089521822460515,0.0002547368931803,0.0030447123899172,0.0006186467405808,0.0098862175210461,0.0,0.0004124311603872,0.0018074189087556,0.0012615541376549,0.0
3100416,0.0218360071301248,0.48373440285205,0.0,0.0,0.0,0.0,0.0,0.0144830659536542,0.0031194295900178,0.0242869875222816,0.0011140819964349,0.0004456327985739,0.0,0.0080213903743315,0.0035650623885918,0.0118092691622103,0.0,0.0,0.0,0.0454545454545455,0.0015597147950089,0.0026737967914438,0.0,0.0,0.0,0.0,0.0142602495543672,0.0637254901960784,0.274064171122995,0.0008912655971479,0.0002228163992869
3100417,0.0867271913560514,0.30046032862349,1.59836327600537e-05,0.0,0.0047311552969759,3.19672655201074e-05,0.001198772457004,0.0729492999168851,0.0416373633399399,0.0275557828783326,0.0021418067898472,0.0009909852311233,3.19672655201074e-05,0.0098938686784732,0.0324627581356691,0.0603062464036826,0.0,3.19672655201074e-05,0.0018541014001662,0.0754747138929736,0.0078799309507064,0.0039959081900134,0.0,0.0006553289431622,0.0048909916245764,0.0,0.0382967840930887,0.0235279074227991,0.0945112205101976,0.0019979540950067,0.0
3100418,0.0869565217391304,0.626086956521739,0.0,0.0,0.0004968944099378,0.0,0.0004968944099378,0.0002484472049689,0.0216149068322981,0.0124223602484472,0.0022360248447205,0.0004968944099378,0.0,0.0039751552795031,0.0226086956521739,0.0009937888198757,0.0004968944099378,0.0,0.0,0.0027329192546583,0.0094409937888198,0.0012422360248447,0.0,0.0,0.0047204968944099,0.0,0.0002484472049689,0.0012422360248447,0.0101863354037267,0.0004968944099378,0.0
3104056,0.35110097627022,0.226703722178674,0.0,0.0,0.0007363595334806,0.0,0.000855127200171,0.156108221097888,0.0082899831349913,0.071236846480914,0.0022090786004418,0.0001187676666904,0.0008313736668329,0.0391458229411625,0.0214969476709661,0.0070310458680728,0.0098577163353048,0.0003563030000712,0.0110691465355472,4.75070666761681e-05,0.0045606784009121,0.0020428038670752,0.0,0.0016865008670039,0.0087413002684149,0.0,7.12606000142521e-05,0.00285042400057,0.0099527304686572,7.12606000142521e-05,0.0
3104053,0.0003229974160206,0.288759689922481,0.072593669250646,0.0016149870801033,0.0001614987080103,0.0020994832041343,0.0,0.0,0.0007267441860465,0.0497416020671835,0.0047642118863049,0.0002422480620155,0.0063791989664082,0.0124354005167959,0.36046511627907,0.0282622739018088,0.0041989664082687,0.0184108527131783,0.0791343669250646,8.0749354005168e-05,0.0002422480620155,0.0095284237726098,0.0,0.0140503875968992,0.0183301033591731,0.0075096899224806,0.0007267441860465,8.0749354005168e-05,0.0008074935400516,0.0,0.0003229974160206
3104057,0.330001808972504,0.0277903400868307,0.0,0.0,0.0003617945007235,0.0,0.001718523878437,0.217732452966715,0.0221146888567294,0.0534777496382055,0.002419500723589,0.000407018813314,0.0021707670043415,0.0604649059334298,0.0660727206946454,0.0050877351664254,9.04486251808972e-05,0.0018315846599131,0.0177279305354559,0.003233538350217,0.0068967076700434,0.0064896888567293,0.0,0.0032109261939218,0.0123236251808972,0.0056982633863965,2.26121562952243e-05,0.0076429088277858,0.0291018451519537,0.0085021707670043,0.0204187771345876
3104054,0.0066414214972327,0.440489367899796,0.0277891057384212,0.0021555490824351,5.82580833090591e-05,0.0004078065831634,0.0001747742499271,0.0001165161666181,0.0020972909991261,0.144771337023012,0.00990387416254,0.0001747742499271,0.0055927759976696,0.0162540052432275,0.0122341974949024,0.0041945819982522,0.0081561316632682,0.015729682493446,0.0163705214098456,0.0,0.0019225167491989,0.0093795514127585,0.0027963879988348,0.0605301485581124,0.052199242644917,0.0598310515584037,0.0,0.0005825808330905,0.002039032915817,0.0,0.0625109233906204
3104058,0.388062390610522,0.0758004735920931,0.0,0.0,0.0003088644085246,0.010346957685576,0.0008493771234428,0.206321424894471,0.0097034901678163,0.0512457531143828,0.0030886440852465,0.0014671059404921,0.0009523319262843,0.0788891176773397,0.0225471018223,0.0100895706784722,5.14774014207763e-05,0.0004375579120765,0.035673839184598,7.72161021311644e-05,0.0012869350355194,0.00066920621847,0.0,0.0055338206527334,0.0272315453515907,0.0027283022753011,0.0038093277051374,0.0031143827859569,0.0098579223720786,0.000334603109235,0.004710182230001
3104059,0.405040902056157,0.166777212764389,0.0,0.0,0.0005158817893728,0.0,0.0014002505711548,0.154764536811851,0.0100965435920112,0.0334586189107524,0.0012528557741911,0.0008106713833001,0.0016213427666003,0.0378067654211806,0.0185717444174221,0.0146657822978849,0.0006632765863365,0.0,0.0694966467683691,0.0001473947969636,0.0014739479696366,0.0039059621195371,0.0,0.0064853710664013,0.0190139288083131,0.0012528557741911,0.0005158817893728,0.0016950401650821,0.007959319036038,0.0032426855332006,0.0002210921954455
3104055,0.0104185595735659,0.501968623175238,0.0391907444424253,0.0088436610333757,0.0,0.0014537524986371,6.05730207765461e-05,0.0,0.0009085953116481,0.0639651099400327,0.0086619419710461,0.0014537524986371,0.0106002786358956,0.0107819976982252,0.0634805257738203,0.068992670664486,0.0067236053061966,0.0955842267853898,0.0535465503664668,6.05730207765461e-05,0.0003028651038827,0.0034526621842631,0.0021806287479556,0.0214428493548973,0.0152644012356896,0.004664122599794,0.0001817190623296,6.05730207765461e-05,0.0,0.0001817190623296,0.0
3104114,0.319898338408421,0.180785000119884,4.79535809336562e-05,0.0,0.001102932361474,0.0376435610329201,0.0028772148560193,0.0169515908600475,0.0118924880715467,0.0798187354640708,0.0008391876663389,0.0016064449612774,0.0052029635313017,0.0163281943079099,0.0430143620974896,0.0164480782602441,0.0097345769295322,0.0019660968182799,0.0690771333349318,0.0004795358093365,0.0116766969573453,0.007384851463783,0.0,0.0030930059702208,0.0036684489414247,0.033615460234493,0.0020140503992135,0.0021818879324813,0.0068094084925791,0.0001678375332677,0.0653367540221066
3104115,0.180421291323547,0.0792158968850698,5.96729920038191e-05,4.47547440028643e-05,0.0051020408163265,0.0002685284640171,0.00031328320802,0.0008950948800572,0.0066982933524286,0.0530492898913952,0.0132772407208497,0.0009100131280582,0.017797469865139,0.0149928392409595,0.0887784938536818,0.0259875880176632,0.0036698890082348,0.0211988304093567,0.187328440147989,0.0013277240720849,0.003953335720253,0.0511695906432749,0.0,0.0152912042009786,0.0192594581692326,0.0576739467716911,0.0002685284640171,0.0143065998329156,0.045202291442893,0.0071160042964554,0.0002536102160162
3104116,0.0365605465910743,0.423753452536706,0.0021078645151911,0.0001453699665649,0.0,0.0095944177932839,0.0002907399331298,0.0034161942142753,0.001453699665649,0.0855502253234482,0.0060328536124436,0.0056694286960314,0.0049425788632068,0.0053060037796191,0.0186073557203082,0.0516790231138247,0.0026893443814507,0.0176624509376363,0.0731210931821486,0.0005087948829771,0.111280709405437,0.0007268498328245,0.0,0.0055240587294664,0.0098851577264137,0.0026166593981683,0.0069050734118331,0.0026166593981683,0.0090129379270242,0.0,0.0465910742840529
3104118,0.0650843810932562,0.32538828750084,0.0006051233779331,0.0001008538963221,0.0002857527062462,0.0108754118200766,8.40449136018288e-05,0.0002353257580851,0.0012102467558663,0.0940630673031668,0.0098668728568547,0.010892220802797,0.0253143279768708,0.0112452094399247,0.0202548241780407,0.014842331742083,0.0145397700531164,0.0336515834061723,0.137010018153701,0.0002689437235258,0.0421065017145162,0.0009749209977812,0.0083372554293014,0.0063033685201371,0.0067908290190277,0.0047233241444227,0.0174477240637397,0.0087574799973105,0.0472668594096685,0.0018153701337995,0.0010253479459423
3104254,0.0448968209704406,0.277620037519647,0.0010647467423819,0.0,0.0002281600162247,0.0316381889164934,0.0003549155807939,0.0002028089033108,0.0023576535009886,0.0592962531055113,0.0071743649546215,0.0033970491304568,0.0169345434264564,0.0207118592506211,0.0422603052273995,0.0124980986665315,0.0119657252953405,0.0355169091923135,0.0998073315418547,7.60533387415707e-05,0.135527049637479,0.0034224002433706,0.0148304010546063,0.006008213760584,0.0042843380824418,0.0102418496171982,0.0018506312427115,0.0289256198347107,0.0451503320995792,5.07022258277138e-05,0.0
3104255,0.0131105996741744,0.420366683044142,0.0018360011378035,4.74084800841285e-05,9.4816960168257e-05,0.0231913664847905,4.74084800841285e-05,8.61972365165973e-06,0.0007757751286493,0.0696473671054106,0.0175928559730375,0.0120762328359753,0.0390301086947152,0.0088610759139062,0.0382974321843242,0.0191530259539879,0.0167912216734331,0.05172696163361,0.0525070466240852,0.0009998879435925,0.0637040676475912,0.0032970442967598,0.000986958358115,0.0105807107824123,0.0074689905441631,0.0095075551877806,0.0469602544542422,0.0013877755079172,0.0058183134648703,0.0008662822269918,0.0004482256298863
3104256,0.0015172862252086,0.443061124959358,0.0015443806220873,2.70943968787255e-05,5.4188793757451e-05,0.0001083775875149,5.4188793757451e-05,0.0,0.0005418879375745,0.0569253278422022,0.0033190636176438,0.0268234529099382,0.0135607456378021,0.0127750081283191,0.193955240056356,0.0363200390159315,0.0082096022542538,0.0089817925652975,0.0285033055164192,0.0006638127235287,0.000785737509483,0.0024384957190852,0.0013953614392543,0.0120570066110328,0.0058388425273653,0.0207136664137856,0.0821502113362957,2.70943968787255e-05,1.35471984393627e-05,0.0070716375853473,0.0
3104257,0.0213392704230176,0.333687275218359,0.001335845178969,1.71262202431923e-05,3.42524404863847e-05,0.046480561740024,6.85048809727693e-05,1.71262202431923e-05,0.0017468744648056,0.051378660729577,0.0077924302106525,0.014779928069875,0.0317691385511218,0.0051892447336872,0.0251755437574927,0.0343380715876006,0.0233772906319575,0.0486727179311526,0.0869155677342011,0.003476622709368,0.0741394074327796,0.0477821544785066,0.0084261003596506,0.0068162356567905,0.0063367014899811,0.0039390306559342,0.0151053262544956,0.0003939030655934,0.000445281726323,0.0012844665182394,0.0
3104327,0.0072405210589262,0.167340078223486,0.0006464750945469,0.0,3.23237547273491e-05,0.0151598409671267,6.46475094546983e-05,3.23237547273491e-05,0.0003555613020008,0.0214629731389598,0.0024889291140058,0.0029091379254614,0.0041051168503733,0.0039758218314639,0.026667097650063,0.065455603322882,0.0097617739276594,0.0170022949865856,0.0146749846462165,0.0028444904160067,0.489252351553156,0.0681707987199793,0.000840417622911,0.0026505478876426,0.0064001034360151,0.0018747777741862,0.0019717490383683,9.69712641820474e-05,0.0007111226040016,0.0,0.0012606264343666
3104328,0.0080067158924735,0.0685039085772057,0.0001715080067158,1.80534743911466e-05,8.12406347601596e-05,0.0240111209402249,5.41604231734397e-05,0.0,0.0020400426061995,0.034798071888935,0.0023379249336534,0.0018414543878969,0.0104349081980827,0.0016157859580076,0.0322976656857612,0.12029029986821,0.117501038074777,0.0421458359661317,0.0463432687620733,0.0012908234189669,0.175967214890506,0.221741799209258,0.0008214330847971,0.0149753570074561,0.0067971331082666,0.0014262244769005,0.0007762993988193,1.80534743911466e-05,0.0001354010579335,0.000740192450037,0.0136393999025112
3104329,0.0389261027577852,0.292631653958526,0.0007838666001567,8.90757500178151e-05,5.34454500106891e-05,0.0176013682035203,1.7815150003563e-05,0.0,0.0002672272500534,0.0485997292097199,0.0036342906007268,0.001995296800399,0.0215385163543077,0.0044894178008978,0.0547281408109456,0.178329651535666,0.0241395282548279,0.0677510154635502,0.0241038979548208,0.0006413454001282,0.0735409392147082,0.057525119361505,0.0006413454001282,0.0095845507019169,0.004685384450937,0.0010332787002066,0.0125596807525119,1.7815150003563e-05,5.34454500106891e-05,0.0018527756003705,1.7815150003563e-05
3104330,0.001632534307466,0.149869882166583,0.0004040926503628,0.0,0.0004687474744209,0.0055441511629786,0.0001616370601451,1.6163706014515e-05,0.0007920215947112,0.0474404771526016,0.0132057478138588,0.001632534307466,0.0265892963938772,0.0041540724457303,0.118738584382627,0.173032472885383,0.0348651138733089,0.0352368791116427,0.0426560201723051,0.0029741219066707,0.233985808266119,0.0326830135613493,0.000598057122537,0.012429889925162,0.0124137262191475,0.004865275510369,0.0034105419690626,0.001632534307466,0.0066271194659511,0.0015355520713789,0.0028286485525401
3104349,0.0280676673814629,0.279151775077436,0.0011913271384322,0.0066714319752204,0.0,0.0246366452227782,0.0,0.0010483678818203,0.0,0.0644269716464141,0.0060995949487729,0.0091493924231594,0.0511317607815106,0.0063855134619966,0.0871574934477007,0.178508458422683,0.0091017393376221,0.0631879914224446,0.0286871574934477,0.0008101024541339,0.0103883726471289,0.0193948058136764,0.0012866333095067,0.0142482725756493,0.0099594948772933,0.0022396950202525,0.0089111269954729,4.76530855372885e-05,0.0052418394091017,0.0035739814152966,0.0
3104350,0.0121931756519519,0.31000031919308,0.0010214178556608,0.0001276772319576,9.57579239682084e-05,0.0187685530977688,0.0,0.0001276772319576,0.0003830316958728,0.0241629161479779,0.0268760573270771,0.0782023045740368,0.0213220977369211,0.0037983976507389,0.0963963101279964,0.0403140859906157,0.0189919882536947,0.0766701777905455,0.037090235883686,6.38386159788056e-05,0.002936576335025,0.0854479874876313,0.0004468703118516,0.0117782246480896,0.0074371987615308,0.0025535446391522,0.0388138785151138,6.38386159788056e-05,0.000159596539947,0.0013725302435443,0.0015640460914807
3104135,0.0111159024483733,0.147956494657659,0.0234296392123042,0.0101097216233051,9.58267452445978e-05,0.0010540941976905,0.0004791337262229,0.0,0.0042163767907623,0.0821235206746203,0.0183508217143405,0.0356475492309904,0.0156197594748694,0.0470988452877198,0.133726222988836,0.139380000958267,0.0098222413875712,0.0550524651430214,0.0786258444731925,0.0032581093383163,0.011067989075751,0.0123616501365531,0.0103492884864166,0.0430262086148244,0.0415888074361554,0.028700110200757,0.0119783431555747,0.0,0.0003833069809783,0.0002395668631114,9.58267452445978e-05
3104218,0.001745906309154,0.251006193372907,0.0176060867807325,0.0349365041442302,3.67559222979803e-05,0.0089500670795581,0.0003491812618308,5.51338834469704e-05,0.0035469465017551,0.0469189348133718,0.0153823534817047,0.0049620495102273,0.0259129252200761,0.0164482752283462,0.0604083582967306,0.0538474261665411,0.0467351552018819,0.0424530902541672,0.085751566721188,3.67559222979803e-05,0.0104938158160734,0.0117251392130557,0.0037858599966919,0.0579457115027659,0.0323268336610736,0.0182309374597982,0.0234135225038134,0.0005880947567676,0.0023340010659217,3.67559222979803e-05,0.0969621230220719
3104219,0.0089324571329097,0.225889981721647,0.014557402733049,0.0078444599181826,8.70397771781704e-05,0.0090521368265297,4.35198885890852e-05,0.0,0.0023718339281051,0.0616676821307337,0.0120550091391766,0.0023609539559578,0.0041343894159631,0.0083993384976934,0.132191661589346,0.173220036556706,0.0504395508747498,0.0689028636086692,0.0989859865958743,0.0005657585516581,0.0009465575768126,0.0122182087213857,0.0027308730089651,0.0309752807032814,0.0185068326225085,0.0076486204195317,0.0002502393593872,7.61598050308991e-05,0.0029593524240577,0.0,0.0262424928192184
3104282,0.0410727588775764,0.263719890737522,0.0065060839334492,0.0,0.0,0.0643655326545816,0.0,0.0001489942885522,0.0064067544077477,0.0786193195927489,0.0141544574124659,0.0105785944872113,0.0333250558728582,0.0264713185994537,0.0994288552272163,0.0280605910106779,0.008393344921778,0.0416190712689347,0.129029053886268,0.0070523963248075,0.0,0.0047678172336727,0.0,0.0161410479264961,0.0416687360317854,0.0385398559721877,0.0027812267196424,0.0,0.0,4.96647628507574e-05,0.0
3104341,0.0111674216262277,0.172220478091223,0.0004933399111988,0.0,0.0008072834910526,0.0128268376911692,0.0,0.0,0.0005830380768713,0.117459747948154,0.0160111225725434,0.0045746064492981,0.042920572274297,0.0171323496434498,0.132170247118446,0.039242947481724,0.0235906175718707,0.0721173252006996,0.104408664842804,0.0041261156209355,0.0436381575996771,0.0074449477508185,0.010853478046374,0.0442660447593847,0.0316186033995605,0.018746916625555,0.0063237206799121,0.0030497376328654,0.0174911423061398,4.4849082836256e-05,0.0
3104342,0.0634175217048145,0.159550118389897,0.000197316495659,0.0129834254143646,0.0,0.0173243883188635,0.0,0.0001183898973954,0.0023677979479084,0.105169692186267,0.0217837411207577,0.0007498026835043,0.0088397790055248,0.0431333859510655,0.110220994475138,0.0269139700078927,0.0257695343330702,0.0651933701657459,0.135674822415154,0.0006708760852407,0.000197316495659,0.0071823204419889,0.0036306235201262,0.013930544593528,0.0357142857142857,0.0918310970797159,0.0001578531965272,0.0028413575374901,0.0115232833464878,0.0,0.0033543804262036
3104343,0.0648250460405157,0.0999736911339121,0.0016837674296237,0.0137858458300447,0.0001052354643514,0.0250986582478295,0.0,0.0002104709287029,0.0074717179689555,0.0586687713759537,0.0106813996316759,0.0001578531965272,0.0035253880557748,0.0208892396737701,0.0107340173638516,0.113443830570902,0.0093659563272822,0.0350960273612207,0.0561957379636938,0.0745593264930282,0.0147329650092081,0.0048934490923441,0.0,0.0060510392002104,0.0081557484872402,0.0194159431728493,0.0007892659826361,0.0008945014469876,0.0056300973428045,0.0,0.272665088134701
3104023,0.0332838116089348,0.0835874579716944,0.0002085125237834,0.0,0.0005212813094586,0.0,5.21281309458649e-05,0.0007037297677691,0.0334141319362994,0.177861182787291,0.0325018896447468,0.0071936820705293,0.0506164151484349,0.0181666536346339,0.0539526155289702,0.098417911225793,0.0028931112674955,0.121171840383663,0.0320848645971799,0.0007819219641879,0.0196523053665911,0.0067245288920165,0.0049521724398571,0.0217895587353715,0.054421768707483,0.0151692861052467,0.0236922355148956,0.0004170250475669,0.0042484426720879,0.0001042562618917,0.0558813563739672
3104024,0.0154007916872835,0.476806036615537,0.0048861949529935,0.0001237011380504,0.0001855517070757,0.0001237011380504,6.1850569025235e-05,0.0,0.0004329539831766,0.103599703117269,0.0140400791687284,0.0078550222662048,0.0206580900544285,0.0167615042058387,0.0546759030183078,0.050531914893617,0.005009896091044,0.0567788223651658,0.0333993072736269,0.0,0.0178748144482929,0.0038347352795645,0.0,0.0196066303809995,0.0149059871350816,0.0009277585353785,0.0019173676397822,0.0,0.0006185056902523,0.0,0.0538099950519545
3104025,0.0906034627668516,0.147881996974281,0.0018910741301059,0.0,0.0,0.0038241721297697,0.0002941670869053,4.20238695579089e-05,0.009203227433182,0.0268532526475038,0.0074382249117498,0.0015128593040847,0.0063456043032442,0.0084467977811396,0.023071104387292,0.0178601445621113,0.0214741973440914,0.0343755252983695,0.0721129601613717,0.0005463103042528,0.0413935115145403,0.0055471507816439,0.0141200201714574,0.0089931080853925,0.0073121533030761,0.0127752563456043,0.0002521432173474,0.0009665489998319,0.110480753067742,0.0,0.290426962514708
3104177,0.0119086298718727,0.27861673423837,0.0013278899264009,4.2379465736202e-05,0.0002825297715746,0.109324895110822,7.06324428936699e-05,2.8252977157468e-05,0.0011866250406136,0.0644309144076057,0.01216290666629,0.0162313353769653,0.0022037322182825,0.0056647219200723,0.0723982539660117,0.0139569707157892,0.0177852491206261,0.0407266665724901,0.050233793385978,0.0005933125203068,0.16279365438133,0.0164291062170676,1.4126488578734e-05,0.0082498693299806,0.0204269024848493,0.0040119227563604,0.0075011654353077,0.0121770331548687,0.032603935639718,0.0141406150673127,1.4126488578734e-05
3104178,0.0075890201410724,0.317608566329566,0.0551032548653013,5.94883997620464e-05,4.24917141157474e-05,0.012110138522988,0.0002209569134018,2.54950284694485e-05,0.0003059403416333,0.0777088467748789,0.0063057703747769,0.0117787031528852,0.0047590719809637,0.0056004079204555,0.0411829693209824,0.0169626922750064,0.0031953769015042,0.0316903203875244,0.0911022350641625,0.0003059403416333,0.159981303645789,0.00955213733322,0.000118976799524,0.0153140137673154,0.0159428911362284,0.0068411659726353,0.0131129429761197,0.0019121271352086,0.0125690490354381,0.0018611370782697,8.49834282314949e-06
3104179,0.0180021213953627,0.338858213467887,0.0346362401736769,9.91306244238033e-06,9.91306244238033e-06,3.96522497695213e-05,0.0001486959366357,9.91306244238033e-06,0.0028847011707326,0.0867591224957126,0.0065723603992981,0.0188249055780802,0.0114495871209493,0.0108746294992912,0.0714930063344469,0.0389583353985547,0.0031127016069074,0.0065327081495286,0.0226116954310695,0.009437235445146,0.0309089286953419,0.012173240679243,4.95653122119016e-05,0.005422445155982,0.0161781179059647,0.0317614520653866,0.0045500956610525,0.0101212367536703,0.041416774884265,0.130178335993338,1.98261248847607e-05
3104180,0.0323536876300695,0.0610019795949444,0.0492969900005076,1.01517689457388e-05,5.0758844728694e-05,0.0018171666412872,0.0004060707578295,6.09106136744328e-05,0.0016547383381554,0.113151616669205,0.0156540277143292,0.009908126491041,0.0229531495863154,0.0136744327699102,0.0533983046545861,0.0248515303791686,0.0077051926298157,0.0409522359271103,0.135109892898838,0.0010456322014111,0.294147505202782,0.0050251256281407,5.0758844728694e-05,0.0217349373128268,0.0237348357951373,0.0273894726156033,6.09106136744328e-05,0.0015735241865895,0.0037764580478148,0.0004568296025582,0.012669407644282
3104181,0.0003160812409835,0.0264697777705736,0.0170278637770898,9.72557664564861e-05,1.62092944094144e-05,0.0,9.72557664564861e-05,5.67325304329503e-05,0.0052112881526267,0.237182500445756,0.0767023811453487,0.0002431394161412,0.0031283938210169,0.0077723566693141,0.0956672556043635,0.005948811048255,0.0003890230658259,0.0255782665780559,0.144708475840047,7.29418248423646e-05,2.43139416141215e-05,8.10464720470718e-05,4.86278832282431e-05,0.0389023065825945,0.254202259575641,0.0352309013988621,4.05232360235359e-05,4.86278832282431e-05,8.10464720470718e-05,8.10464720470718e-06,8.10464720470718e-06
3104060,0.0230275575688939,0.0253869384673462,0.0319932049830125,0.0039637599093997,0.0773876934692337,0.0,0.0006606266515666,0.0054737636844092,0.0055681389203473,0.0733295583238958,0.0031143827859569,0.0041525103812759,0.0006606266515666,0.0056625141562853,0.0338807097017743,0.161381653454134,0.0024537561343903,0.0061343903359758,0.0281238203095508,0.0025481313703284,0.0582295205738014,0.0168931672329181,0.0024537561343903,0.0007550018875047,0.0504907512268781,0.0263306908267271,0.0,0.0029256323140807,0.0184031710079275,0.0382219705549264,0.0710645526613816
3104061,0.0230292712914361,0.0027899938525559,0.0051071073911193,0.0278526504941599,0.680285619709652,4.72880313992529e-05,0.0,0.0007093204709887,0.0472407433678536,0.0155104742989549,4.72880313992529e-05,0.0,0.0024589776327611,0.0004255922825932,0.0025535536955596,0.0094103182484513,0.0004728803139925,0.0006147444081902,0.0024589776327611,0.0001418640941977,0.0,0.033479926230671,0.0006620324395895,0.0007093204709887,0.0003310162197947,0.0015605050361753,0.0,0.0147538657965669,0.102236723885185,0.0,0.0186314843713056
3104062,0.085791351257287,0.0686069781606195,0.0163142782563299,0.0047855216218567,0.2347950926651,0.0,0.0,0.0001740189680675,0.0172713825807013,0.0942312712085617,0.0146610980596885,0.0073087966588358,0.0244061602714696,0.0125728704428783,0.040546419559732,0.030409814669799,0.0013921517445401,0.011963804054642,0.0254067693378578,0.0046550073958061,0.0115287566344732,0.0042199599756373,0.013747498477334,0.0111372139563212,0.0218393804924737,0.0214478378143218,0.0007830853563038,0.0002175237100843,0.0028278082310971,0.0010441138084051,0.0408074480118333
3104100,0.0662778027049548,0.260111531312095,0.0010255752836356,0.0021152490224985,0.0,0.0679443625408628,0.0,0.0,0.0010255752836356,0.0451253124799692,0.0289725017627075,0.0031408243061342,0.0233959361579386,0.008396897634767,0.0553810653163259,0.0514710595474649,0.0323056214345234,0.0462790846740594,0.0210883917697583,0.0026921351195436,0.0596756618165502,0.0012178706493173,0.0312159476956605,0.0066662393436318,0.027434138837254,0.0085891930004486,0.0037818088584065,0.0005127876418178,0.0054483686943144,0.001410166014999,0.0797384783026729
3104101,0.173026881277302,0.159851169800657,0.0007535706295847,0.0057459760505834,0.0005651779721885,0.0586725382378222,0.0002119417395707,0.0,0.0037560786068363,0.0557053538838324,0.0170730845765286,0.0001648435752216,0.0049453072566496,0.0169435646245688,0.0359005757750592,0.0205465741972707,0.0123279445183624,0.0631350893098941,0.0341226200708827,0.0005769525132757,0.0808439991051349,0.005369190735791,0.054516125234019,0.0118098647105229,0.0213707920733789,0.0172497026928375,0.0047569145992534,0.007936040692814,0.026245452083505,0.0007771197117592,0.0457911902883585
3104102,0.227036395147314,0.0502599653379549,0.0,0.0,0.0,0.0155979202772964,0.0,0.0,0.0011554015020219,0.0592143269786251,0.0335066435586366,0.0,0.130560369728481,0.0181975736568458,0.0459272097053726,0.0187752744078567,0.0138648180242634,0.20103986135182,0.0176198729058348,0.0008665511265164,0.0098209127671866,0.0011554015020219,0.0395725014442519,0.0207972270363951,0.0352397458116696,0.0063547082611207,0.0,0.0,0.011842865395725,0.0,0.0037550548815713
3104111,0.0130638306206788,0.228685586697221,0.0025265879311357,0.0012535009890906,0.0,0.0465166382670349,0.0003329612002271,0.0,0.0018802514836359,0.0719392052020291,0.0066788099574984,0.0011555712243179,0.0149049101984057,0.0061499892277258,0.122255518342245,0.0264018645827213,0.0828877529036175,0.0357639500949919,0.024364925475449,0.0030945805668174,0.131030025265879,0.0020173531543177,0.0070901149695438,0.0136514092093151,0.005758270168635,0.0036429872495446,0.0187241710245412,0.0002937892943181,0.0103609691129522,0.0305345006561294,0.0082456861938617
3104112,0.175739283532751,0.199346052962524,0.0011497969889691,0.0016887643275484,0.0,0.117638604433905,0.0006108296503898,0.0005748984944845,0.0029104236283281,0.0223491789730876,0.009952930185764,0.0033775286550968,0.0238942186770148,0.0083719593259315,0.0223491789730876,0.0209837950486867,0.0439797348280694,0.0604362042326902,0.022277316661277,0.0010060723653479,0.058028816787036,0.0123603176314182,0.0339549423304948,0.0146239804534512,0.0102044482771011,0.0065754015306672,0.0003952427149581,0.0008623477417268,0.014983292012504,0.0002155869354317,0.0602206172972585
3104213,0.138286291890211,0.100069979006298,0.0007775445144234,0.0022160018661068,0.0001943861286058,0.0076976906927921,3.88772257211725e-05,0.0,0.0003887722572117,0.0291579192908794,0.0408210870072312,0.0047041443122618,0.009913692558899,0.0156675219656325,0.0361169426949693,0.0106523598476013,0.0390716118497784,0.0511624290490631,0.0273695669077055,0.0010496850944716,0.017805769380297,0.0212269652437602,0.0388772257211725,0.0216934919524143,0.0221600186610683,0.0213435969209237,0.0006220356115387,0.0019049840603374,0.0124795894564964,3.88772257211725e-05,0.304253168493896
3104214,0.0793403507333422,0.0267303494009245,0.0001434911394221,0.000317730380149,3.07481013047444e-05,0.0077792696301003,0.000758453165517,0.0,0.0421248987874999,0.0818616950403313,0.0162452468560066,0.0001024936710158,0.030881343077065,0.0169114557176094,0.0266791025654166,0.100689782405936,0.0041919911445468,0.0389168468847049,0.0951858722723872,0.0017731405085736,0.0897844558098537,0.0282677544661617,1.02493671015815e-05,0.0310453329506903,0.0393165722016665,0.0629721114721166,0.0026033392438017,0.0075742822880687,0.0277655354781842,0.0053399202599239,0.0201195076204044
3104215,0.0916296686482554,0.221611859432613,0.0034364261168384,0.0107607795921439,0.0,0.0693806907968997,0.0009280858855695,0.0,0.0014046705295106,0.0238793990016806,0.0122156169262799,0.001530087541074,0.0042641783931572,0.0231268969322999,0.022876062909173,0.0128677853864098,0.046880878922417,0.0628590061956004,0.059171746055635,0.0002257506208142,0.0957433466275366,0.0162038778939975,0.0758271251912609,0.0135701206511651,0.0370481852158427,0.0120400331100911,0.001128753104071,0.0014799207364486,0.007349436877618,5.01668046253794e-05,0.0104096119597662
3104277,0.087487167788297,0.323143606706969,0.0087829360100376,0.0098095129462758,0.0,0.0779057830500741,0.0009125128322117,0.0,0.0005703205201323,0.0371848979126269,0.027603513174404,0.0013687692483175,0.0104938975704346,0.0147142694194137,0.0179080643321547,0.015512718147599,0.0727728983688833,0.0714041291205658,0.039922436409262,0.0004562564161058,0.0432302954260294,0.0077563590737994,0.0095813847382228,0.0117486027147257,0.0257784875099806,0.0126611155469374,0.0015968974563704,0.001254705144291,0.0068438462415877,0.0005703205201323,0.0150564617314931
3104278,0.16559229803265,0.0838007534533278,0.000920887400586,0.0137714524905818,0.002762662201758,0.0271661783172876,0.0002092925910422,0.0,0.0010883214734198,0.0392632900795312,0.0359146086228547,0.0002092925910422,0.0058183340309753,0.0293009627459188,0.0223105902051067,0.006990372540812,0.0285056508999581,0.0100879028882378,0.0700293009627459,4.18585182084554e-05,0.0262034323984931,0.0375470908329845,0.0773126831310172,0.0238174968606111,0.0549183758894935,0.0169526998744244,0.0016324822101297,0.0028045207199665,0.0133528673084973,0.0001674340728338,0.131268313101716
3100419,0.357935714226678,0.0002562174046003,1.65301551355059e-05,0.0,0.0005372300419039,1.65301551355059e-05,0.0003719284905488,0.0018183170649056,0.0067029779074476,0.00776090783612,1.65301551355059e-05,0.0,2.47952327032589e-05,4.95904654065178e-05,0.0015125091948987,0.0001487713962195,1.65301551355059e-05,4.95904654065178e-05,0.000264482482168,0.257176153598202,0.0003967237232521,0.0157615029217049,0.0579877842153549,0.0001570364737873,1.65301551355059e-05,0.012645568678662,2.47952327032589e-05,0.0200097527915299,0.140539378962072,3.30603102710119e-05,8.26507756775297e-06
3100420,0.621676067687349,0.0001611603545527,0.0,0.0,0.0,5.372011818426e-05,0.0063389739457426,0.0018802041364491,0.0006446414182111,0.12471125436476,0.0024442653773838,5.372011818426e-05,8.058017727639e-05,0.045662100456621,0.0021219446682782,2.686005909213e-05,0.0,5.372011818426e-05,2.686005909213e-05,0.0065538544184797,5.372011818426e-05,0.0219178082191781,0.0022293849046467,0.0003760408272898,0.0001074402363685,0.0130002686005909,2.686005909213e-05,0.0051302712865968,0.024174053182917,0.0,0.0
3100421,0.472638572391437,0.0003530506788201,4.81432743845685e-05,0.0,9.62865487691369e-05,3.2095516256379e-05,0.0030972173187405,0.0017492056359726,0.0134480213114228,0.0989825721346728,0.0021343518310492,0.0,3.2095516256379e-05,0.0150527971242417,0.0127258721956543,0.0006098148088712,0.0014763937477934,1.60477581281895e-05,0.0011233430689732,0.176027858908111,0.0003370029206919,0.0019899220078955,0.130147318419617,0.0010110087620759,0.0080399268222229,0.013127066148859,8.02387906409475e-05,0.0044452290015084,0.0158551850306512,0.0001925730975382,1.60477581281895e-05
3100498,0.259768661238901,0.0001756558550487,0.0,0.0,0.0,5.26967565146365e-05,0.0008431481042341,0.0001053935130292,0.0153962356950263,0.281040585285309,0.0027841453025233,0.0118743358012981,0.0108379662565102,0.0428073318753897,0.0665120895142237,0.0027051001677513,0.0050237574543953,0.0015896854881915,0.0031091086343635,0.0675660246445165,0.0002634837825731,0.0340508875012076,0.037616701358698,0.0033374612459269,0.0088969690582211,0.0019146488200317,0.0018531692707647,0.0031091086343635,0.0108643146347676,0.0755847144274936,1.75655855048788e-05
3100499,0.10169182083739,0.0003448555663745,0.0,0.0,0.0014402791301525,4.05712431028887e-05,0.0028805582603051,0.0,0.0100210970464135,0.267607919506654,0.0033268419344368,0.0028399870172022,0.0211781888997079,0.0990546900357027,0.0066131126257708,0.0003042843232716,8.11424862057773e-05,0.0021908471275559,0.0001419993508601,0.436161148977605,0.0005071405387861,0.0005477117818889,0.0,0.0022517039922103,0.0173239208049335,4.05712431028887e-05,8.11424862057773e-05,0.0002231418370658,0.0005477117818889,0.004888834793898,2.02856215514443e-05
3100500,0.09511213486559,0.38754872677568,2.5312610742672e-05,1.2656305371336e-05,0.0004050017718827,0.117741608869539,0.0001012504429706,0.0022401660507264,0.0007214094061661,0.0480306788842201,0.0009365665974788,0.0010884422619349,0.0046575203766516,0.0292107527970435,0.0098212929681567,1.2656305371336e-05,1.2656305371336e-05,0.0084164430719384,0.0009618792082215,0.0684326431428137,0.146281577481901,0.0002531261074267,0.0,0.0009871918189642,0.0183389864830659,0.0011137548726775,0.0012656305371336,0.0045689262390523,0.0185288310636359,1.2656305371336e-05,1.2656305371336e-05
3104147,0.360042286584892,0.0951137229295897,7.77326928159445e-05,0.0,0.000497489234022,0.0002176515398846,0.0007306873124698,0.0686535142950422,0.0132145577787106,0.0636008892620058,0.012266218926356,0.0016945727033875,0.005767765806943,0.17039006265255,0.0556255149790899,0.0317304852074686,0.0005441288497116,0.0004197565412061,0.0016790261648244,0.0005752219268379,0.0157486435645104,0.0001243723085055,7.77326928159445e-05,0.0065450927351025,0.0687001539107318,0.0041820188734978,0.0004508496183324,0.000171011924195,0.0006374080810907,4.66396156895667e-05,3.10930771263778e-05
3104148,0.337889823553549,0.0587214471344549,4.27438106962112e-05,0.0,6.83900971139379e-05,0.0018294350977978,0.0001453289563671,0.0524723020106689,0.0053857201477226,0.0848635617562577,0.0062662426480645,0.0003932430584051,0.0001538777185063,0.0287836821228286,0.0345455478046779,0.0563534400218848,0.0079332512652168,0.004590685268773,0.0011369853645192,0.28068150731774,0.0014105457529749,0.0003846942962659,5.12925728354534e-05,0.0009147175488989,0.0102585145670907,0.0122332786212556,0.0003675967719874,0.0006155108740254,0.0023680071125701,0.0007950348789495,4.27438106962112e-05
3104149,0.15899787863396,0.21854551973468,0.0001195135797304,0.0,2.98783949326242e-05,0.194493411813917,0.0002091487645283,0.0021213660402163,0.0034658938121844,0.0362574322507395,0.0016433117212943,0.0008814126505124,0.0002838447518599,0.0089336400848546,0.0526158534763512,0.0005676895037198,0.0151931638232394,0.0065881860826436,0.0111745197048015,0.130822552212495,0.0029729002957961,0.0018524604858227,7.46959873315605e-05,0.0016433117212943,0.0017478861035585,0.0072006931787624,0.0376318384176402,0.0135647912994114,0.0623562102243867,1.49391974663121e-05,4.48175923989363e-05
3104293,0.0134904805077063,0.0540707162284678,0.0001087941976427,0.0,0.0,0.0205258386219402,0.0009428830462375,0.0,0.0041341795104261,0.147742520398912,0.0196192203082502,0.0031912964641885,0.0981686310063463,0.0176971894832276,0.0436990027198549,0.0469628286491387,0.0023934723481414,0.161160471441523,0.060453309156845,0.0003263825929283,0.0042429737080689,0.0039165911151405,0.0002175883952855,0.0496464188576609,0.0446056210335449,0.0216500453309157,0.0001087941976427,7.25294650951949e-05,0.0005439709882139,3.62647325475975e-05,0.0057298277425204
3104294,0.038447779765145,0.186235321564663,0.0011509448635197,4.66599268994479e-05,0.0001244264717318,0.125701843067113,0.0002021930165642,9.33198537988957e-05,0.0024263161987712,0.068030173419395,0.0140912979236333,0.0390699121238043,0.0175441325141924,0.011602768488996,0.0538766622598958,0.0725561863286414,0.0116960883427949,0.073411618321798,0.0753402286336418,0.0005754724317598,0.0458978147600902,0.0107784431137725,0.0,0.0260828991367914,0.0234232833035228,0.0169531067734661,0.0057236176996656,4.66599268994479e-05,0.0003421727972626,0.0031573217201959,0.0025818492884361
3104295,0.134525939177102,0.125342874180083,0.0007354402703239,0.0228582786722322,0.01951898230968,0.0587954680977937,0.0002186444046909,0.0,0.0018087855297157,0.0577817531305903,0.0117869210892467,0.000834824090638,0.0339296362552177,0.0194991055456172,0.075233551977738,0.0314649175114291,0.0149075730471079,0.0891075332935798,0.150546611011727,0.0005565493937586,0.0002186444046909,0.0107334525939177,0.0120453190220632,0.0194792287815544,0.0298548996223415,0.0241105148081892,0.0020075531703438,0.0013516199562711,0.0016298946531504,3.97535281256211e-05,0.0085271317829457
3100431,0.36102710625429,0.0117812946436854,0.0001855321991131,0.0,0.0011317464145902,0.0007421287964526,0.0007050223566299,0.0013358318336147,0.0085159279392938,0.0203343290228019,0.0001855321991131,0.0128573813985417,0.0007421287964526,0.0373847381213009,0.0042857937995139,0.0004638304977828,0.0003896176181376,0.0120039332826212,0.0013729382734373,0.278780682387428,0.0012059592942355,0.0004267240579602,1.85532199113156e-05,0.0013358318336147,0.0028015362066086,0.0001484257592905,0.0007050223566299,0.0464016029982003,0.153954618824097,0.0246572292621384,0.0
3100432,0.520606167016813,0.010013985675278,0.0001271425025277,3.63264292936326e-05,0.0006054404882272,1.21088097645442e-05,0.0010353032348685,0.0078888895616005,0.0180784529784645,0.0502031252838002,0.041297095701978,0.0038263838855959,0.0005025156052285,0.0121875170280137,0.002827407080021,0.0275717598338671,0.000157414526939,0.0068293687072029,0.0014712203863921,0.0622271733799926,0.000423808341759,0.0031180185143701,2.42176195290884e-05,0.0023127826650279,0.0073258299075492,0.0003087746489958,0.0006659845370499,0.0521042084168337,0.155549770235335,0.0039050911490655,0.0
3100433,0.214612713113029,0.0002762576299726,1.31551252367923e-05,0.0,0.0,2.63102504735845e-05,0.0002236371290254,0.0001447063776047,0.004301725952431,0.0808250894548516,0.0227189012839402,0.0256130288360345,0.0027888865501999,0.0325589349610608,0.0478978109871606,0.4458666596506,2.63102504735845e-05,0.0034992633129867,0.0080904020206272,0.0025652494211744,3.94653757103768e-05,0.0011971163965481,0.0,0.0113134077036413,0.0581456535466218,5.2620500947169e-05,0.0,0.0021311302883603,0.0064986318669753,0.0002104820037886,0.0
3100482,0.0134484142914492,0.413925425649987,0.0005431317448697,0.0438519847923111,0.0001062649066049,0.0275462252343732,0.0001180721184499,5.90360592249746e-05,0.0006257822277847,0.0622830424823482,0.0005667461685597,9.44576947599594e-05,0.0001298793302949,0.0049472217630528,0.0249250242047843,0.0250549035350792,0.0421045174392519,0.0271802016671783,0.0060452924646374,0.0036011996127234,0.142749191205989,0.0008973481002196,0.0,0.0065530025739721,0.009091553120646,0.0043214395352681,0.0107091411434104,0.0071905920136019,0.0075093867334167,0.002207948615014,0.0607244905188089
3100483,0.20694598292826,0.0,0.0,0.0,0.00032579657262,0.0,0.000390955887144,0.000195477943572,0.0025412132664364,0.107903824851763,0.0513455398449208,0.10738255033557,0.0334267283508178,0.0311461523424774,0.122434351990617,0.17169479377077,0.0056688603635889,0.0112074020981299,0.0150518016550466,0.0056688603635889,0.000130318629048,0.0016289828631002,0.0,0.0237179904867401,0.0561021698051737,0.0080145956864533,0.0,0.0028670098390564,0.0124454290740861,0.0072978432266892,0.0
3100484,0.167044203573546,7.40960284528749e-05,1.05851469218393e-05,3.17554407655178e-05,0.0001481920569057,0.0,0.000455161317639,0.0,0.0024663392327885,0.139258192903717,0.0324752307562029,0.055847235159624,0.0201964603268693,0.0330150732492167,0.134992378694216,0.199117198746719,0.0118871199932255,0.0127974426285037,0.0185345922601406,0.0134854771784232,8.46811753747142e-05,0.0089973748835633,2.11702938436786e-05,0.0242294013040901,0.0420759590143111,0.0072508256414599,0.0,0.0056101278685748,0.0197307138623084,0.0252455754085867,1.05851469218393e-05
3104162,0.221750781598928,0.0,0.0,0.0,2.79142474318892e-05,0.0,2.79142474318892e-05,0.0,0.0028751674854845,0.0934569004019652,0.0681945064761054,0.0354790084859312,0.100240062527914,0.0577266636891469,0.0889347923179991,0.0451652523447968,0.0010328271549799,0.0211869138008039,0.0132313532827155,0.0178092898615453,5.58284948637785e-05,0.0178372041089772,0.0,0.0245087092451988,0.0386054041983028,0.0243133095131755,0.0003628852166145,0.0073972755694506,0.0074251898168825,0.0076485037963376,0.0
3104163,0.11151136303438,0.0003708216347936,0.0,0.0,0.0,0.0,0.0005297451925623,0.0,0.0004237961540499,0.172749907294591,0.103671134184457,0.0237325846267945,0.0115484451978598,0.0277586480902686,0.15728134767177,0.0538221115643376,0.0394660168458971,0.0554643216612809,0.067065741378397,0.0074164326958732,0.0,0.0036022673094241,0.0,0.0197594956825767,0.0786141865762568,0.0464056788684643,0.0001059490385124,5.29745192562378e-05,0.0005827197118186,5.29745192562378e-05,0.0
3104164,0.11316351498522,0.0028358061185522,0.0003535917853556,7.07183570711285e-06,0.0001202212070209,8.48620284853542e-05,0.0003677354567698,4.24310142426771e-05,0.0043491789598744,0.14581418044496,0.0348358626932379,0.0931997227840403,0.0251050167602506,0.0164773771975729,0.168380408186357,0.0433927838988445,0.0010819908631882,0.0206568321004766,0.0274033633650623,0.0183019108100081,0.0001060775356066,0.034468127236468,0.0001060775356066,0.0180119655460164,0.047501520444677,0.101098963268885,0.0008061892706108,0.0038541504603765,0.0113290808027948,0.0273326450079912,7.07183570711285e-06
3104210,0.111450640862406,0.273088023088023,0.0002652576181987,0.0158730158730159,0.0001167133520074,0.0009018759018759,0.0014005602240896,2.12206094559036e-05,0.0015915457091927,0.117116543587132,0.042473049825991,2.12206094559036e-05,0.0106421356421356,0.0091991341991342,0.0342076224429166,0.0379000084882438,0.0055385790679908,0.0912804515745692,0.0448073168661404,0.0002864782276546,0.0005941770647653,0.0085837365249129,0.0,0.0096447669977081,0.0178889737713267,0.0497623291740939,0.0002546473134708,0.0063449622273151,0.0164459723283253,0.0017825311942959,0.080977845683728
3104211,0.111327783922231,0.128994702834857,4.36579544793061e-05,0.0127917806624367,5.82106059724082e-05,0.036221549566331,0.0008295011351068,1.4552651493102e-05,0.0056609814308166,0.136576634262763,0.0445893241748647,0.0003929215903137,0.0363816287327551,0.009415565516037,0.02181442458816,0.0551836544618429,0.0042202689329995,0.0758920775365272,0.0470341696257058,0.0004511321962861,0.0040747424180685,0.0027504511321962,0.0,0.01027417195413,0.0187874730775947,0.0512544385587054,0.0004511321962861,0.0184673147447465,0.0614267419523837,0.0038127946911927,0.0497846207579021
3104302,0.0874143302180685,0.182533748701973,8.3073727933541e-05,0.024257528556594,6.23052959501558e-05,0.0720249221183801,0.0016407061266874,0.0,0.000436137071651,0.0863343717549325,0.0199584631360332,0.0080996884735202,0.0057320872274143,0.0092419522326064,0.0712980269989616,0.0300934579439252,0.0285981308411215,0.0520872274143302,0.122388369678089,0.0013084112149532,0.0098857736240913,0.0294288681204569,0.0,0.0164485981308411,0.0188992731048806,0.0060228452751817,0.0029075804776739,0.0063343717549325,0.0067289719626168,0.0011838006230529,0.0661889927310488
3104303,0.0135716384814726,0.168176110710374,0.0002404424140418,0.032833747428602,8.0147471347279e-05,0.0477144612754134,0.0001068632951297,0.0,0.0001870107664769,0.0880553551868772,0.0241778205230958,0.0143998290187278,0.0078811680158157,0.0055301755229622,0.0993561486468435,0.0582404958456894,0.0304026074644012,0.0520424247281665,0.0667895594560658,0.0015228019555983,0.0127701637679998,0.0648927359675136,0.0,0.0142128182522508,0.0133044802436483,0.0058774812321337,0.0128235954155646,0.0058507654083513,0.0069193983596484,0.0017098127220752,0.106489273596751
3104304,0.0193813906746,0.202714989870631,9.57105712325926e-05,0.0929509164287196,6.38070474883951e-05,0.0495142688509946,4.78552856162963e-05,6.38070474883951e-05,0.0029351241844661,0.0697091993810716,0.0222367560497057,0.008247060887875,0.0094115395045382,0.0056309719408508,0.0916747754789517,0.0443299462425625,0.0168610122988084,0.0621321124918247,0.0617811737306386,0.0019301631865239,0.000813539855477,0.103734307454258,0.000494504618035,0.0127933130214232,0.0107514875017946,0.0082311091260029,0.0120595319753067,0.0022013431383496,0.0027915583276172,0.0090606007433521,0.0188230790090766
3104026,0.0191032316969168,0.0005518265458668,0.0001003320992485,1.00332099248513e-05,7.02324694739588e-05,5.01660496242563e-05,0.0013845829696294,0.0031905607561027,0.0021170072941436,0.134976773119024,0.0261766446939369,0.028534449026277,0.145712307738615,0.0702625691037334,0.0668412445193591,0.0002708966679709,0.0211700729414362,0.161695211148903,0.0355075299240486,0.0105649700508684,0.000130431729023,0.021180106151361,1.00332099248513e-05,0.0139862946352427,0.0282033530987569,0.0525238539565963,0.0,0.0112472283257583,0.0374840722792443,0.0003210627175952,0.0029698301377559
3104067,0.0107009434559615,0.316933662593132,0.0078937926085396,0.0,6.33191920471095e-05,4.2212794698073e-05,0.0002110639734903,0.008125962979379,0.0025538740792334,0.063635788007345,0.0247155912957217,0.0361974714535976,0.118470208320142,0.0258553367525697,0.0787690749066042,2.11063973490365e-05,0.049156799425906,0.0905042318326685,0.0232381434812892,0.0046856202114861,0.0,0.0298866586462357,0.0,0.0089280060786424,0.0197133751240001,0.0157031596276831,0.0,0.0060786424365225,0.024272356951392,8.4425589396146e-05,0.0
3104084,0.0340318991097923,0.0541357566765579,0.0017433234421365,0.0,0.0,0.0,0.0012611275964391,0.0,0.002373887240356,0.0973850148367953,0.0403746290801187,0.0040430267062314,0.0651891691394659,0.0936572700296736,0.0357566765578635,0.0,0.0029117210682492,0.0476632047477745,0.0578635014836795,0.0016876854599406,0.0,0.0618508902077151,0.0,0.0090875370919881,0.021977002967359,0.0778189910979229,1.85459940652819e-05,0.0071958456973293,0.0280971810089021,0.0001669139465875,0.0832158753709199
3104113,0.0786401802170797,0.0025940337224383,0.0,0.0,0.0,0.0,0.0006143764079459,6.82640453273261e-05,0.0030718820397296,0.201651989896921,0.0489453204996928,0.0,0.0135162809748106,0.0894258993787972,0.0182265001023961,0.0,0.0002047921359819,0.0233463035019455,0.0011604887705645,0.0,0.0,0.0978223769540583,0.0,0.0053928595808587,0.015495938289303,0.0732473206362209,6.82640453273261e-05,0.0333128541197351,0.0352925114342276,0.0001365280906546,0.0
3104150,0.0501797378317807,0.0143087915105001,0.0002681701220174,1.27700058103526e-05,2.55400116207053e-05,2.55400116207053e-05,0.0012514605694145,3.83100174310579e-05,0.010573564810972,0.265124475631636,0.016007202283277,0.0001596250726294,0.0008619753921988,0.0555048302546978,0.12220257060217,6.38500290517632e-05,0.0056954225914172,0.002030430923846,0.0054591774839257,0.0040800168564076,0.0003192501452588,0.0255719366352312,5.10800232414106e-05,0.0146855066819055,0.0260252718414987,0.0938084626828505,1.9155008715529e-05,0.0090347791108245,0.0298051935613631,0.0002298601045863,1.27700058103526e-05
3104151,0.0521395981886818,0.298062848289263,0.0055469478946422,8.56010477568245e-06,6.84808382054596e-05,4.28005238784123e-05,0.0009587317348764,0.0008560104775682,0.0068309636109946,0.06760770751834,0.0149716232526686,0.0272382533962216,0.0206298525093947,0.0186695885157634,0.123530872017873,3.42404191027298e-05,0.0613245906129891,0.106556184247695,0.0227869989128667,0.0489209987930252,3.42404191027298e-05,0.0422783574870956,3.42404191027298e-05,0.0088254680237286,0.0108884532746681,0.0108884532746681,3.42404191027298e-05,0.0024909904897235,0.0088340281285042,0.0006248876486248,2.56803143270474e-05
3104152,0.133058792216242,0.0753386171408292,0.0003031288815283,0.0,0.0002365883953392,7.39338735435027e-06,0.0157183415153487,1.47867747087005e-05,0.0020183947477376,0.0619417992547466,0.0341204826403265,0.0013455964984917,0.0111418347430059,0.0105577571420122,0.0739116933814396,0.0618382918317857,0.0076447625243981,0.105969420949902,0.0650026616194476,0.0005027503400958,5.91470988348022e-05,0.0644407641805169,7.39338735435027e-05,0.0084728219080854,0.0086428698172354,0.0268601762583545,0.0040441828828296,0.0070606849234045,0.0239767551901579,0.0002735553321109,0.0972600106464778
3104227,0.0116851014955931,0.131557264487778,0.0010236947891438,0.0,0.0003245861526553,0.0,7.49044967666226e-05,0.0,0.0006741404708996,0.0753289555816334,0.0098374572420164,0.0055179645951412,0.0725075528700906,0.0134578412524032,0.130333824373923,0.17542633142743,0.0105865022096827,0.0507103443110035,0.049212254375671,0.0004494269805997,0.0243439614491523,0.0210231954258321,0.0,0.0159296896457017,0.0078899403260842,0.0101620433946718,0.0663154478040498,0.0045442061371751,0.0147062495318469,0.0009487902923772,0.0667898429502384
3104261,0.0159405274733264,0.239398731301234,0.002799134812876,0.0,7.27048003344421e-05,1.81762000836105e-05,9.08810004180526e-05,0.0010905720050166,0.0101241434465711,0.0765763309522511,0.0137048548630423,0.0092516858425577,0.0385335441772543,0.0136503262627915,0.105876365487031,0.143555628260356,0.0149953650689787,0.0736499627387898,0.043822818401585,0.001726739007943,0.006670665430685,0.0112692440518385,0.0,0.0117054728538452,0.0164858134758347,0.0124506970572732,0.0287911009324391,0.0058709126270062,0.0204845774942291,0.0031081302142974,0.0538742570478216
3104262,0.0130813115887743,0.11565723506022,0.0010949115426727,2.88134616492825e-05,0.0001152538465971,2.88134616492825e-05,0.0001440673082464,0.0,0.0010949115426727,0.0681726502622025,0.0131965654353714,0.0204863712326399,0.0460439117155535,0.0102864058087939,0.163285887166484,0.168212989108511,0.0119864000461015,0.0903590157321501,0.048032040569354,0.0014406730824641,0.0134270731285657,0.023655852014061,0.0,0.0150406269809255,0.0225609404713882,0.0146372385178355,0.0215524693136633,0.0048694750187287,0.0148677462110298,0.0029101596265775,0.0617184348527632
3104263,0.010038177988415,0.27649420747762,0.0037519747235387,0.0,0.0,0.0003949447077409,0.0004278567667193,3.29120589784097e-05,0.0004607688256977,0.0506516587677725,0.0074381253291205,0.0272840968931016,0.0429831490258031,0.006187467087941,0.0847156398104265,0.0836953659820958,0.0539757767245919,0.129640600315956,0.0235979462875197,0.0011519220642443,0.0515402843601896,0.0102685624012638,0.0,0.014777514481306,0.0172788309636651,0.0044102159031069,0.0304765666140074,0.0002632964718272,0.0014810426540284,0.0022380200105318,0.0389349657714587
3104308,0.0092887994502797,0.259294934720723,0.0030001472464906,1.22705408854422e-05,9.81643270835378e-05,1.22705408854422e-05,3.68116226563267e-05,0.0,0.001472464906253,0.0348360655737705,0.004816187297536,0.0068715028958476,0.0193138313536861,0.0029633356238343,0.0955752429567095,0.218881908314519,0.0132153725336213,0.115968881908315,0.0187493864729557,0.001846716403259,0.030424806125454,0.0028958476489643,1.22705408854422e-05,0.0136264356532836,0.0090495239030136,0.004024737410425,0.0835255718072053,0.001582899774222,0.0047118877000098,0.005454255423579,0.0270933542750564
3104309,0.0064429530201342,0.321459731543624,0.0035822147651006,1.67785234899329e-05,4.19463087248322e-05,1.67785234899329e-05,0.0002684563758389,0.0,0.0004697986577181,0.0225,0.0036409395973154,0.0128104026845638,0.0246728187919463,0.0024496644295302,0.0684479865771812,0.0893875838926174,0.0398406040268456,0.0420973154362416,0.0187835570469799,0.0019463087248322,0.0792365771812081,0.0038422818791946,0.0,0.0085738255033557,0.0090184563758389,0.0031627516778523,0.128246644295302,0.0076761744966443,0.021996644295302,0.0033221476510067,0.042239932885906
3104344,0.0148444190693691,0.346036730421543,0.0030925873061185,0.0,0.0,0.0,0.0,0.0,0.0021886002474069,0.0532400799314873,0.0115615186982586,0.0206013892853744,0.0209820154153583,0.0058521267485012,0.118660196022457,0.094728328099724,0.0343515082310401,0.0558093063088781,0.0294985250737463,0.0004757826624797,0.0206013892853744,0.0050432962222856,0.0,0.0117042534970026,0.0189837282329432,0.0056618136835093,0.0550956323151584,0.0003806261299838,0.0013321914549433,0.0025216481111428,0.0233133504615092
3104345,0.0022525693368999,0.379370219156225,0.0029564972546811,0.0,0.0,0.0,0.0001407855835562,0.0,0.0,0.019052982307945,0.0018771411140832,0.0240274062602656,0.0115913463794641,0.0042704960345394,0.0662161527992867,0.0434558167910273,0.0436904594302877,0.199305457787789,0.0135623445492515,0.0003284996949645,0.039842320146417,0.0027218546154207,0.0,0.0145478436341452,0.0087756347083392,0.0005162138063728,0.0370266084752921,0.0004692852785208,0.0022994978647519,0.0010324276127457,0.0633065840724577
3104346,0.0007005923189605,0.467613527800777,0.0038851028596904,0.0,0.0,0.0,0.0,0.0,0.0,0.0460480224189542,0.0026749888542131,0.0144576778549137,0.0303165403477486,0.0082160371950831,0.189733138016687,0.0966817400165595,0.0150945799630597,0.0225463346283676,0.0072606840328641,6.36902108145978e-05,0.0010827335838481,0.0014011846379211,0.0,0.0129291127953634,0.009489841411375,0.0005732118973313,0.0270046493853895,0.0011464237946627,0.0084707980383415,0.0003184510540729,0.0231832367365136
3104347,0.0154816033920054,0.174565538787693,0.0013389494825518,0.0,0.0,0.0001115791235459,0.0,0.0,0.0003068425897514,0.0524421880666127,0.0086473820748138,0.0527769254372507,0.0248821445507546,0.0088426455410192,0.161259728304834,0.282629919941979,0.0088426455410192,0.0503500795001255,0.0196100309632068,0.0006415799603894,0.0074479064966944,0.0284247817233396,0.0,0.0113810706016904,0.0170158163407626,0.0006415799603894,0.0447711233228263,0.0001952634662054,0.0005021060559569,0.0108231749839605,0.0009205277692543
3104207,0.0131746816986487,0.0008071445309448,0.0001822584424714,0.000442627646002,7.81107610591819e-05,0.0,0.0003645168849428,0.0015882521415367,0.0103366573801651,0.272840888379722,0.0019788059468326,0.227041945478689,0.0014320306194183,0.00859218371651,0.0478558596089255,0.002577655114953,0.0007550706902387,0.001301846017653,0.003462910406957,0.0988101127398651,7.81107610591819e-05,0.0049730517874345,0.0,0.0065092300882651,0.0668888483870128,0.0256203296274117,0.127737131252115,5.20738407061213e-05,0.0001822584424714,0.0379878667951155,2.60369203530606e-05
3104208,0.088081136823781,0.0003973585119869,1.8921833904142e-05,1.8921833904142e-05,7.5687335616568e-05,1.8921833904142e-05,5.6765501712426e-05,0.0,0.0007190296883573,0.0629907850668887,0.0064145016935041,0.0431228594675396,0.0120721300308426,0.0132452837328994,0.117201839202255,0.369354197808852,0.0011920755359609,0.0072092187174781,0.0043709436318568,0.0005108895154118,0.0,0.0075687335616568,0.0,0.0089689492705633,0.018392022554826,0.0902003822210449,0.140854131582433,0.0001135310034248,0.0003405930102745,0.0001513746712331,5.6765501712426e-05
3104209,0.0830003688222277,0.0327022375215146,0.0321643717728055,0.0,9.22055569215638e-05,0.0,0.0001383083353823,0.0,0.0018748463240718,0.23881239242685,0.0278153430046717,0.0198549299237767,0.0476088025571674,0.0071612982542414,0.109739980329481,0.124646545365134,0.0044104991394148,0.0416769117285468,0.0228362429309073,0.0014906565035652,6.14703712810425e-05,0.0072227686255225,0.0,0.0103577575608557,0.040800958937792,0.085674329972953,0.0081909269731989,7.68379641013032e-05,0.0021668305876567,0.0330710597492009,0.0
3104233,0.572546635766118,0.134265415447741,0.0140572166710991,0.0,3.79924774894571e-05,0.0,0.0031913681091144,0.0121196003191368,0.046046882717222,0.113749477603435,3.79924774894571e-05,0.0,0.0005318946848523,3.79924774894571e-05,0.0,3.79924774894571e-05,0.0,7.59849549789142e-05,0.0003039398199156,0.0009498119372364,0.0,0.0003419322974051,0.0319896660461229,0.0018236389194939,0.0,0.0,0.0010257968922153,0.0218076820789484,0.0240112457733369,0.0001519699099578,0.0
3104235,0.383853234466888,0.309192022500639,0.0465354129378676,0.000127844541038,0.0,0.0,0.0008309895167476,0.0768984914344158,0.0024929685502429,0.0642418818716441,0.0,0.0,0.0,0.0,0.0011506008693428,0.0,0.0,0.0003835336231142,0.0,0.0061365379698286,0.000127844541038,0.0015341344924571,0.0123369982101764,0.0011506008693428,0.0,0.0,0.0007031449757095,0.0053694707236001,0.0095244183073382,0.000127844541038,0.0
3104195,0.130029404101686,0.310436595079466,0.0282688800387092,5.58305728216771e-05,9.30509547027953e-05,1.86101909405591e-05,0.0013771541296013,0.0683738415156139,0.01797744444858,0.0161536457364053,0.0353407525961216,0.0393605538392824,0.0038150891428146,7.44407637622362e-05,0.0022146127219265,0.0002233222912867,9.30509547027953e-05,0.0106822495998809,0.0001116611456433,0.0139204228235382,0.000167491718465,9.30509547027953e-05,0.0171027654743738,0.0011352216473741,0.0001302713365839,0.0,0.152566345330703,0.0046153273532586,0.0162280865001675,0.003163732459895,1.86101909405591e-05
3104196,0.0915919490068502,0.44771527061458,0.08090666243487,0.0002204060761547,8.8162430461883e-05,8.8162430461883e-06,0.0008728080615726,0.0028211977747802,0.0020982658449928,0.0326729967291738,0.0459678912428258,0.0077935588528304,0.0149699806924277,0.0006259532562793,0.0070529944369506,0.0350357498655523,0.0251791901399138,0.0043904890370017,0.0268630925617357,0.0056952930078376,0.0005818720410484,0.000282119777478,0.0004937096105865,0.0051751346681125,0.012827633632204,8.8162430461883e-06,0.0051310534528815,0.0011990090542816,0.0036587408641681,0.006136105160147,0.0078993537693847
3104197,0.0965211610901839,0.405761134500332,0.0657988034566807,0.0002326612009749,3.32373144249945e-05,1.10791048083315e-05,0.0004874806115665,0.0001883447817416,0.0034234433857744,0.0579769554619987,0.0241081320629293,0.0052514956791491,0.0068801240859738,0.0100155107467317,0.0366053622867272,0.0331708397961445,0.0362729891424773,0.0161311766009306,0.0158209616662974,0.0154331929980058,0.0150675825393308,0.0070463106580988,0.0004210059827165,0.0075005539552404,0.0146354974518059,0.0023598493241746,0.0212829603368048,0.0004099268779082,0.001506758253933,0.0061045867493906,0.0409372922667848
3104310,0.128708058728502,0.0535818953809204,0.0200574704427511,8.57767802255929e-05,7.14806501879941e-05,0.0001000729102631,0.0004431800311655,0.0,0.0061473359161674,0.13414058814279,0.0588857596248695,0.0014153168737222,0.0079343521708673,0.0257044418076027,0.0362549857753506,0.10163118843729,0.0138386538763957,0.0265193212197458,0.0381706672003889,0.0007148065018799,0.0086777509328224,0.0077627986104161,0.0112653504696279,0.0074196914895137,0.0277059000128665,0.014682125548614,8.57767802255929e-05,0.0005003645513159,0.0021444195056398,0.0005289568113911,0.217515618522066
3104311,0.018677100940392,0.103032227337673,0.0453666781842122,3.73542018807841e-05,9.33855047019602e-06,3.73542018807841e-05,0.0004015576702184,0.0,0.0123922564739501,0.11387428443357,0.0211704939159344,0.0018396944426286,0.0366911647974001,0.0218055153479077,0.0533791544876404,0.151135100809652,0.0194988933817693,0.164143701614635,0.0259051390043238,0.0120654072074933,0.039492729938459,0.013055293557334,0.0134008199247313,0.0179393554532465,0.038353426781095,0.0076856270369713,0.0002054481103443,7.47084037615681e-05,0.0005322973768011,0.0008498080927878,0.0127751370432282
3104312,0.0044146500981033,0.188758084441538,0.0569816873773708,0.000109003706126,8.17527795945062e-05,0.0504414650098103,0.0001362546326575,7.26691374173389e-05,0.0011627061986774,0.0930982486737882,0.0117269820507231,0.0049324177022018,0.031156892667684,0.014869922244023,0.0510046508247947,0.09216263352954,0.0325285226364363,0.144502579754378,0.0385055591890124,0.0038242133565874,0.0002634256231378,0.0128533536806918,0.0048143303538987,0.0238627279994186,0.0273054283845651,0.0153422716372357,0.0007902768694135,1.81672843543347e-05,0.0002815929074921,0.0002906765496693,1.81672843543347e-05
3104313,0.0048291375881951,0.469769905797268,0.0811126210163454,6.14198739357087e-05,0.0001151622636294,0.0426791349010756,3.07099369678544e-05,0.0,0.0003608417593722,0.0405678267345356,0.0021266631350239,0.0077312266316573,0.0181495727480019,0.0055124336857298,0.0836154808792255,0.022978710336197,0.0147330922603281,0.0819955317041712,0.0178962157680171,0.0022341479144114,0.0001074847793874,0.013704309371905,0.00379267721553,0.0159921996760102,0.0093204658697438,0.0071477378292681,0.0272397140904868,0.0009903954672133,0.0041765514276281,0.0021343406192658,7.67748424196359e-06
3104314,0.268753947487142,0.0125417305783633,0.0019128394838942,1.80456555084363e-05,1.80456555084363e-05,0.0039880898673644,1.80456555084363e-05,0.001407561129658,0.0056121988631237,0.107317513308671,0.0744924659388252,0.0005774609762699,0.0133718307317513,0.0365063610935667,0.0697645041956149,0.0180637011639448,0.0142380221961563,0.0715510240909501,0.0793467472705946,0.0001624108995759,0.0003428674546602,0.0053595596860055,0.048181900207525,0.0108273933050618,0.0569340431291167,0.021961562753767,0.0018406568618605,0.0003067761436434,0.0009383740864386,0.0002887304881349,0.0010105567084724
3104315,0.0312019969278034,0.0100326420890937,0.0041522657450076,4.80030721966206e-05,9.60061443932412e-05,0.0043202764976958,7.20046082949309e-05,0.0023761520737327,0.0071044546850998,0.164890552995392,0.0326660906298003,0.0007920506912442,0.0647801459293395,0.0379464285714286,0.0681643625192012,0.0632200460829493,0.0073204685099846,0.18963613671275,0.12300787250384,0.0001920122887864,0.0007440476190476,0.013224846390169,0.0021601382488479,0.0468029953917051,0.0644441244239631,0.0180731566820276,0.0002400153609831,0.0002640168970814,0.0004800307219662,7.20046082949309e-05,0.006888440860215
3104316,0.0114645108699717,0.109043726676488,0.0117860855388619,0.0030886125174809,4.48708840312002e-05,0.0014283898083265,0.0002318329008278,0.0,0.0127433310648609,0.0800197431889737,0.004599265613198,0.0351862515611328,0.0927555957731627,0.0251202165768003,0.103704091476776,0.208941271491284,0.0020266682620758,0.0115168602346747,0.014979396785749,0.0228766723752402,0.000224354420156,0.0150467031117958,0.0131546475018135,0.0212912344728045,0.0274310671044071,0.0483483775436182,0.0017424859965449,0.0018696201679666,0.0301532340689665,0.0435098005489205,7.4784806718667e-06
3000664,0.110035725885028,0.0099382916531341,6.49561545956479e-05,0.0037025008119519,0.292172783371224,0.0009743423189347,0.0027281584930172,0.0305293926599545,0.0016888600194868,0.0117570639818123,0.0015589477102955,0.0068853523871386,0.0004546930821695,0.0068853523871386,0.0471581682364404,0.0259175056836635,0.0019486846378694,0.0041571938941214,0.0053913608314387,0.104124715816824,0.0,0.0038973692757388,0.0019486846378694,0.0014290354011042,0.0017538161740824,0.0048717115946736,0.0124715816823644,0.0016888600194868,0.0522897044494966,0.0005196492367651,0.0001299123091912
3108401,0.0004250797024442,0.000141693234148,1.18077695123391e-05,0.0,0.0009800448695241,0.0,0.002196245129295,0.0003424253158578,0.0025859015232022,0.305136379737868,0.0134136261660172,0.0011689691817215,0.0109458023379384,0.232979100247963,0.0011453536426968,0.0531467705750384,0.0076160113354587,2.36155390246782e-05,0.0022788995158814,0.062533947337348,2.36155390246782e-05,0.0010036604085488,3.54233085370174e-05,0.0315975912150195,0.004144527098831,0.0,1.18077695123391e-05,0.0003188097768331,0.144940370763963,4.72310780493565e-05,2.36155390246782e-05
3101953,0.0580061575348064,8.17371876958287e-05,0.0,0.0,2.72457292319429e-05,0.0,0.0005994060431027,0.0011170748985096,0.0034602076124567,0.184617061275645,0.0012533035446693,0.0525570116884178,0.0040323679263275,0.0204342969239572,0.0404599079094352,0.325586464321718,0.0102171484619786,0.0131869329482604,0.0062937634525788,0.0487698553251778,0.0,0.0065662207448982,0.0,0.0107893087758494,0.0119608751328229,0.0192627305669836,0.0,5.44914584638858e-05,0.0041413508432553,0.0622837370242214,2.72457292319429e-05
3101950,0.0544598524262626,0.0002571660303455,9.89100116713814e-06,9.89100116713814e-06,0.000148365017507,1.97820023342763e-05,0.0023046032719431,9.89100116713814e-06,0.0031947933769856,0.0550335304939566,0.0008704081027081,2.96730035014144e-05,2.96730035014144e-05,0.0340448260172895,0.037516567426955,1.97820023342763e-05,0.0321556447943661,1.97820023342763e-05,3.95640046685525e-05,0.0114339973492117,3.95640046685525e-05,0.0135902356036478,9.89100116713814e-06,0.0003461850408498,0.000148365017507,0.0581096318569366,4.94550058356907e-05,0.0159344028802595,0.0526794722161777,0.0466261795018892,0.0
3102078,0.0033095535779951,0.205878747762987,2.45152116888529e-05,0.0276286435733373,9.80608467554117e-05,0.0055404378416807,0.213404917751465,0.0010786693143095,0.0727856635042044,0.0370179696501679,0.0009560932558652,0.0,0.0004657890220882,0.011497634282072,0.0344683876345272,0.0004167585987105,0.0051727096663479,0.0038488882351499,0.0005148194454659,0.0457944154347773,0.0182393174965066,0.0008090019857321,7.35456350665588e-05,0.0001716064818219,0.0043146772572381,0.127773283322301,0.0047804662793263,0.0081390502806991,0.0338555073423059,0.0021818538403079,2.45152116888529e-05
3102081,0.0848551521818849,0.0215804913824716,0.0,0.0011734506784011,0.0071323799046571,0.0006600660066006,0.0377154382104877,0.0166299963329666,0.0760726072607261,0.22029702970297,0.001063439677301,1.83351668500183e-05,0.0003850385038503,0.0184085075174184,0.0065639897323065,0.0002016868353502,0.0042170883755042,0.0037037037037037,0.0006967363403006,0.0028419508617528,0.0007517418408507,0.0178584525119179,7.33406674000733e-05,0.0024935826916024,0.0021452145214521,0.0055005500550055,0.0002933626696002,0.0881921525485882,0.343381004767143,0.0005500550055005,0.0
3108942,0.0435962159994338,0.148882964920144,1.17955129868598e-05,0.0307509023567435,0.0003066833376583,0.0009082544999882,0.0012857109155677,0.0,0.0017103493830946,0.157694213121329,0.0063813725258911,0.0019698506688055,0.0001061596168817,0.0199933945127274,0.0691688881549459,0.089433579466371,0.024652622142537,0.194637759796174,0.0108400764349242,0.0202411002854514,0.0003538653896057,0.0356224492203166,0.0,0.0106985302790818,0.0115713982401095,0.101476798225955,0.0017103493830946,3.53865389605794e-05,0.0003538653896057,0.0010851871947911,0.0002123192337634
3117584,0.0463564258272401,0.492353451480977,0.0157640351964308,0.0130623373404387,4.3375883009047e-05,0.022400545296815,0.0002850415169165,0.0,0.0006072623621266,0.106890568843723,0.0038604535878051,0.0023918701202131,0.00305490147478,0.00734291733796,0.0386912876440699,0.0991386788945346,0.0219234105837155,0.0387656463006568,0.0061841616061469,0.0093010286280827,3.09827735778907e-05,0.0015305490147478,0.0022803321353327,0.0068533895154294,0.0114760193332507,0.0139732308836287,0.0042942124178956,3.09827735778907e-05,9.91448754492502e-05,0.0054591647044243,6.19655471557814e-06
3117592,0.0138216350900287,0.437097456631094,0.0213847491890367,0.0303641107611302,4.11358187203234e-05,0.0696253114569132,5.2888909783273e-05,0.0,0.0015514080203093,0.0397136947017065,0.0014808894739316,0.0007051854637769,0.0004407409148606,0.00255042076066,0.0883303558835974,0.0391554228762164,0.0198921066240421,0.0397078181561751,0.0050126933383479,0.0005171360067697,0.0287421841944431,0.0022389638474918,5.87654553147478e-06,0.003490668045696,0.0089147195712472,0.0014867660194631,0.0216198110102957,2.35061821258991e-05,0.000223308730196,0.0102369423158291,4.11358187203234e-05
3000813,0.0010390689941812,0.000935162094763,0.0,0.0,0.0,0.0,0.0191188694929343,0.0,0.0008312551953449,0.0001039068994181,0.0001039068994181,0.0,0.0,0.0004156275976724,0.0003117206982543,0.0,0.0,0.0012468827930174,0.0,0.0190149625935162,0.0001039068994181,0.0039484621778886,0.0002078137988362,0.0,0.0001039068994181,0.132065669160432,0.0,0.448981712385702,0.222984206151288,0.0020781379883624,0.0
3000785,0.0,0.0,0.0,0.0,0.0,0.0,0.0001523693432881,0.0,0.0013713240895931,0.0251409416425415,0.0,0.0,0.0,0.0018284321194575,0.209507847021179,0.0,0.0,0.0006094773731525,0.0,0.326070394636599,0.0594240438823709,0.0,0.0,0.0021331708060338,0.0001523693432881,0.0054852963583726,0.025750419015694,0.223525826603687,0.109401188480878,0.0001523693432881,0.0
3101924,0.0698877254951432,0.0,0.0,0.0,0.001261511290526,0.0,0.0010722845969471,0.0,0.0013876624195786,0.0799798158193516,0.0014507379841049,0.0,0.0,0.0201841806484168,0.10338085025861,6.30755645263025e-05,0.0032799293553677,0.0005046045162104,0.0,0.331335940456667,0.0787183045288255,0.0044783650813674,0.0,0.0064967831462091,0.0,0.0139396997603129,0.000630755645263,0.160464236154914,0.068184685252933,0.0005676800807367,0.0
3101922,0.022640522875817,0.441712418300654,7.84313725490196e-05,0.0272679738562091,0.0931764705882353,0.0026535947712418,5.22875816993464e-05,0.0,0.0098169934640522,0.0337908496732026,2.61437908496732e-05,0.038797385620915,0.0158954248366013,0.0058039215686274,0.0406666666666667,0.0706143790849673,0.0009934640522875,0.0029019607843137,0.0011764705882352,0.0082875816993464,0.0024444444444444,0.0027058823529411,0.013202614379085,0.0049150326797385,0.0104705882352941,0.0004836601307189,0.075359477124183,0.0008496732026143,0.0024183006535947,0.0343006535947712,1.30718954248366e-05
3102265,0.0007876082961407,0.363875032817012,0.0005250721974271,0.0378051982147545,0.039380414807036,0.0047256497768443,0.0002625360987135,0.0002625360987135,0.0010501443948542,0.108164872669992,0.0026253609871357,0.0089262273562614,0.0278288264636387,0.00367550538199,0.139931740614334,0.0210028878970858,0.0118141244421108,0.0364925177211867,0.0204778156996587,0.0015752165922814,0.0070884746652664,0.00367550538199,0.0057757941716986,0.0246783932790759,0.0110265161459701,0.009188763454975,0.073772643738514,0.0,0.0,0.0154896298241008,0.0
3117518,0.0723615776142039,0.307574422131701,0.0009766788155982,0.0566950141737535,0.0165876589088195,0.0686851362189031,0.0,1.58809563511915e-05,0.0026203577979465,0.0466741307161517,0.0136576224620247,0.0108149312751614,0.0041687510421877,0.0021677505419376,0.0703049937667246,0.0190015642742006,0.0180645878494803,0.0156665634404504,0.0253142444237992,0.004732524992655,0.0064079658877057,0.0031682507920627,0.0009290359465447,0.0198353144826381,0.0132129556841913,0.0014610479843096,0.118463993901713,1.58809563511915e-05,2.38214345267872e-05,0.0002858572143214,7.94047817559573e-06
3117525,0.0087612992947253,0.471878414622032,0.0017880202642296,0.0479785437568292,0.0636535214065759,0.0286083242276746,0.0,0.0003178702691963,0.0001390682427734,0.0256481573457833,0.0023641601271481,0.0009734776994139,0.0131320154961756,0.0012913479686103,0.0501837687493792,0.12267805701798,0.0240786728916261,0.0307539485447502,0.0236416012714811,0.000258269593722,0.0002384027018972,0.0090791695639217,0.0002185358100725,0.0125360087414324,0.0060792688983808,1.9866891824774e-05,0.041402602562829,1.9866891824774e-05,1.9866891824774e-05,0.0004172047283202,0.00087414324029
3000602,0.193705194932731,0.456839831091034,0.003117941667485,0.145389374447609,0.0001227536089561,0.0,0.0,0.0038790140430128,0.0015221447510556,0.0046400864185407,0.0,0.0,2.45507217912207e-05,4.91014435824413e-05,2.45507217912207e-05,0.0246243739565943,2.45507217912207e-05,0.001448492585682,0.0003191593832858,0.0005401158794068,0.0006137680447805,2.45507217912207e-05,0.0433320239615045,0.0001227536089561,2.45507217912207e-05,0.0013011882549347,0.0054748109594422,0.0278896199548267,0.0404595895119317,0.0077825788078169,0.0
3101869,0.0722779330374267,0.114472025864431,0.0015891281714066,0.0007123678009753,5.47975231519535e-05,0.0,5.47975231519535e-05,5.47975231519535e-05,0.0012055455093429,0.131404460518385,0.0001095950463039,0.0641678996109376,0.0,0.0169324346539536,0.0024110910186859,0.275412351361718,0.0,0.0112882897693024,0.0026850786344457,0.008219628472793,0.0001095950463039,0.0033974464354211,0.0303578278261823,0.0047673845142199,0.0369883281275686,0.0407693572250534,0.0560030686612965,0.0004383801852156,0.0314537782892213,0.0310701956271577,0.0
3101868,0.0384358288770053,0.559074197860963,0.0099431818181818,0.0182152406417112,8.35561497326203e-05,0.0,0.0002506684491978,0.0,0.0004177807486631,0.0374331550802139,0.0003342245989304,0.0238135026737968,0.0030915775401069,0.0103609625668449,0.0098596256684492,0.0676804812834225,0.0182152406417112,0.0015040106951871,0.0087733957219251,0.0035929144385026,0.0,0.0024231283422459,0.0086062834224598,0.0015040106951871,0.0116143048128342,0.0205548128342246,0.0277406417112299,0.0170454545454545,0.0092747326203208,0.0024231283422459,0.0
3102400,0.0377595972309629,0.483952171176841,0.0069225928256765,0.013687853996224,0.000157331655129,0.0,0.0,0.0,0.000157331655129,0.0742605412208936,0.0017306482064191,0.0103838892385148,0.0012586532410321,0.0336689741976086,0.0733165512901196,0.0931403398363751,0.0025173064820641,0.0025173064820641,0.000786658275645,0.0020453115166771,0.000314663310258,0.0050346129641283,0.0061359345500314,0.0056639395846444,0.0149465072372561,0.0022026431718061,0.0486154814348647,0.0025173064820641,0.0015733165512901,0.0117998741346759,0.000157331655129
3102402,0.0680813598303806,0.0798325367448881,0.0041147087361196,0.0088762712473497,7.18726416789449e-05,0.0,0.0007007582563697,0.0083911309160168,0.0461242677974629,0.314388902864125,0.0001078089625184,0.0006648219355302,0.0009702806626657,0.0294138786071082,0.0330254788514752,0.034876199374708,0.0157401085276889,0.0249218385021741,0.0014554209939986,0.0003054587271355,5.39044812592087e-05,0.0334567147015489,0.0294318467675279,0.0053365436446616,0.0787005426384447,0.103388795055162,0.0001617134437776,0.0013116757106407,0.0062888561469076,0.0001257771229381,5.39044812592087e-05
3109028,0.0129308645544502,0.343903176209312,0.0121555383260838,0.0537471910850625,0.0008278907184251,0.0029041880757454,3.94233675440556e-05,0.0001971168377202,0.0016557814368503,0.0519862806680947,7.88467350881112e-05,0.0226552952153173,0.0283191190191466,0.0325637015913899,0.123381999290379,0.0821320157167825,0.0049279209430069,0.0005782093906461,0.0027070712380251,0.0003548103078965,0.0003416691853818,0.0094221848430292,0.001708345926909,0.0063340210520782,0.017490834067046,0.0025888011353929,0.156392499047269,0.0002365402052643,0.0033641273637594,0.0085023062670013,0.0001445523476615
3117767,0.0550718974679587,0.304860894029384,0.0141763050953423,0.0453032197561738,7.81494216942795e-05,0.010628321350422,0.0006798999687402,0.0,0.0011722413254141,0.115606439512348,5.47045951859956e-05,0.0248984057517974,0.0405361050328228,0.022608627696155,0.0449906220693967,0.0791028446389497,0.012253829321663,0.0051344170053141,0.0044545170365739,0.0004845264145045,7.03344795248515e-05,0.0065645514223194,3.90747108471397e-05,0.0161222256955299,0.0367614879649891,0.0233119724914036,0.0544935917474211,0.0006564551422319,0.0051187871209753,0.0047514848390121,1.56298843388559e-05
3100015,0.191418271344412,0.0010551305724083,0.0,0.0001758550954013,0.0003517101908027,0.0,0.0145080453706146,0.0033412468126264,0.0112547261056889,0.0252352061900994,0.0007913479293062,0.000263782643102,8.79275477006946e-05,0.0301591488613383,0.0030774641695243,8.79275477006946e-05,0.0003517101908027,0.0006154928339048,8.79275477006946e-05,0.0634836894399015,8.79275477006946e-05,0.0,0.0,0.0004396377385034,0.0033412468126264,0.0,0.258858700430845,0.165919282511211,0.0769366042381078,0.0208388288050646,0.0
3104940,0.135306907509617,0.0010035122930255,4.18130122093996e-05,0.400610469978257,0.0004181301220939,0.0,0.0038049841110553,0.0017143335005853,0.0012962033784913,0.0175614651279478,0.0006271951831409,0.0004181301220939,0.0,0.0190249205552768,4.18130122093996e-05,0.0002926910854657,0.0596671684228132,0.0,0.0026760327814015,0.0015052684395383,4.18130122093996e-05,0.0,4.18130122093996e-05,8.36260244187991e-05,4.18130122093996e-05,0.0097424318447901,0.139530021742766,0.020404749958187,0.0359173774878742,0.0028850978424485,0.0
3104937,0.034155096869556,0.565697091273822,0.0026394974396874,0.0043287758010874,0.0,0.0,0.0038536662619437,0.0,0.0004751095391437,0.0315683893786623,0.0023755476957187,0.045768885604181,0.0,0.0056485245209312,0.0263949743968748,0.0,0.0150979253550124,0.0,0.0002111597951749,0.0064403737528374,0.0003167396927624,0.0044343556986749,0.0,0.0011613788734624,0.0125640078129124,0.0071794330359499,0.145911418465924,0.0019532281053687,0.0058068943673124,0.0253391754209998,0.0
3103033,0.0058336725003391,0.460995794329128,0.0006783340116673,0.0066476733143399,0.0,0.0077330077330077,0.0002713336046669,0.0,0.0002713336046669,0.0127526794193461,0.0035273368606701,0.0175010175010175,0.0008140008140008,0.0104463437796771,0.210961877628544,0.0,0.0284900284900285,0.0113960113960114,0.002035002035002,0.0010853344186677,0.0,0.0080043413376746,0.0,0.0028490028490028,0.0093610093610093,0.0115316781983449,0.0941527608194275,0.0078686745353412,0.0036630036630036,0.0090896757563424,0.0
3103032,0.0092811132418744,0.263141072921276,0.0006146432610512,0.0144564094999262,1.22928652210257e-05,0.0208978708757437,2.45857304420514e-05,1.22928652210257e-05,0.0001229286522102,0.0754167281309928,0.0056915965973349,0.0276712396125289,0.107341299109997,0.0135098588779073,0.04877808919703,0.1083370211929,0.0385258396026946,0.0258764812902591,0.0221517431282883,0.0005408860697251,8.605005654718e-05,0.0005531789349461,1.22928652210257e-05,0.0059743324974185,0.0129689728081821,0.0161651177656488,0.0337193293012735,0.00047942174362,0.0001721001130943,0.0010817721394502,0.0621896051531691
3109287,0.001142313184198,0.561732508329367,0.0003807710613993,0.0103760114231318,0.0,0.0086625416468348,9.51927653498334e-05,0.0,0.0002855782960495,0.014850071394574,0.0015230842455973,0.0201808662541647,0.000571156592099,0.0059971442170395,0.0731080437886721,0.0609233698238934,0.0101856258924322,0.0052356020942408,0.0046644455021418,0.000571156592099,0.0002855782960495,0.0010471204188481,0.0008567348881485,0.0007615421227986,0.0013326987148976,0.0014278914802475,0.0419800095192765,0.0816753926701571,0.0568300809138505,0.0115183246073298,0.0
3109289,0.0395125553914328,0.423744460856721,0.0007913061827389,0.0091263979742561,2.63768727579658e-05,0.0149029331082507,5.27537455159316e-05,0.0,0.0001846381093057,0.0304125342899346,0.004615952732644,0.0175406203840473,0.0010023211648027,0.0094165435745938,0.103133572483646,0.105929520995991,0.020811352606035,0.0155359780544419,0.0106562565942182,0.0003428993458535,5.27537455159316e-05,0.0063040725891538,0.0006857986917071,0.0219191812618696,0.0055918970246887,0.0009495674192867,0.139771048744461,5.27537455159316e-05,0.0001055074910318,0.0004220299641274,0.0
3119467,0.056575175458829,0.307473063362878,0.0012521005634452,0.0122738805232462,0.0,0.0045965270684371,0.0021417509637879,0.0023888760749942,0.0151734818280668,0.0256680615506277,0.005074302283436,0.0,3.29500148275067e-05,0.019835908926159,0.0242182608982174,4.942502224126e-05,0.0071172032027414,0.0023065010379254,0.0173976078289235,0.0010379254670664,0.0,0.0007413753336189,1.64750074137533e-05,0.004069326831197,0.0006095752743088,0.0224883851197733,0.0009226004151701,0.0032455764605094,0.0134436060496227,6.59000296550133e-05,0.420919964413984
3000614,0.0726114649681529,0.493248407643312,0.0003821656050955,0.129044585987261,0.0001273885350318,0.0,0.0,0.0028025477707006,0.0002547770700636,0.000764331210191,0.0,0.0001273885350318,0.0,0.0001273885350318,0.0030573248407643,0.0,0.0,0.0001273885350318,0.0003821656050955,0.0005095541401273,0.0575796178343949,0.0,0.0071337579617834,0.0,0.0002547770700636,0.0001273885350318,0.056687898089172,0.0403821656050955,0.0189808917197452,0.0005095541401273,0.0
3101581,0.160498351044339,0.429461341150605,0.0006412605349945,0.0857456943935507,0.0,0.0008244778307072,0.0013741297178453,0.0076035177720776,0.0003664345914254,0.000274825943569,0.0,0.0,0.0,0.0,0.0069622572370831,0.0,9.16086478563576e-05,0.0076035177720776,0.0003664345914254,0.0033895199706852,0.0213448149505313,0.0,0.0083363869549285,0.0,9.16086478563576e-05,0.0001832172957127,0.0484609747160132,0.02766581165262,0.0425980212532063,9.16086478563576e-05,0.0
3101579,0.23904360586015,0.437941885009848,0.0062540706388254,0.0179696634415437,0.0,4.70820876197651e-05,0.0010122648838249,0.0420050691714337,0.0010044178692216,1.56940292065884e-05,0.0,0.0,0.0,0.0,0.0043472460902249,0.0,7.84701460329418e-06,0.0023384103517816,0.0002432574527021,0.0164787306669178,0.0257303608842016,0.0024247275124179,0.0415028602368229,0.0,0.0,0.0,0.0402394908856925,0.0363866067154751,0.0472390279118309,7.84701460329418e-06,7.84701460329418e-06
3119496,0.0010016025641025,0.437199519230769,0.0360910790598291,0.0190972222222222,0.0,0.0018362713675213,3.33867521367521e-05,0.0,0.0004340277777777,0.20035389957265,0.0031049679487179,0.0061765491452991,0.0,0.0416666666666667,0.0270098824786325,0.0926816239316239,0.0032051282051282,0.000801282051282,0.0026375534188034,0.0032719017094017,0.000267094017094,0.0496794871794872,6.67735042735043e-05,0.0023704594017094,0.0007678952991452,0.0014356303418803,0.0180288461538462,0.000133547008547,0.015625,0.0038394764957265,0.0042067307692307
3119484,0.224764350541337,0.302864271748329,0.0372880614001809,0.0028161204657542,7.29564887501094e-05,2.18869466250328e-05,5.83651910000875e-05,0.0037791461172556,0.002028190387253,0.0129789593486445,7.29564887501094e-05,1.45912977500219e-05,2.18869466250328e-05,0.0025826597017538,0.0039396503925059,5.83651910000875e-05,1.45912977500219e-05,6.56608398750985e-05,7.29564887501094e-06,0.161744535558993,2.91825955000438e-05,0.045320570811568,0.0134458808766452,0.0001386173286252,1.45912977500219e-05,0.022645694108034,2.18869466250328e-05,0.0090028307117635,0.0286208305366679,0.036004027198179,2.18869466250328e-05
3119485,0.0115115918306213,0.187758770099817,0.0042473066512608,0.0101742786532721,0.0001283820650255,0.0068149479517711,0.000256764130051,3.2095516256379e-05,0.0155449283735062,0.0988969840913224,0.0012945191556739,0.0966930919750511,0.0002781611408886,0.0062158316483187,0.147821249371463,0.143841405355672,0.0027923099143049,0.0144001882936954,0.0095109713173069,0.0222635897765082,5.3492527093965e-05,0.0720223384793144,0.0010163580147853,0.0086122968621283,0.014314600250345,0.0074140642552235,0.0101956756641097,0.0003102566571449,0.0149137165537974,0.0378192166554332,3.2095516256379e-05
3119479,0.0009185980780101,0.762948699830413,0.0082143866591294,0.0370442340305257,5.29960429621255e-05,0.0436687394007914,0.0,0.0,0.0003533069530808,0.0200148388920294,0.0006182871678914,0.010122244205766,7.06613906161673e-05,0.0010952515545505,0.0290241661955907,0.022399660825325,0.0095392877331825,0.0071014697569248,0.0088150084793668,0.0001236574335782,7.06613906161673e-05,0.0001943188241944,0.0,0.0020845110231769,0.0034977388355002,0.0039040418315432,0.0149272187676653,0.0,0.0001059920859242,0.0005476257772752,0.0002296495195025
3119486,0.0025113008538422,0.17876276577934,0.0099475417154975,0.0312517439589263,0.350605502539204,0.063717283330543,0.0,1.39516714102349e-05,0.0008510519560243,0.0362743456666109,0.0029158993247391,0.0044366315084547,0.020369440258943,0.0093476198448574,0.0271778559071377,0.0403063787041688,0.0208856521011217,0.009208103130755,0.0240805848540655,0.0147190133377979,1.39516714102349e-05,0.0031391260673028,0.0003627434566661,0.0071153524192198,0.0049109883364027,0.0007254869133322,0.0110357720854958,0.0074501925330654,0.0356744237959708,0.0187929013895865,0.0007673419275629
3101501,0.183078162771958,0.313779210314263,0.0,0.0002417405318291,0.0,0.0,0.0002417405318291,0.0122481869460113,0.001047542304593,0.0009669621273166,8.058017727639e-05,0.0006446414182111,0.0,0.0215149073327961,0.0085414987912973,0.0,0.0002417405318291,0.0002417405318291,0.0,0.227155519742143,0.0,0.019016921837228,0.0,0.0004029008863819,0.0051571313456889,0.0001611603545527,0.0,0.126430298146656,0.0591458501208703,0.0001611603545527,0.0
3101540,0.0003888024883359,0.503145765587445,0.0001060370422734,7.06913615156228e-05,0.0,0.0,0.0,0.0,0.0002827654460624,0.0003181111268203,0.0,0.0,0.0,3.53456807578114e-05,3.53456807578114e-05,3.53456807578114e-05,7.06913615156228e-05,0.0,0.0,0.022479852961968,0.0,3.53456807578114e-05,3.53456807578114e-05,0.0,3.53456807578114e-05,0.0,0.0,0.0693835713275838,0.0300791743248975,0.0,0.0
3105042,0.0834433588592553,0.174544494322683,0.0,0.0,0.0009242144177449,0.0,0.0033007657776604,0.000660153155532,0.0106944811196198,0.0077898072352785,0.000660153155532,0.0001320306311064,0.0,0.005413255875363,0.0010562450488513,0.0,0.0,0.0,0.0,0.310536044362292,0.0003960918933192,0.0001320306311064,0.0002640612622128,0.0,0.0030367045154475,0.0,0.0002640612622128,0.194217058357539,0.125693160813309,0.0183522577237919,0.0
3105045,0.0973182195189383,0.415814210671827,0.0,0.0,0.0005529444290848,0.0,0.0009676527508985,0.0008294166436273,0.0008294166436273,0.0114735969035112,0.0008294166436273,0.004423555432679,0.0,0.013270666298037,0.0022117777163395,0.0,0.0237766104506497,0.0005529444290848,0.0,0.211086535803152,0.0001382361072712,0.0035941387890517,0.0,0.0001382361072712,0.0012441249654409,0.0,0.0,0.0666298037047277,0.0282001658833287,0.0128559579762234,0.0
3103385,0.0543974871501999,0.498143917761279,0.0,0.0,0.0001427755568246,0.0,0.000428326670474,0.001713306681896,0.0024271844660194,0.0201313535122787,0.0044260422615648,0.0105653912050257,0.0097087378640776,0.0167047401484866,0.0709594517418618,0.0,0.0044260422615648,0.0161336379211879,0.0,0.170188463735009,0.0,0.0059965733866362,0.0,0.0069960022844089,0.0035693889206167,0.0009994288977727,0.0,0.0207024557395774,0.0134209023415191,0.0508280982295831,0.0
3103387,0.127595463759382,0.452254423930313,5.47855147099107e-05,0.0,0.0001643565441297,0.0,0.003067988823755,0.0003834986029693,0.0109571029419821,0.0216402783104147,0.0021366350736865,0.0065742617651892,0.0002739275735495,0.0190653591190489,0.0278310414726346,0.0001095710294198,0.008546540294746,0.0013696378677477,5.47855147099107e-05,0.224017969648825,0.0,0.0041636991179532,5.47855147099107e-05,0.0015339944118775,0.0101353202213335,0.002410562647236,5.47855147099107e-05,0.0307894592669698,0.0285432531638635,0.0023557771325261,0.0
3109531,0.143935933306686,0.348912236624222,5.71004396733855e-05,1.42751099183464e-05,4.28253297550391e-05,2.85502198366927e-05,0.0008136812653457,2.85502198366927e-05,0.0044823845143607,0.0409552903557357,0.0020270656084051,0.0248957916975961,0.005895620396277,0.0104065551304745,0.0771997944384172,0.0,0.0173585336607092,0.0607405927025638,0.004039856106892,0.153371780962713,0.0006709301661622,0.0046251356135442,0.0,0.0039256552275452,0.0090075943584765,0.0110346599668817,1.42751099183464e-05,0.0089076685890481,0.0409124650259807,0.0084794152914977,1.42751099183464e-05
3109534,0.030851574137191,0.363377010275442,0.0012875861546618,0.0,0.000328208235502,0.016031709964907,2.52467873463102e-05,0.0023984447978994,0.0249943194728471,0.0398899240071701,0.0026509126713625,0.0,0.0002524678734631,0.0054280592794566,0.150622333308087,2.52467873463102e-05,0.0382741296170062,0.0028276401827867,0.0040394859754096,0.0717513696382135,0.0001514807240778,0.0030548612689035,0.0,0.0053270721300714,0.0020954833497437,0.0114115478805322,0.0,0.0078265040773561,0.0277209725062486,0.104723673912495,0.0630917215784291
3119525,0.0014738027422666,0.739418427502153,0.0021196264158442,0.0014903623236404,1.65595813737829e-05,0.0333178777240511,1.65595813737829e-05,0.0,0.000149036232364,0.0465489832417037,0.0023680201364509,0.0111445982645559,0.0069219050142412,0.0055971385043386,0.0423759687355104,0.0088262568722262,0.0049844339935086,0.0021527455785917,0.0254851957342518,0.0001324766509902,0.0027985692521693,0.001142611114791,0.0002815128833543,0.0021858647413393,0.0038418228787176,0.0026992117639266,0.0389150162283897,0.0008942173941842,0.0017884347883685,0.0030304033914022,3.31191627475657e-05
3000619,0.0518926736821106,0.0002244277093411,0.0,0.582165478031021,4.987282429804e-05,0.0,0.0001994912971921,0.0018452944990274,0.0036905889980549,4.987282429804e-05,0.0,0.0,0.0,0.0,0.0,0.0,0.0,0.0,0.0036905889980549,0.121490199990025,0.0015211211410902,2.493641214902e-05,0.0,0.0,0.0,2.493641214902e-05,0.0,0.139519225973767,0.0651339085332402,0.0233903545957808,2.493641214902e-05
3101590,0.283937379369505,0.0012867252841518,7.14847380084352e-05,0.223747229966402,0.0,0.0,0.0025019658302952,0.0031453284723711,0.0012152405461434,0.0002144542140253,0.0,0.0002144542140253,0.0,0.0,7.14847380084352e-05,0.0,0.0,7.14847380084352e-05,0.0462506254914576,0.306883980270212,0.0005718779040674,0.0,0.0001429694760168,0.0,0.0001429694760168,0.0,0.0,0.0772750017871184,0.0340982200300236,0.0029308742583458,0.0
3109604,0.0103472222222222,0.543611111111111,0.0036805555555555,0.0354861111111111,0.0,0.0463194444444444,6.94444444444444e-05,0.0,0.0013194444444444,0.0355555555555556,0.0007638888888888,0.0146527777777778,0.0018055555555555,0.0022222222222222,0.0329861111111111,0.0379861111111111,0.015,0.0123611111111111,0.0497222222222222,0.0105555555555556,0.0234722222222222,0.0009722222222222,0.000625,0.0034722222222222,0.0044444444444444,0.0036805555555555,0.0375694444444444,0.0002083333333333,0.0145138888888889,0.0008333333333333,0.0302083333333333
3109606,0.0306543116490166,0.310873676248109,0.0007375189107413,0.028517397881997,0.0,0.0669251134644478,3.7821482602118e-05,0.0,0.0015885022692889,0.0398449319213313,0.0018154311649016,0.0034795763993948,0.0025340393343419,0.0017586989409984,0.0307110438729198,0.0473335854765507,0.0236951588502269,0.0809947049924357,0.0496596066565809,0.0071293494704992,0.0126323751891074,0.0148638426626324,0.0,0.0066565809379727,0.0020045385779122,0.0011346444780635,0.045196671709531,0.0007375189107413,0.0077912254160363,0.0116868381240545,0.009304084720121
3000774,0.190009675858732,0.0,0.0,0.0,0.0001209482341557,0.0,0.0,0.009917755200774,0.0065312046444121,0.0,0.0,0.0,0.0001209482341557,0.0,0.0,0.0,0.0,0.0,0.0,0.0449927431059507,0.0,0.0,0.0,0.0,0.0,0.0,0.014392839864538,0.417029511369134,0.193033381712627,0.116835994194485,0.0
3101534,0.752807654866206,0.0031341263622765,0.0,0.0,0.0,7.12301445971935e-05,2.37433815323978e-05,0.0131775767504808,0.0530902011064416,0.0009259918797635,9.49735261295914e-05,0.0,0.0003561507229859,0.0005223543937127,0.0005935845383099,7.12301445971935e-05,0.0002136904337915,2.37433815323978e-05,0.0002374338153239,0.0189472184628535,4.74867630647957e-05,9.49735261295914e-05,0.0116342569508749,9.49735261295914e-05,4.74867630647957e-05,0.0001899470522591,0.0030154094546145,0.064273333808201,0.0398888809744284,0.0039176579528456,2.37433815323978e-05
3105186,0.557451078775715,0.015253386853989,0.0,0.0,0.0,0.0,0.0006021073758153,0.0003010536879076,0.0642247867536377,0.0012042147516307,0.0001003512293025,0.0,0.0,0.0003010536879076,0.0,0.0,0.0,0.0,0.0,0.0531861515303562,0.0001003512293025,0.000903161063723,0.0023080782739588,0.0,0.0012042147516307,0.0003010536879076,0.0759658805820371,0.0241846462619167,0.0480682388359257,0.0250878073256397,0.0
3105185,0.155381598456706,0.218596049296111,0.0010203593578113,1.5943114965802e-05,3.1886229931604e-05,3.1886229931604e-05,0.0003029191843502,0.0417231318655039,0.0088005994611227,0.0184621271303987,0.0018653444509988,6.37724598632081e-05,0.0001275449197264,0.0041133236611769,0.0319500023914672,0.016995360553545,0.0029175900387417,0.0016580839564434,0.0004304641040766,0.001849401336033,0.000318862299316,0.0694641519059994,0.0314557658275274,0.0008290419782217,0.0009247006680165,0.0038741769366898,0.083908614065016,0.0042727548108349,0.011192066705993,1.5943114965802e-05,0.0012913923122299
3109699,0.339386279053437,0.0097184186503756,0.0001404395758724,2.80879151744962e-05,0.0332701355241907,2.80879151744962e-05,0.0001966154062214,0.0461765325468717,0.018341408608946,0.0029211431781476,0.0004072747700301,2.80879151744962e-05,0.0004915385155536,0.0025419563232919,0.0101959132083421,0.0007724176672986,5.61758303489923e-05,9.83077031107366e-05,0.003117758584369,0.0152517379397514,0.0050277368162348,0.0068674952601643,0.0197598483252581,0.0006179341338389,0.0008145495400603,0.001362263885963,0.113503265220139,0.0136226388596306,0.0403202022329893,0.0100133417597079,5.61758303489923e-05
3109701,0.143573843541125,0.474954427184769,0.0032251530779178,0.0194755620647212,0.115186264275587,4.67413489553309e-05,6.23217986071078e-05,0.0004362525902497,0.0005453157378121,0.006356823457925,0.0006076375364193,4.67413489553309e-05,0.0004050916909462,0.00377046881573,0.007120265490862,0.0027109982394091,0.0030693485814,0.0015736254148294,0.0064503061558356,6.23217986071078e-05,0.010547964414253,0.0005141548385086,0.0022280043002041,0.0007946029322406,0.0025551937428914,0.0005764766371157,0.0757521462069395,0.0019942975554274,0.0026019350918467,6.23217986071078e-05,0.0027421591387127
3119562,0.002254548306148,0.0806736198243413,0.0010978670012547,0.004685539523212,0.397506273525721,0.133332026348808,0.0,0.0,0.0,0.0165268193224592,0.0020585006273525,0.0012743099121706,0.0050188205771643,0.0033132057716436,0.0192126725219573,0.0272506273525721,0.0050384253450439,0.0568538268506901,0.0299364805520703,0.0001568381430363,0.0277995608531995,0.0034504391468005,0.0003136762860727,0.0059402446675031,0.0064107590966123,0.0002352572145545,0.0823988393977415,1.96047678795483e-05,0.0,0.008724121706399,0.0
3100007,0.0989799171182659,0.477924768887472,0.0004781638508128,0.0,0.0,0.0,0.0,0.0186483901817023,0.0154606311762831,0.0003187759005419,0.0,0.0003187759005419,0.0,7.96939751354798e-05,0.0001593879502709,7.96939751354798e-05,0.0,0.0004781638508128,0.0,0.029566464775263,0.0,0.0,0.0,0.0,0.0002390819254064,7.96939751354798e-05,0.0,0.0007172457762193,0.118265859101052,0.124242907236213,0.0
3101609,0.0604219686396848,0.820868565799195,0.0011493309252113,0.0,0.0003283802643461,0.0,0.0,0.0028733273130284,0.0014777111895575,0.0021344717182497,0.0,0.0,0.0,0.0009030457269518,0.0,0.0,0.0,0.0,0.0022986618504227,0.0020523766521632,0.0500779903127822,0.0,8.20950660865282e-05,0.0,8.20950660865282e-05,0.0,0.0,0.0,0.0039405631721533,0.0005746654626056,0.0
3105281,0.0167139087088261,0.606050239468283,0.0007819372495357,0.0,0.0,0.0,0.0,0.0,0.0002932264685758,0.0150522920535627,0.0007330661714397,0.0595249731209071,0.0,0.0153455185221386,0.0068908220115335,0.0,0.0007819372495357,0.0,0.0008308083276317,0.05693480598182,0.0019059720457433,0.0016616166552634,0.0,0.0008796794057276,0.0033232333105268,0.0020525852800312,0.0052292053562701,0.0023946828267031,0.0042029127162545,0.00547356074675,0.0
3105284,0.0553984560499219,0.350610301750367,0.0011335027621672,0.0,1.19316080228132e-05,0.0,0.0001789741203421,1.19316080228132e-05,0.0012886136664638,0.0832110343510995,0.0022670055243345,2.38632160456265e-05,3.57948240684397e-05,0.0514729570104163,0.0239228740857405,3.57948240684397e-05,0.0011692975862357,0.0001312476882509,0.0003579482406843,0.072508381954636,8.35212561596926e-05,0.0629750271444083,0.0,0.0001073844722053,0.0003579482406843,0.0078271348629654,0.0012408872343725,0.009199269785589,0.109734998985813,0.009068022097338,0.0028158594933839
3109684,0.059031481425045,0.405388108371682,0.0013104562216194,3.0475726084174e-05,1.5237863042087e-05,3.0475726084174e-05,0.0003047572608417,9.14271782525219e-05,0.0041446987474476,0.075854082223509,0.0111998293359339,0.0088531984274525,0.0200225520373023,0.0087617712492,0.130969432846738,0.088120561972389,0.0076036936580014,0.0191387559808612,0.0089598634687471,0.0011123640020723,0.0127236156401426,0.0152226251790449,0.0008533203303568,0.0058818151342455,0.0249443817998964,0.0393289245116265,0.0067198976015603,0.0031389997866699,0.011565538048944,0.0128302806814372,0.0019504464693871
3109687,0.167914018768805,0.107318181505222,0.001246204584105,0.0001032766229921,0.0014458727218898,0.0323600085375342,0.0017901281318635,6.88510819947536e-06,0.0014871833710866,0.0999235752989858,0.0180940643482212,0.0161868893769666,0.0039176265655014,0.0116909137227092,0.0472938082221962,0.0063962655173126,0.0094188280168822,0.0261565260498069,0.0504747282103538,0.0152642848782369,0.0310931486288307,0.0014389876136903,0.0002409787869816,0.0079729552949924,0.0268174964369565,0.0528845160801702,0.0028160092535854,0.0002272085705826,0.0007091661445459,0.0080486914851866,0.203840513353667
3119644,0.0097852840533888,0.347467632521562,0.111360134472615,0.0001200648350109,6.00324175054529e-05,0.0370600124066996,4.0021611670302e-05,2.0010805835151e-05,8.00432233406039e-05,0.0547095431533028,0.0054629499929962,0.010205510975927,0.0684769775678867,0.0058231444980289,0.0363796450083045,0.0209713245152382,0.0452044103816061,0.0415024113021031,0.0228723510695776,0.0012806915734496,0.0557300942508955,0.0007003782042302,0.0,0.0110859864326736,0.0195105356892722,0.0170892281832189,0.0113061052968603,0.0017609509134932,0.0023812858943829,0.0007804214275708,0.0059632201388749
3101765,0.244349488361633,0.38344765545935,0.0022489598560665,0.0375576295963117,0.0,0.0,0.0006746879568199,0.0002248959856066,0.0050601596761497,0.0,0.0,0.0,0.0,0.0,0.0,0.0,0.0,0.0,0.0001124479928033,0.0116945912515462,0.0001124479928033,0.0,0.0,0.0,0.0286742381648488,0.0,0.172832564938716,0.0779264590127066,0.0302485100640954,0.0016867198920499,0.0
3105463,0.0409463148316652,0.665150136487716,0.0051865332120109,0.0077343039126478,0.0,0.0,9.09918107370337e-05,0.0,0.0,0.106369426751592,0.0013648771610555,0.0155595996360328,0.0,0.0120109190172884,0.0112829845313922,0.0012738853503184,0.0007279344858962,0.0,0.0009099181073703,0.0038216560509554,0.0,0.0003639672429481,0.0,0.0010009099181073,0.0023657870791628,0.0034576888080072,0.110009099181074,0.000181983621474,0.0015468607825295,9.09918107370337e-05,0.0
3105462,0.0625907314349525,0.34751535455053,0.0030150753768844,0.0049692908989391,5.58347292015634e-05,0.0,0.0001675041876046,0.0,0.0010608598548297,0.278391959798995,0.0042434394193188,0.0024567280848687,0.0013400335008375,0.0034059184812953,0.0412060301507538,0.007537688442211,0.0094919039642657,0.000893355667225,0.0045226130653266,0.0247906197654941,0.000502512562814,0.0072026800670016,0.0,0.0056393076493579,0.0132328308207705,0.0101619207146845,0.0015075376884422,0.0002233389168062,0.0701842546063652,0.0123953098827471,0.0517029592406477
3105460,0.0334483148608912,0.484307848902963,0.0054851843474327,0.0226193168966297,0.0,0.0,0.0,2.82741461207872e-05,0.0001130965844831,0.167100203573852,0.002912237050441,0.0025446731508708,8.48224383623615e-05,0.0040714770413933,0.0912123953856594,0.0048348789866546,0.0045521375254467,0.0029687853426826,0.0048914272788961,5.65482922415743e-05,0.0,8.48224383623615e-05,0.0002827414612078,0.0090760009047726,0.0168513910879891,0.0151266681746211,0.017529970594888,0.0001130965844831,0.0581599185704592,0.0014419814521601,0.0067009726306265
3119777,0.0063376273992446,0.10215220652905,0.0014486005483987,0.0169434528428786,0.379998965285323,0.0141755910807595,2.58678669356925e-05,0.0001293393346784,0.000336282270164,0.0736458171659165,0.0036732371048683,0.0044492731129391,0.0626778415851829,0.0084846603549071,0.0504423405246003,0.0434321485850277,0.0082518495524859,0.0235656267784159,0.0193750323348337,0.0015003362822701,0.0,0.0040095193750323,0.0046562160484246,0.02203942262921,0.0085105282218428,0.0051994412540741,0.0464586890165037,0.0005949609395209,0.0004397537379067,0.0314553261938021,0.004371669512132
3119782,0.0063447124001955,0.133208408016946,0.0025765846504806,0.0376914616262017,0.337797376568356,0.0201747596545543,1.01841290532834e-05,3.05523871598501e-05,0.0004786540655043,0.0310106729672478,0.0066094997555809,0.0039514420726739,0.0288109010917386,0.0084731953723317,0.0531407854000326,0.0344529085872576,0.0100924718918038,0.029686736190321,0.0132597360273749,0.0006008636141437,3.05523871598501e-05,0.0054485090435066,0.0001323936776926,0.0174963337135408,0.0077908587257617,0.0111210689261854,0.0734479387322796,0.0001425778067459,0.0005092064526641,0.0083000651784259,0.0032385530389441
3119784,0.0017668711656441,0.0089815950920245,0.0003926380368098,0.0061840490797546,0.840269938650307,0.0024294478527607,0.0,0.0,4.9079754601227e-05,0.0152147239263804,0.0008098159509202,0.0011288343558282,0.0097177914110429,0.0018159509202454,0.0116564417177914,0.0124171779141104,0.0017914110429447,0.0033128834355828,0.0068220858895705,4.9079754601227e-05,0.0,0.0015950920245398,0.0003680981595092,0.0035092024539877,0.002282208588957,0.0031901840490797,0.0435828220858896,2.45398773006135e-05,0.0,0.001521472392638,4.9079754601227e-05
3101574,0.522608763327885,0.0,0.0,0.0,0.0103510000778271,0.0,0.0003891353412716,0.0062261654603471,0.100474745116351,0.0001556541365086,0.0,0.0,0.0014008872285781,0.0,0.0,0.0,0.0,0.0,0.0,0.0326873686668223,0.0,0.0,0.190365008950113,0.0,0.0,0.0,0.0116740602381508,0.0,0.0231146392715386,0.0,0.0
3101734,0.474384126005437,0.0691684650093888,0.0002942742636136,0.0,4.20391805162411e-05,0.0,0.0058714722121016,0.0071746868081051,0.008898293209271,1.40130601720804e-05,0.0,0.0,2.80261203441608e-05,1.40130601720804e-05,1.40130601720804e-05,0.0,0.0,0.0,0.0,0.0023261679885653,0.0,0.0027325467335556,0.192147081079566,0.0,0.0,0.0,0.0002802612034416,9.80914212045626e-05,0.073050082677055,1.40130601720804e-05,0.0
3105485,0.0141439205955335,0.186352357320099,0.0,0.0,0.0,0.0,0.0012406947890818,0.0,0.0037220843672456,0.007940446650124,0.0002481389578163,0.0,0.0,0.0054590570719603,0.0,0.0,0.0,0.0,0.0,0.0362282878411911,0.0017369727047146,0.0,0.0,0.0,0.0,0.0,0.0007444168734491,0.0014888337468982,0.569478908188586,0.0,0.0
3105488,0.0131459655485041,0.507706255666365,0.0030220610456331,0.0,0.0001511030522816,0.0,0.0,0.0001511030522816,0.0012088244182532,0.0315805379268661,0.0022665457842248,0.0,0.0,0.0271985494106981,0.0472952553641584,0.0,0.0001511030522816,0.0021154427319431,0.0,0.0938349954669084,0.0099728014505893,0.0031731640979147,0.0001511030522816,0.0,0.0,0.0,0.0018132366273798,0.0374735569658507,0.0521305530371714,0.0001511030522816,0.0
3103859,0.0116729126989003,0.219020704060945,0.0011365730785771,0.0175093690483504,0.243564538919948,0.0515451250230386,0.0001535909565644,0.0001228727652515,0.0002150273391902,0.0152362228911962,0.0045770105056214,0.003225410087854,0.0023960189224058,0.0009522639306997,0.0326841555569208,0.0489340787614425,0.0151440683172575,0.0206426245622658,0.0175093690483504,6.1436382625791e-05,0.0,0.0036861829575474,6.1436382625791e-05,0.0105670578116361,0.0067887202801499,0.0012594458438287,0.0827240892056276,0.0159734594827057,0.0224242796584137,0.0001843091478773,0.0613442280518523
3116428,0.0269433261071539,0.297452364264641,0.0015321673648351,0.0070414500171146,0.206304705709768,0.0545060390213688,1.6299652817395e-05,0.0,0.0001792961809913,0.0244494792260925,0.0047268993170445,0.0079053316164365,0.008215025019967,0.0026568434092353,0.0311812358396766,0.0487196622711936,0.0051017913318446,0.0335120861925641,0.0406187348209483,0.0002281951394435,6.519861126958e-05,0.0155335691349774,0.0006356864598784,0.0112793597496373,0.0059493732783491,0.0020700559078091,0.0430147837851054,0.0005215888901566,0.0013528711838437,1.6299652817395e-05,0.0296001695163893
3116424,0.060958006215846,0.114705925674979,0.0004934380109292,0.0031815704585291,0.0449102237409966,0.0222783579561356,2.20942392953411e-05,1.47294928635607e-05,0.0010016055147221,0.0657819151286621,0.0452858258090174,0.0134627564772945,0.0358147618977479,0.0157237336318511,0.0745606928753443,0.0820653694893285,0.0200615692801697,0.0580562961217245,0.106508962896407,0.0003093193501347,8.83769571813642e-05,0.0445714454051347,0.0022094239295341,0.0589695246792653,0.0471270124169625,0.0086241180716147,0.0010752529790399,5.15532250224625e-05,0.0002209423929534,5.15532250224625e-05,0.0031373819799384
3119807,0.0234023758355637,0.205769509670785,0.0023072764908302,0.03393674107084,0.0787242738671272,0.0470684404129366,0.0,0.0,0.0003823486756232,0.0195525202051498,0.0059198122536158,0.0024786741730061,0.0308252139174918,0.005207852650731,0.0204358774902106,0.090853955990349,0.0142919298060569,0.0378393344496157,0.0471739159096602,0.0001054754967236,0.0001318443709045,0.0216224768283518,0.001239337086503,0.0103234142418289,0.0079238466913655,0.003480691391881,0.0564953129326143,0.0012525215235935,0.0033488470209764,2.63688741809168e-05,0.0926338549975609
3100028,8.51643672287515e-05,2.83881224095838e-05,0.0,0.0,0.0009651961619258,0.0,0.0071538068472151,0.0,0.0017884517118037,0.0153295861011753,0.0009368080395162,0.0,0.0,0.0204962243797195,0.0629932436268665,0.0,0.0326179526486118,0.0,0.0,0.130727303696134,2.83881224095838e-05,0.0,0.0,0.0,2.83881224095838e-05,0.0,2.83881224095838e-05,0.0719071140634758,0.0489127349117129,0.0013910179980696,0.409810935104752
3101776,0.0014459665144596,0.0014459665144596,7.6103500761035e-05,0.0003805175038051,0.0004566210045662,0.135159817351598,0.0,7.6103500761035e-05,7.6103500761035e-05,0.0483257229832572,0.0028919330289193,0.0003044140030441,0.0,0.0742009132420091,0.0289193302891933,0.000152207001522,0.0079147640791476,7.6103500761035e-05,0.0,0.073820395738204,0.0,0.0002283105022831,7.6103500761035e-05,0.0,0.0003044140030441,0.0,7.6103500761035e-05,0.0944444444444444,0.0440639269406393,0.0015220700152207,0.447184170471842
3105363,0.0001345257965671,0.0002441394085847,0.0,4.98243690989263e-06,0.000602874866097,4.98243690989263e-06,0.000368700331332,4.98243690989263e-06,0.0007573304103036,0.132473032560225,0.0032884083605291,9.96487381978526e-06,9.96487381978526e-06,0.104950051069978,0.10535861089659,5.97892429187115e-05,0.0344635161057273,9.96487381978526e-06,4.98243690989263e-06,0.0455394733564186,3.48770583692484e-05,0.0015993622480755,0.0,2.49121845494631e-05,1.49473107296779e-05,0.0355945292842729,4.98243690989263e-06,0.0927879225729304,0.15963727859296,0.01855957748935,9.96487381978526e-06
3105433,0.349085037674919,0.0208826695371367,0.0002152852529601,0.0040904198062432,0.0002152852529601,0.0010764262648008,0.0,0.0,0.0011840688912809,0.0196986006458558,0.0471474703982777,0.0035522066738428,0.0109795479009688,0.0097954790096878,0.0134553283100108,0.0119483315392896,0.0091496232508073,0.0874058127018299,0.247470398277718,0.0,0.0032292787944025,0.0461786867599569,0.0007534983853606,0.0007534983853606,0.0331539289558665,0.0048439181916038,0.0073196986006458,0.0043057050592034,0.0168998923573735,0.0064585575888051,0.0005382131324004
3103898,0.0154787147284293,0.0004730060349045,4.89316587832328e-05,0.0,0.0001141738704942,0.178714728429294,0.0003099005056271,8.15527646387213e-05,0.0015005708693524,0.300342521611483,0.0032131789267656,0.0,0.0001631055292774,0.0717338117762192,0.0526504648507584,0.0028706573152829,0.0152992986462241,0.0007339748817484,0.0108138965910944,0.0083999347577882,0.0,0.0215462404175502,3.26211058554885e-05,0.0163594845865275,0.0427988908824009,0.0367802968520633,1.63105529277443e-05,0.0117435981079759,0.0307943239275811,0.0931006361115642,0.0
3116510,0.0989059618930547,0.0,0.0,0.0,0.0012046711739397,0.198549477566073,0.0002950215119852,0.0,0.0193730792870313,0.0842286416717886,0.0024830977258758,0.0258881376767056,0.029920098340504,0.0157344806392133,0.0727228027043639,0.0648063921327597,0.0490473263675476,0.0123909035033805,0.0732636754763368,0.0032944068838352,0.0117025199754149,0.0056299938537185,9.8340503995083e-05,0.0280270436385986,0.0193730792870313,0.0150952673632452,2.45851259987707e-05,0.021339889366933,0.102249539028888,0.0252735095267363,0.0
3116513,0.0139176991646577,8.40948590009531e-05,0.0,0.0,1.40158098334922e-05,0.233181028199809,0.0002663003868363,0.0,0.0010511857375119,0.282937153108707,0.0064192409037394,0.026966418119639,0.0818242978079273,0.0134551774401525,0.0910607164881987,0.001737960419353,0.0270084655491394,0.0204490665470651,0.0397348208779503,0.0005746482031731,0.0165106239838538,0.0016678813701855,0.0,0.0312132084991871,0.0154594382463419,0.0265319280148007,0.0,0.003560015697707,0.0032516678813701,0.0476117060043729,0.0
3100051,0.169454731196527,0.494062061039459,0.0001276976120546,0.0001276976120546,0.0,0.0,0.0,0.0015323713446558,0.0008938832843825,0.0,0.0,0.0,0.0,0.0,0.0,0.0,0.0,0.0,0.0,0.0076618567232792,0.0,0.0,0.0,0.0,0.0,0.0,0.0,0.0841527263440174,0.152087855957094,0.0003830928361639,0.0
3101779,0.05521581665974,0.0704743810485068,0.0005343466128361,0.0,0.0,0.0,0.0,0.0003562310752241,0.0092026361099566,0.0201270557501633,0.0008312058421896,0.0,0.0,0.0073027370420946,5.93718458706881e-05,0.0,0.0007124621504482,0.0,0.0,0.0578875497239209,0.0,0.0003562310752241,0.0,0.0,0.0,0.174493855013952,0.0,0.164460013061806,0.349581428486612,0.0013061806091551,0.0
3105594,0.155615316689412,0.280324315645822,0.0034518744481014,0.0002809665248454,0.0,0.0,0.0001204142249337,0.0131251505177812,0.0007626234245805,0.122220438307779,0.0018062133740065,0.0904310829252629,0.0021674560488079,0.0056996066468652,0.010556313719194,0.0505739744721843,0.0032110459982339,0.0046961547724171,0.0015252468491611,0.0679136228626475,8.02761499558481e-05,0.0027293890984988,0.019547242514249,0.0013646945492494,0.0075860961708276,0.0012442803243156,0.10459982339247,0.0261700248856065,0.0109576944689733,0.0001204142249337,4.01380749779241e-05
3103779,0.0516438973127158,0.510033528499224,0.0051543812240404,0.0271230545964069,0.0,0.0966821798528749,0.0,0.0,0.0008507231146474,0.0513436420957814,0.0014512335485162,0.0029024670970324,0.0297753090126608,0.0020017014462293,0.0177150577991293,0.0297753090126608,0.0078566781764499,0.0286243306810789,0.0783666116198769,0.0002001701446229,0.0005004253615573,0.0018515738377621,0.0002502126807786,0.0166141220037031,0.006905869989491,0.0009508081869589,0.0099584646949907,0.0013511484762047,0.0021017865185407,0.0021017865185407,0.0020017014462293
3116652,0.0297732245465513,0.212768132834386,0.0016052184937529,0.0100300595055518,0.0,0.0098460217164591,0.0003782998998016,0.0,0.0030366235200294,0.13089176533137,0.0046316176921661,0.0182504140850255,0.0085679815144265,0.010940024129399,0.10023924912582,0.0636566263828395,0.0073103899556264,0.0272682657505674,0.047011430791567,0.0090689732736233,0.0417254565159602,0.0116966239290023,0.0044782528679222,0.0125247939799194,0.0091814408114021,0.0320941455534425,0.0599758706009856,0.0062777334723841,0.0253460932867104,0.0568370038647936,0.0066151360857207
3116659,0.103876332123199,0.321185150486005,0.0100948588827732,0.0154584846000703,0.0,0.0731233165476051,2.34219463637428e-05,0.0001873755709099,0.0154350626537065,0.0413631572783698,0.0080571495491275,0.0289963695983136,0.0084787445836749,0.0040519967209275,0.0304251083265019,0.0003044853027286,0.0708513877503221,0.043986415271109,0.0802435882421829,0.0003279072490924,0.0570324393957138,0.0038880430963813,0.0060428621618456,0.0128352266073311,0.0073779131045789,0.0075887106218526,0.0021548190654643,0.0119451926455088,0.0156458601709802,9.36877854549713e-05,0.002459304368193
3119945,0.0715558885071427,0.164539794890341,0.0018341040014466,0.0237787708919945,0.0012012089586939,0.0179148045775103,5.16649014492005e-05,1.29162253623001e-05,0.0010074655782594,0.0532148484926765,0.0031773914391258,0.0117150164036062,0.0342538296608199,0.0023378367905763,0.037870372762264,0.0744878716643848,0.0238562682441683,0.062617860556431,0.0664539794890341,0.001420784789853,0.0403115393557387,0.0071814213014388,0.0047144222572395,0.0123737438970835,0.0065614424840484,0.0156286326883831,0.0551910309731084,0.0043011030456459,0.0049985792152101,0.010888377980419,0.0040298623130376
3101550,0.0774468721939539,0.558590242442383,0.0854534570487878,0.035243938940437,0.0002993115833582,0.0,0.0,0.0018706973959892,0.0008231068542352,7.4827895839569e-05,0.0,0.0,0.0,0.0,0.0,0.0,0.0,0.0003741394791978,0.0,0.0009727626459143,0.0053876085004489,0.0002244836875187,0.0115234959592936,0.0,0.0,0.0,0.039060161628255,0.0582909308590242,0.106180784196348,0.0001496557916791,0.0
3101815,0.102414045354792,0.325347476225311,0.0112289685442575,0.0365764447695684,0.000585223116313,3.65764447695684e-05,0.0001463057790782,0.0,0.0019385515727871,0.205523043160205,3.65764447695684e-05,0.063130943672275,0.0,0.0159107534747623,0.0016459400146305,0.0019751280175566,0.020848573518654,0.0002926115581565,0.0039502560351133,0.0042794440380395,0.0044623262618873,0.0063643013899049,0.003474762253109,0.0023043160204828,0.0004754937820043,0.008302852962692,0.036613021214338,0.0096927578639356,0.0301755669348939,0.0551572787125091,0.0
3102054,0.0503311258278146,0.515639327559857,0.0422822210901681,0.0229240957717779,0.0002037697401935,0.0,0.0,0.0,0.0013245033112582,0.0548140601120734,0.0002037697401935,0.0005094243504839,0.0,0.0139582272032603,0.0140601120733571,0.121141110545084,0.0163015792154865,0.0005094243504839,0.0059093224656138,0.0111054508405502,0.0086602139582272,0.0022414671421293,0.028222109016811,0.0018339276617422,0.0008150789607743,0.0021395822720326,0.050127356087621,0.0034640855832908,0.0035659704533876,0.0157921548650025,0.0
3102049,0.227589712310664,0.114669106434889,0.0080309037308122,0.0077259327030598,0.0009555758869574,0.0234014435295314,0.0008945816814069,4.06628037003151e-05,0.0062620717698485,0.137623259123717,0.0422689844464776,0.0028260648571719,4.06628037003151e-05,0.0031920300904747,0.0175866626003863,0.0373487851987395,0.0057334553217444,0.031615329876995,0.0032530242960252,0.0004879536444037,0.0006302734573548,0.0171800345633831,0.141445562671546,0.001809494764664,0.0046355596218359,0.0385280065060486,0.0049811934532886,0.0027244078479211,0.0662600386296635,0.0028870590627223,0.0017688319609637
3108915,0.262521968365554,0.107974516695958,0.0018673110720562,0.0019771528998242,0.000768892794376,0.0043936731107205,0.0010984182776801,0.0056019332161687,0.0074692442882249,0.257688927943761,0.0408611599297012,0.0,0.0,0.0207601054481547,0.0416300527240773,0.0644771528998243,0.0016476274165202,0.0088971880492091,0.0018673110720562,0.0028558875219683,0.00054920913884,0.000219683655536,0.0360281195079086,0.0051625659050966,0.0116432337434095,0.0061511423550087,0.0,0.0009885764499121,0.0811731107205624,0.0051625659050966,0.0
3108919,0.0827639474778682,0.191036381280574,0.0056905577670832,0.0478416150093412,3.3007875679137e-05,0.057182843826537,0.000495118135187,4.62110259507919e-05,0.0024953954013427,0.0977759293367397,0.0143650274955604,0.0007855874411634,0.0231253177008034,0.0231979350272975,0.0843219192099235,0.0114933423114755,0.0236468421365338,0.0376487829996237,0.0641409040196991,0.0010826583222757,0.0041787970609787,0.0038025072782365,0.0169660480990764,0.0100740036572726,0.0585823777553324,0.0143386211950171,0.000112226777309,0.0003564850573346,0.0626027370130513,0.0022775434218604,0.0025944190283801
3116855,0.103953961402987,0.240720345289478,0.0082651188172843,0.0273949496452845,9.92211142531131e-05,0.052557424219874,0.0001389095599543,5.95326685518678e-05,0.0007243141340477,0.0762018157463908,0.0092573299598154,6.94547799771791e-05,0.0052587190554149,0.0091581088455623,0.0307486233070397,0.0793967356253411,0.0115890261447636,0.0059036562980602,0.0193183509450811,0.0009822890311058,0.0012799523738651,0.001498238825222,0.011569181921913,0.0043954953614129,0.0154685717120603,0.009148186734137,0.0003472738998858,0.0001190653371037,0.027315572753882,0.0083345735972615,0.181316664186139
3116852,0.119210665353503,0.338396195928166,0.0114953141590878,0.0571534093532155,1.02590934039159e-05,0.0555222135019928,0.0001590159477606,0.0,0.0024057574032182,0.0873920871612576,0.0201796367255026,5.12954670195795e-06,9.23318406352431e-05,0.0096640659864887,0.0245756582490805,0.0735269224258652,0.0068069084734982,0.0064119333774474,0.0040933782681624,0.0002975137087135,0.0047345716059071,0.0001333682142509,0.0053860240370558,0.0029494893536258,0.0139626261227295,0.0089818362751283,0.0034573144771196,2.05181868078318e-05,0.0009438365931602,0.0001590159477606,0.0814931084540059
3102036,0.121603344399361,0.212959547522439,0.0092216894135005,0.0025820730357801,0.0,0.0440181974671093,0.0012295585884667,0.0,0.0047952784950202,0.0839788515922784,0.0049182343538669,0.0013525144473134,0.0008606910119267,0.0281568916758884,0.0434034181728759,0.0590188122464035,0.0142628796262142,0.0152465264969876,0.0646747817533505,0.0043034550596335,0.0018443378827001,0.0686093692364441,0.0414361244313292,0.00073773515308,0.0118037624492807,0.0333210377474487,0.0001229558588466,0.0647977376121972,0.033198081888602,0.0002459117176933,0.0
3116668,0.113582672819199,0.183151921930541,0.0033283288808425,0.006148853023646,9.93531009206721e-05,0.0004084516371183,0.0002483827523016,0.0006457951559843,0.0166471640209304,0.161123131609741,0.0056962444527852,0.032151767381273,0.0024065528889673,0.0064303534762546,0.0265051994789482,0.0015289338308347,0.0117126266752037,0.0161614377497627,0.0820601417437573,0.118473053231184,4.9676550460336e-05,0.0039189278696487,0.0018711500673393,0.0087099551807122,0.0199037378844413,0.0964277040602301,0.0179166758660279,0.0025611021570662,0.0074183648687435,0.0003808535535292,1.10392334356302e-05
3116671,0.000155367963126,0.219897457144337,0.0060593505619141,0.0102542855663162,0.000207157284168,0.0071987156248381,0.000103578642084,0.0,0.001346522347092,0.19591900150189,0.0290538091045626,0.121704904448703,0.000207157284168,0.0351649489875188,0.10741105184111,0.0047646175358641,0.0169351079807344,0.110725568387798,0.0329380081827127,0.001139365062924,0.000155367963126,0.0147599564969703,0.000207157284168,0.0201978352063804,0.0319022217618727,0.0081309234035941,0.000466103889378,0.0,0.0,0.00051789321042,0.0104614428504842
3119935,0.0187344527363184,0.236914386401327,0.0046037175234936,0.0092247097844112,5.18242122719735e-05,0.0098120508568269,0.0001122857932559,0.0,0.0049146627971254,0.13984763681592,0.0337721116639027,0.0085769071310116,0.0517896627971255,0.0242796434494196,0.0965139579878386,0.0140098120508568,0.0112026672194583,0.0589673161967938,0.115567993366501,0.0006564400221116,3.45494748479823e-05,0.0075663349917081,0.0014510779436152,0.0226644555002764,0.0650998479823107,0.0338325732448867,0.0008550995024875,3.45494748479823e-05,0.0001468352681039,8.63736871199558e-05,0.0067457849640685
3101595,0.0001606619271398,0.0001204964453548,0.0,0.0,0.0,0.0,8.0330963569908e-05,0.0006828131903442,0.0146604008515082,0.0010443025264088,0.0,4.0165481784954e-05,0.0,0.0,0.0,0.0,0.0,0.0,0.0,0.364541912680243,0.0,0.0036148933606458,0.0,4.0165481784954e-05,0.0,0.0,0.17439852191027,0.0002008274089247,0.143872755753705,0.129814837128971,0.0
3101948,0.11914763614145,7.63766898342626e-05,0.0,0.0007255785534254,0.0016039104865195,0.0,0.0001527533796685,0.0108836783013824,0.0045826013900557,0.0264263346826549,0.001183838692431,3.81883449171313e-05,3.81883449171313e-05,0.0173756969372947,7.63766898342626e-05,0.0,0.0714503933399527,0.0,7.63766898342626e-05,0.111013518674101,0.0001145650347513,0.0001527533796685,0.0,0.0001527533796685,7.63766898342626e-05,0.0,0.0,0.198846711983503,0.0869166730313908,0.0905827541434354,0.0
3102072,0.396434986873014,0.001243609230344,0.0001381788033715,0.0,0.0005527152134862,0.0,0.0040071852977753,0.0006908940168578,0.034130164432776,0.0138178803371563,0.001243609230344,0.0339919856294044,0.0002763576067431,0.0064944037584634,0.0107779466629819,0.0,0.0,0.0,0.0002763576067431,0.25908525632168,0.0004145364101146,0.0388282437474091,0.0241812905900235,0.0,0.0004145364101146,0.0006908940168578,0.0,0.0048362581180047,0.0067707613652065,0.0787619179217908,0.0
3102075,0.0630751805181934,0.374628344895937,7.07914483930341e-05,0.0003539572419651,0.0002831657935721,0.0,7.07914483930341e-05,0.0003539572419651,0.0009202888291094,0.0592524423049696,0.0141582896786068,0.035183349851338,0.0008494973807164,0.0072207277360894,0.0709330312898202,0.174571711737222,0.0155033271980745,0.016635990372363,0.0097692198782387,0.0152201614045023,0.0096984284298456,0.0033979895228656,0.0605974798244372,0.0016282033130397,0.0174854877530794,0.0082825994619849,0.0135211666430695,0.0095568455330596,0.004247486903582,0.0046014441455472,0.0
3116771,0.0620858622417729,0.165989197616794,0.0013363773038587,0.004343226237541,0.0853054178963194,0.0031738960966646,0.0,5.56823876607829e-05,0.0046773205635057,0.103624923436717,0.0273400523414444,0.0299571245615012,0.0216047664123838,0.0297343950108581,0.0765632830335765,0.086697477587839,0.0041204966868979,0.0239434266941366,0.0542903279692633,0.000501141488947,0.0016147892421627,0.0080739462108135,0.0060693802550253,0.0200456595578818,0.102344228520519,0.0226627317779386,0.0108580655938527,0.0,0.0,0.0011136477532156,0.0008352358149117
3116768,0.0196986688770784,0.243892925057292,0.005753571602711,0.0318396801404262,0.0018040860110195,0.0176020283777854,9.75181627578136e-05,0.0035106538592812,0.0051684626261641,0.0301331122921644,0.0186747281681213,0.0204788141791409,0.0051197035447852,0.0268662538397777,0.0384709152079575,0.046564922716856,0.0422741235555122,0.0403237603003559,0.0557316300160905,0.0039982446730703,0.0,0.0059973670096055,0.00312058120825,0.0338875615583402,0.0288166170949339,0.031937198303184,0.0404212784631138,0.000487590813789,0.0028280267199766,0.0024379540689453,0.127358720561705
3120123,0.239160252990932,0.0107444943991465,3.81010439686047e-05,0.0006858187914348,0.0,0.0015621428027127,0.000190505219843,0.0,0.0141354873123524,0.117008306027585,0.0219462013259163,0.0006096167034976,0.0028575782976453,0.0234702430846605,0.0659529071096548,0.0220605044578221,0.0059818639030709,0.0933856587670502,0.0732302065076583,0.0006858187914348,0.0,0.0557037262821001,0.0505981863903071,0.0096776651680256,0.0408443191343443,0.0582945972719653,0.00163834489065,0.0,0.0002286062638116,0.0,0.0
3120131,0.0058564562381356,0.338543559917606,0.0088856577406195,0.0670463265883113,0.0,0.056221979886102,0.0,0.0002019467668322,0.0002827254735651,0.0325538188133608,0.0052910052910052,0.0021406357284219,0.0007673977139626,0.0035542630962478,0.0399854598327881,0.0340482248879195,0.0304535724383053,0.031503695625833,0.0249606203804677,0.0003231148269316,0.0,0.0271820348156226,0.0003231148269316,0.0052910052910052,0.0101781170483461,0.0049275011107072,0.0098550022214144,0.0,4.03893533664526e-05,0.0029080334423845,0.0113494082959732
3105066,0.003269160915365,0.0392299309843807,0.0,0.0,0.0015740404407313,0.0,0.0,0.0,0.0696210194938855,0.0,0.0,0.0,0.0,0.0,0.0,0.0001210800339024,0.0,0.0,0.0,0.0756750211890059,0.0,0.000605400169512,0.0,0.0,0.0813657827824192,0.0030270008475602,0.0,0.19397021431166,0.40404407313234,0.0933527061387577,0.0
3105063,0.244949990194156,0.362227887821141,0.0009805844283192,0.0009805844283192,0.0,0.0,0.0,0.0,0.0127475975681506,0.0,0.0,0.0,0.0,0.0,0.0,0.0,0.0,0.0,0.0,0.0347126887625024,0.0001961168856638,0.0,0.0,0.0,0.0001961168856638,0.0,0.0,0.228083938027064,0.102373014316533,0.0001961168856638,0.0
3102347,0.231438045939825,0.472086298932384,0.0449288256227758,0.025456971853769,1.0109996764801e-05,0.0,0.0032655289550307,0.0,0.0048730184406341,0.0118286962148172,0.00050549983824,0.0,5.05499838240052e-05,0.0094022969912649,0.0001314299579424,1.0109996764801e-05,0.0045899385312196,0.0,0.0,0.0404804270462633,1.0109996764801e-05,0.0117983662245228,0.0,0.0,0.0002224199288256,0.00456971853769,8.08799741184083e-05,0.046445325137496,0.0203008735037205,0.0020725493367842,0.0
3116803,0.0046923879040667,0.0929092805005214,0.0062565172054223,0.0142857142857143,0.8211157455683,0.0025026068821689,0.0,0.0,0.0,0.0034410844629822,0.0008342022940563,0.0013555787278415,0.0046402502606882,0.000104275286757,0.0102711157455683,0.0020855057351407,0.0008342022940563,0.0021897810218978,0.0045359749739311,5.21376433785193e-05,0.0,0.0012513034410844,0.000104275286757,0.0013555787278415,0.0015641293013555,0.0002606882168925,0.0020333680917622,0.0001564129301355,0.0,0.0018769551616266,0.0
3101619,0.187245793261056,0.4003509583339,0.0002720607239535,0.0754288357161318,9.52212533837553e-05,0.0,0.001142655040605,0.0721777100648865,0.0613360902153361,0.0001496333981744,0.0,6.80151809883966e-05,4.0809108593038e-05,1.36030361976793e-05,9.52212533837553e-05,9.52212533837553e-05,2.72060723953586e-05,4.0809108593038e-05,1.36030361976793e-05,0.024390243902439,0.0,0.0001360303619767,0.0487668847686804,5.44121447907173e-05,0.0,1.36030361976793e-05,1.36030361976793e-05,0.0004080910859303,0.0118482445281787,0.0012242732577911,4.0809108593038e-05
3104909,0.0179783361049935,0.614859094790777,4.49458402624837e-05,0.0,8.98916805249674e-05,0.0,0.002516967054699,0.0,0.0019326711312868,0.0157310440918693,0.0004494584026248,0.0,0.0,0.0052137174704481,4.49458402624837e-05,0.0,0.0333498134747629,0.0,0.0,0.0696660524068497,0.0002696750415749,0.0004045125623623,0.0,0.0,0.0,0.0001348375207874,0.0,0.0220684075688795,0.125533731853117,0.0008539709649871,0.0
3102415,0.0010176390773405,0.795793758480326,0.0003392130257801,0.0,0.0,0.0,0.0,0.0,0.00016960651289,0.0083107191316146,0.0012720488466757,0.0,0.0,0.0030529172320217,0.0617367706919946,0.0,0.0135685210312076,0.0023744911804613,0.0,0.0777645861601085,0.0,0.0002544097693351,0.0,0.0,8.48032564450475e-05,0.0012720488466757,0.0057666214382632,0.0022048846675712,0.0062754409769335,0.0010176390773405,0.0
3102413,0.0051734696032265,0.360538040838736,0.0,0.0,0.0002322782270836,0.0,0.0004012078467808,0.0,0.0008235318960238,0.125050150980848,0.0102202419916802,0.0,4.22324049242984e-05,0.114407584939924,0.0630107481470532,0.0,0.0401419008805456,0.0017737610068205,8.44648098485968e-05,0.0050045399835293,2.11162024621492e-05,0.002132736448677,0.0,0.0012880883501911,0.0004223240492429,0.0095656397153535,0.0723441096353232,0.0001055810123107,0.0001266972147728,0.0065249065608041,0.0
3116800,0.0062647157753111,0.156323578876556,0.0003363605785401,0.0,0.0019761183989236,0.0459973091153717,0.0,0.0,0.0010931718802556,0.0832071981163808,0.004330642448705,0.0122771611167171,0.0492768247561386,0.0028170198452741,0.132652203161789,0.0339724184325597,0.0153464513958964,0.133030608812647,0.0274133871510259,0.0011772620248906,0.0218213925327952,0.0493609149007736,0.0013454423141607,0.0087874201143626,0.0096703666330306,0.0028170198452741,0.0757652203161789,4.20450723175244e-05,4.20450723175244e-05,0.0013454423141607,0.0202657248570468
3116802,0.0078848100925569,0.121564955603143,0.0004166405332998,1.3440017203222e-05,0.0048339261874255,0.0479002213122833,4.03200516096661e-05,1.3440017203222e-05,0.0043052855107654,0.0750311360398541,0.0038976049889343,0.0368928472228444,0.0251552321986972,0.0061107278217316,0.150241472309085,0.0635175213024273,0.0030374438879281,0.0311629198885375,0.0640506419848217,0.0024460831309864,0.0010483213418513,0.086159470284122,0.0045382458089546,0.0134848172605661,0.0108012938256561,0.036646446907452,0.0521875868001111,2.6880034406444e-05,7.16800917505174e-05,0.0064332882346089,0.0013932817834006
3120046,0.0017992545945251,0.190785246112325,0.0002570363706464,0.0,0.0,0.0722914792443131,0.0,0.0,0.0,0.063038169901041,0.0013494409458938,0.0192777277984835,0.0855931114252667,0.0089962729726256,0.0856573705179283,0.0384269374116437,0.0125305230690143,0.0133016321809536,0.188407659683845,0.0,6.42590926616116e-05,0.0841794113867112,0.0,0.0306515871995887,0.0133658912736152,0.0121449685130446,0.0048836910422824,0.0001927772779848,0.0006425909266161,0.0185708777792058,0.0007068500192777
3101625,0.223187147199305,0.0004342162396873,0.0,0.0001085540599218,0.0,0.0,0.0036908380373426,0.0055362570560139,0.0030395136778115,0.0900998697351281,0.0026052974381241,0.0,0.0001085540599218,0.0673035171515415,0.0055362570560139,0.0,0.0,0.0,0.0,0.0010855405992184,0.0,0.0011940946591402,0.232631350412505,0.0,0.0,0.104211897524967,0.0,0.0390794615718628,0.0885801128962223,0.0,0.0
3104884,0.422433890628122,0.0007993072670352,0.0,0.0,0.0,0.0001332178778392,0.0007326983281156,0.0007326983281156,0.0421634583361087,0.0001332178778392,0.0,0.0,0.000333044694598,0.0,0.0001998268167588,0.0,0.0,0.0,6.6608938919603e-05,0.000666089389196,0.0,0.0,0.0,0.0,0.0001332178778392,0.0,0.0,0.16938653167255,0.322453873309798,6.6608938919603e-05,0.0
3109713,0.285103824260402,0.0044335765252946,0.0,8.01731740559609e-06,0.0,0.0045297843341617,0.0019321734947486,0.0556241481600257,0.0171249899783532,0.0868836687244448,0.12885432534274,6.41385392447687e-05,0.0105347550709533,0.041345305860659,0.0132125390844224,0.0013388920067345,0.0008017317405596,0.0122985649001844,0.004882546300008,0.0002244848873566,0.0030706325663433,0.0093962959993586,0.220219674496913,0.0021646756995109,0.0252786017798445,0.0190571634731019,0.0002806061091958,0.00067345466207,0.0024452818087068,0.0002405195221678,1.60346348111922e-05
3109711,0.296155773498461,0.0023265802849166,7.15870856897416e-05,0.0007874579425871,0.0259503185625313,0.0054048249695754,0.0001789677142243,0.0001789677142243,0.01940010022192,0.0994702555658959,0.103658100078746,3.57935428448708e-05,0.0142100365094137,0.0452788316987615,0.0295296728470184,0.0095210823967356,0.0067649795976805,0.0544777722098933,0.172381702340898,0.0001073806285346,0.0039014961700909,0.0057627603980242,0.0005011095998281,0.0153554298804496,0.0417352709571193,0.004688954112678,0.000823251485432,0.0002147612570692,0.0056553797694895,0.0,0.0081967213114754
3116861,0.0886165820820952,0.0267953403981172,0.000341844381919,0.0011570117541875,0.0242183596728812,0.0020773620132004,0.0020773620132004,0.0107549501696074,0.215414552052381,0.0835415077966815,0.0080990822793131,0.0003155486602329,0.11194088721765,0.0324226248389387,0.0628993662731074,0.000972941702385,0.0006048015987798,0.0190643982224092,0.0212206474006679,0.0191169896657814,0.0075205764022193,0.0441768124326172,0.0052591443372163,0.0764942543848116,0.0190381025007231,0.0381813878881906,0.0003944358252912,0.0001577743301164,0.0026295721686081,0.0002629572168608,0.0
3116864,0.0451741513926574,0.155700758624509,0.0013179024309208,0.0282075419458442,0.0301788581870535,0.0531812392712775,2.21496206877457e-05,0.0012403787585137,0.019945733429315,0.0351625228417963,0.014375103826347,0.0005758901378813,0.0102663491887701,0.0145190763608173,0.0394927736862506,0.0003986931723794,0.0379423002381084,0.0159034276538014,0.241165070048175,0.0008306107757904,0.0327260645661443,0.0411539952378316,0.000863835206822,0.0319176034110416,0.0111634088266238,0.0042527271720471,0.0010078077412924,0.0002657954482529,0.0002768702585968,2.21496206877457e-05,0.000166122155158
3101631,3.33466720021342e-05,0.308856876083767,0.0023342670401493,6.66933440042684e-05,0.0,0.0,0.0006669334400426,0.0,0.0055355475523542,0.0,0.0,0.0,0.0,0.0,3.33466720021342e-05,3.33466720021342e-05,0.0,3.33466720021342e-05,0.0,6.66933440042684e-05,0.0,0.0,0.0,0.0,0.0,0.35437508336668,0.0,0.111277844471122,0.212218220621582,0.001000400160064,0.0
3104942,0.0264394041068313,0.475238223057308,0.0,0.004428935713327,0.0,0.0,0.0085894510803918,0.0017447322507046,0.107770769024292,0.0001342101731311,0.0,0.0,0.0,0.0,0.0004026305193933,0.0,0.0004026305193933,0.0,0.0,0.0338209636290431,0.0406656824587304,0.193262649308818,0.0,0.0,0.0,0.0006710508656556,0.0,0.0005368406925244,0.0006710508656556,0.0,0.0
3102184,0.0017757483510908,0.580542871638762,0.0104008117706748,0.0079908675799086,0.0,0.0,0.0002536783358701,0.0,0.0026636225266362,0.0941146626078133,0.0031709791983764,0.0,0.0,0.0209284627092846,0.0785134449518011,0.0,0.0029173008625063,0.0005073566717402,0.0095129375951293,0.0027904616945712,0.0532724505327245,0.0166159309994926,0.000126839167935,0.0048198883815322,0.0025367833587011,0.0046930492135971,0.0,0.0309487569761542,0.0162354134956875,0.0005073566717402,0.0
3120108,0.048638459726009,0.702783668248679,0.0012117540139351,0.0427143289912148,6.73196674408428e-05,3.36598337204214e-05,6.73196674408428e-05,0.0,0.0001346393348816,0.051196607088761,6.73196674408428e-05,0.0316402436971961,0.0,0.0035679423743646,0.0577266148305227,0.0005048975058063,0.0022552088592682,3.36598337204214e-05,0.0003702581709246,0.0024571678615907,6.73196674408428e-05,0.0028610858662358,0.0,0.0011780941802147,0.0007741761755696,0.0009424753441718,0.0097613517789222,0.0001682991686021,0.0003029385034837,0.0270961661449392,0.0022215490255478
3104929,0.0668090298962782,0.636028065893838,0.0009456985967053,6.1012812690665e-05,6.1012812690665e-05,0.0,0.0,0.0004881025015253,0.0017693715680292,6.1012812690665e-05,0.0,0.0,3.05064063453325e-05,3.05064063453325e-05,0.0141854789505796,0.0,0.0,0.0,0.0,3.05064063453325e-05,0.0035387431360585,0.0,0.0772727272727273,0.0,3.05064063453325e-05,0.0246186699206833,3.05064063453325e-05,0.036790726052471,0.0694020744356315,0.0075045759609518,0.0
3104927,0.1285879079867,0.494808984189455,0.0001357128316482,0.0,0.0018999796430752,0.0,0.002374974553844,0.0,0.0033249643753816,0.0,6.78564158241162e-05,0.0,0.0,0.0001357128316482,0.0,0.0,0.0,0.0,0.0,0.0237497455384407,0.0009499898215376,0.0,0.0,0.0,0.0,0.0,0.0005428513265929,0.110334532130013,0.225419013367714,0.0010857026531858,0.0
3102449,0.407784986098239,0.215278697206408,0.0002647954455183,0.0,0.0,0.0,0.0010591817820733,0.0002647954455183,0.0092678405931418,0.0,0.0,0.0,0.0,0.0,0.0005295908910366,0.0,0.0,0.0,0.0,0.12736660929432,0.0,0.0046339202965709,0.0127101813848802,0.0,0.0003971931682775,0.0,0.032967032967033,0.121938302661194,0.05732821395472,0.0017211703958691,0.0
3102452,0.308861375808583,0.346769145162412,0.0004868887806913,3.47777700493844e-05,0.000278222160395,0.0,0.0189191069068651,0.0035821103150866,0.0120678862071364,0.0629477637893858,0.0022953328232593,0.0,0.0001391110801975,0.0053209988175558,0.0060861097586422,0.0013215552618766,0.0,3.47777700493844e-05,0.000278222160395,0.0524448772344717,0.000278222160395,0.0249008833553593,0.0,0.0008346664811852,0.0013563330319259,0.0,0.0485497669889407,0.0174236627947416,0.0321694372956806,0.0015997774222716,3.47777700493844e-05
3109202,0.0071794871794871,0.0341880341880342,0.0,0.0013675213675213,0.636581196581197,0.0,0.0,0.0017094017094017,0.0013675213675213,0.0553846153846154,0.0061538461538461,0.0003418803418803,0.0133333333333333,0.0068376068376068,0.0560683760683761,0.0273504273504274,0.0027350427350427,0.001025641025641,0.002051282051282,0.0064957264957265,0.015042735042735,0.0143589743589744,0.0,0.0068376068376068,0.0034188034188034,0.0,0.0341880341880342,0.0003418803418803,0.0,0.0311111111111111,0.0
3109205,0.0515506207952743,0.094459333807362,0.0007383908548925,0.0050046491276048,0.150727451731116,0.0186375321336761,8.20434283213915e-05,0.0005606300935295,0.0026800853251654,0.106574413389488,0.0273204616310234,0.0059344746485806,0.0651424820871848,0.0177350544221408,0.0374664989334354,0.0753158671990374,0.011554449488596,0.0070283870261992,0.0407619099710113,0.0004649127604878,0.0013947382814636,0.0076026910244489,0.0190887709894437,0.0146174041459279,0.0293168517201772,0.0269239183941366,0.0008477820926543,0.0068779740742766,0.0250505934474649,0.0031039763714926,1.36739047202319e-05
3116896,0.0238410862055114,0.0199847352775769,0.0010243432152325,0.0011850245038965,0.451072547601832,0.0010444283763155,0.0,6.02554832489757e-05,0.0026512412629549,0.0497107736804049,0.0080943199164457,0.007431509600707,0.0819474572186069,0.0126335663212019,0.0629669799951796,0.0167711095042982,0.0029324335181168,0.0081344902386117,0.0236402345946814,0.0003213625773278,0.0003615328994938,0.0061661444524785,6.02554832489757e-05,0.0213304410701374,0.0260303687635575,0.0565798987707881,0.0014260464368924,0.0007029806379047,0.0025508154575399,0.0002209367719129,4.01703221659838e-05
3116893,0.017949185567703,0.0227004405709185,0.0001247804344278,0.0059510668727143,0.46631408195195,0.0039641784168242,1.91969899119818e-05,2.87954848679727e-05,0.0029659349414011,0.0393922232993867,0.0037626100227484,0.0155015693539253,0.0144553334037223,0.0043769136999318,0.0776230287090984,0.0187554591440062,0.0026875785876774,0.0033402762446848,0.0111534511388614,0.0064309916205139,0.0046840655385235,0.007294856166553,0.0,0.0046360730637436,0.0049624218922473,0.0079955462983404,0.0331052091032126,3.83939798239636e-05,7.67879596479272e-05,0.0238330629757254,4.79924747799545e-05
3120065,0.0101229895931883,0.0196546830652791,7.09555345316935e-05,0.0046830652790917,0.637724692526017,0.0013245033112582,0.0,0.0,9.46073793755913e-05,0.0206717123935667,0.0025543992431409,0.007852412488174,0.0017029328287606,0.004162724692526,0.0492194891201514,0.0333964049195837,0.0017738883632923,0.0045884578997161,0.0111400189214759,4.73036896877956e-05,2.36518448438978e-05,0.0030747398297067,0.0002838221381267,0.004162724692526,0.0032876064333018,0.00461210974456,0.0140964995269631,0.0,4.73036896877956e-05,0.0004257332071901,0.0
3101649,0.23054345767847,0.139746260177997,0.0030297292179511,0.0046392728649876,0.0011361484567316,0.0035978034463169,0.0027456921037682,0.0,0.003219087294073,0.0010414694186707,0.0001893580761219,0.0,0.0,0.0006627532664268,0.0014201855709146,0.0,0.0155273622419996,0.0,0.0,0.0001893580761219,0.0019882597992804,0.0043552357508047,0.145805718613899,0.0,0.0,0.0,0.0017989017231584,0.261408824086347,0.125165688316607,0.0,0.0
3104985,0.0746610318718084,0.143159006867406,0.0025239185302576,0.0129130715501555,0.0,0.0109761108176322,0.0002347831190937,0.0,0.0013500029347889,0.0092739332042026,0.0011739155954686,0.0,0.0,0.0026413100898045,0.0046956623818747,0.0,0.0100369783412573,0.0011739155954686,0.0077478429300933,0.0258261431003111,5.86957797734343e-05,0.0024065269707108,0.014321770264718,0.0,0.0,0.0,0.0006456535775077,0.0321065915360686,0.0594588249104889,0.0,0.556905558490345
3102458,0.099446754407065,0.523418439228893,0.013848321363527,0.006563348338545,3.43630803065187e-05,0.0014432493728737,0.0003092677227586,0.0,0.0004123569636782,0.0115459949829903,0.001924332497165,0.0007216246864368,0.0,0.007491151506821,0.0179031648396962,0.0,0.0104120133328752,0.0,0.0004467200439847,0.0602728428576338,3.43630803065187e-05,0.0011683447304216,0.0191402357307309,3.43630803065187e-05,0.0,0.0,0.0086251331569361,0.0767671214047627,0.0345005326277448,0.0003436308030651,0.0810968695233841
3102461,0.332998722394598,0.334945549674515,0.0003346109387357,0.0001216767049948,0.0,0.0001216767049948,9.12575287461215e-05,0.0116809636795036,0.0012776054024457,0.123958143213482,0.0079698241771612,0.0152400073006023,0.0001520958812435,0.004258684674819,0.0418872056944698,0.0189815659791933,6.08383524974144e-05,6.08383524974144e-05,0.0033765285636065,0.0004562876437306,3.04191762487072e-05,0.0007300602299689,0.0117113828557523,0.006540122893472,0.0,0.0019772464561659,0.0007908985824663,0.0046541339660522,0.0017947313986737,0.0114376102695139,0.0060838352497414
3116959,0.0087184717178249,0.345984030645242,0.0049624396796179,0.014955723595841,3.10929804487339e-05,0.0237363812745635,4.97487687179742e-05,0.0,0.0009203522212825,0.0340219392070046,0.0047199144321178,0.0058890104969902,0.0229652753594349,0.0047199144321178,0.146155663897319,0.0776205163922193,0.0055532063081438,0.0164170936769315,0.0405017163325208,0.0005223620715387,0.0080841749166708,0.0076302174021193,0.0005472364558977,0.0148126958857768,0.0130777075767375,0.0105964877369285,0.0747723993831153,9.32789413462017e-05,0.0001119347296154,0.0020334809213472,0.0003979901497437
3104819,0.120935765265662,0.575812846946868,0.0013481363996827,0.143219666931007,0.0001586042823156,0.0,0.0,0.0019032513877874,0.0005551149881046,0.0003172085646312,0.0,0.0,0.0,0.0,0.0,0.0,0.0,0.0,0.0,0.004599524187153,0.0,0.0,0.0285487708168121,0.0,0.0,0.0165741475019826,0.002061855670103,0.0666931007137193,0.0275971451229183,0.0003172085646312,0.0
3103101,0.126057412286784,0.0094300374427957,0.0,0.0001386770212175,0.0004160310636527,0.0,0.0004160310636527,0.0,0.0689224795451394,0.0502010816807655,0.0061017889335737,0.0018028012758286,0.0002773540424351,0.0379975038136181,0.0006933851060879,0.0,0.0008320621273055,0.0005547080848703,0.0,0.0374427957287477,0.0004160310636527,0.0018028012758286,0.063375398696436,0.0008320621273055,0.0018028012758286,0.003328248509222,0.0,0.0884759395368187,0.281375676050478,0.0,0.0
3103098,0.186847944106123,0.189940046263513,2.36038332625218e-05,0.0037412075721097,0.0001652268328376,0.0,3.54057498937827e-05,0.0,0.0012273993296511,0.164318085257046,0.0150120379549639,0.0001888306661001,0.0489897559363641,0.0137846386253128,0.0566728036633149,0.0214676863522636,0.0568380304961526,0.0171363829485909,0.0524123117594297,0.0003422555823065,0.0002360383326252,0.0051692394844922,0.0465939668602181,0.0068215078128688,0.050571212764953,0.0042840957371477,0.0002124344993626,0.0099018080536279,0.0294693858282585,1.18019166312609e-05,0.0
3117073,0.0,0.545331239291833,0.0205596801827527,0.0575385494003427,7.13877784123358e-05,0.0234865790976585,0.0001427755568246,7.13877784123358e-05,0.000214163335237,0.101584808680754,0.0053540833809251,0.010422615648201,0.0016419189034837,0.0022844089091947,0.0323386636207881,0.0617504283266705,0.0041404911479154,0.0148486579097658,0.03912050256996,0.0009280411193603,0.0,0.0033552255853797,0.0,0.0075671045117076,0.0044974300399771,0.0002855511136493,0.0079240434037692,0.0,0.0007138777841233,0.0,0.0
3117076,0.0,0.636908871246117,0.0303762512944425,0.0631687953054884,0.0,0.0323610631687953,0.0,0.0,4.31480842250604e-05,0.0413790127718329,0.0052640662754573,0.0066448049706593,0.0009492578529513,0.0018985157059026,0.0239903348291336,0.0263203313772868,0.0067311011391094,0.0139799792889196,0.0292112530203659,0.001467034863652,0.0,0.0038401794960303,0.0,0.0061701760441836,0.0030203658957542,0.0009492578529513,0.0122972040041422,0.0,0.0008629616845012,0.0,0.0
3120012,0.0352652847414503,0.121735388760009,0.0014031280401107,0.0234415924567837,0.203921275162763,0.0978822120781262,1.87083738681434e-05,0.0002993339818902,0.0042280924942004,0.0387076255331887,0.0108134400957869,0.001178627553693,0.0063421387413006,0.0059679712639377,0.0189515827284292,0.0214772132006286,0.0255930554516201,0.0690338995734491,0.0640013470029185,5.61251216044301e-05,0.0001870837386814,0.0722704482526379,0.0068098480880041,0.0258549726857742,0.0131706952031729,0.0025069220983312,0.0008231684501983,0.0,5.61251216044301e-05,0.0003367507296265,1.87083738681434e-05
3101653,0.642260153031195,0.0009417304296645,3.92387679026879e-05,0.0,0.0,7.84775358053757e-05,0.0,0.0,0.0464194624288797,0.0001961938395134,0.0,3.92387679026879e-05,0.000117716303708,3.92387679026879e-05,7.84775358053757e-05,0.0001961938395134,0.0,0.000117716303708,3.92387679026879e-05,0.0218167549538944,0.0,0.0001961938395134,0.0,0.0,0.000117716303708,3.92387679026879e-05,7.84775358053757e-05,0.0003531489111241,0.125446340984893,0.0924857759466353,0.000117716303708
3103087,0.360698213555162,6.81849174962498e-05,0.0,0.0,6.81849174962498e-05,0.0,0.001363698349925,0.0,0.0041592799672712,0.136506204827492,0.0070230465021137,0.0066821219146324,0.0003409245874812,0.00109095867994,0.0098868130369562,0.0268648574935224,0.0,0.0002727396699849,0.0006818491749624,0.226783035592527,0.0006818491749624,0.0021819173598799,0.117891722351016,0.0004091095049774,0.0035456157098049,0.0,0.0,0.0293876994408837,0.0141142779217237,0.0340924587481249,0.0
3109526,0.202985653354013,0.0077549437766576,0.0,0.0,0.0001938735944164,0.0001938735944164,0.0005816207832493,0.0005816207832493,0.0038774718883288,0.331523846452113,0.0087243117487398,0.0546723536254362,0.0166731291198139,0.0052345870492438,0.0752229546335789,0.0903450949980613,0.0,0.0007754943776657,0.0040713454827452,0.0102753005040713,0.0007754943776657,0.0067855758045754,0.0203567274137262,0.0102753005040713,0.0917022101589764,0.0015509887553315,0.0007754943776657,0.0029081039162466,0.0124079100426522,0.0060100814269096,0.0
3109529,0.0099540452086618,0.420969629139747,0.0001187024130504,0.0,0.0058672907022095,0.0223669261162266,0.0001526173882077,0.0,0.0024418782113242,0.149581997931187,0.0047650540095979,0.0414949721049329,0.0069016974445066,0.0039510946058232,0.111851588068712,0.0321174814739448,0.0083600413762696,0.0014244289566057,0.0085126587644774,0.0022044733852232,0.0040189245561377,0.0251479540791236,0.0020009835342795,0.0050702887860134,0.0085126587644774,0.0043411168201319,0.0540265554255481,0.003628902341829,0.0133794576995472,0.004476776720761,0.014617354292788
3101656,0.426926164834861,0.0997757537166745,0.0001384236316824,0.0,0.0002491625370283,0.0,5.53694526729603e-05,0.0012181279588051,0.200520472855126,0.0,0.0,0.0,0.0002214778106918,5.53694526729603e-05,0.0,0.0,0.0,0.0001107389053459,0.0,0.233492981921874,2.76847263364802e-05,0.0,0.0148113285900169,0.0,0.0,0.0,0.0,0.0,2.76847263364802e-05,0.0,0.0
3102435,0.323210412147505,0.0001807664497469,0.0,0.0,0.0007230657989877,0.0,0.0018679199807182,0.004820438659918,0.0143408050132562,0.0,0.0,0.0,0.0,0.0,0.0,0.0,0.0,0.0,0.0,0.20468787659677,0.0,6.02554832489757e-05,0.0,0.0,0.0,0.0,0.0,0.0633285128946734,0.0533261026753435,0.0030730296456977,0.0
3102438,0.152662965247789,0.0002878881348961,0.0,0.0,0.0004112687641373,0.0,0.0010692987867571,0.0668723010487353,0.0069504421139214,0.0259510590170677,0.000616903146206,0.080814312152992,0.0,0.0132839810816369,0.0008225375282747,0.205387620810199,4.11268764137364e-05,0.0,0.0006580300226197,0.188936870244705,0.015916101172116,0.0035369113715813,0.013571869216533,0.0005757762697923,0.0006991568990335,0.0024264857084104,8.22537528274728e-05,0.0285831791075468,0.0462266090890397,0.0435944889985606,0.0
3116999,0.0173009889321946,0.112701353836106,0.0025983430238749,0.0009442066179654,0.000113588766071,4.96950851560781e-05,0.0001561845533476,7.09929787943972e-06,0.0019736048104842,0.0969622104373877,0.0411262326155943,0.0076672417097949,0.0333028063524517,0.01089742224494,0.0562335385030421,0.216883550216884,0.0022362788320235,0.035035035035035,0.0769350911194883,0.0011074904691926,0.160422834181699,0.002115590768073,4.25957872766383e-05,0.0162005977608814,0.0251954081741316,0.005118593771076,0.0005608445324757,0.0056226439205162,0.0352409146735388,0.0005892417239934,1.41985957588794e-05
3120263,0.0729956034730354,0.363796036497802,0.0018558204272805,0.0115878311203411,9.94189514614586e-05,0.012217484479597,1.10465501623843e-05,0.0,0.0047610631199876,0.0726531604180015,0.0060314163886618,0.0132558601948611,0.0261140445838765,0.0036011753529372,0.0437443386430418,0.0412367717561805,0.0018337273269557,0.0095552658904624,0.0072907231071736,0.0066058369971058,0.0004639551068201,0.0050482734242096,0.0086163091266597,0.0030819874953052,0.0060866491394737,0.0001656982524357,0.153370302454543,2.20931003247686e-05,0.0003093034045467,0.0276937012570974,0.0003424430550339
3101693,0.229045843689589,0.128037834852251,0.0004142502071251,0.0,0.0003452085059375,0.0,0.0006558961612814,3.45208505937586e-05,0.0150856117094725,3.45208505937586e-05,0.0,0.0,6.90417011875173e-05,0.0,0.0,0.0,0.0,0.0,0.0,0.104218447942557,0.0007249378624689,0.0027961888980944,0.0443938138635736,0.0,0.0115644849489091,0.0,0.0814346865506766,0.131006628003314,0.0865092515879591,0.0851974592653963,0.0
3105091,0.0631831831831832,0.49033033033033,0.003003003003003,0.0001201201201201,0.0,0.0,0.0002402402402402,0.0006006006006006,0.0,0.0003603603603603,0.0,0.0001201201201201,0.0,0.0,0.0,0.0,0.0,0.0,0.0,0.267507507507508,0.0,0.0016816816816816,0.0144144144144144,0.0,0.0,0.0,0.108228228228228,0.0151351351351351,0.0086486486486486,0.0154954954954955,0.0
3103142,0.318671178099046,0.0479852353122116,0.0,0.0,0.0003075976622577,0.0,0.0015379883112888,0.0003075976622577,0.0295293755767456,0.0,0.0,0.0,0.0,0.0,0.0,0.0,0.0,0.0003075976622577,0.0,0.0104583205167641,0.0003075976622577,0.0,0.0661334973854199,0.0,0.0,0.0,0.452783758843433,0.005229160258382,0.0055367579206398,0.0375269147954476,0.0
3103145,0.0081479850253248,0.641268443074213,0.000880863245981,0.0,0.0,0.0,0.0,0.0,0.0002202158114952,0.0063862585333627,0.0037436687954195,0.0,0.0,0.0127725170667254,0.0019819423034573,0.0,0.0,0.0,0.0,0.173530059458269,0.0002202158114952,0.0,0.0002202158114952,0.0,0.0019819423034573,0.0059458269103721,0.0887469720325919,0.0077075534023342,0.0052851794758863,0.0037436687954195,0.0
3117055,0.0145679533150531,0.239021303522464,0.0038247908317513,0.0398087604584124,0.235252759614709,0.0525627504745834,0.0002249876959853,1.4061730999086e-05,0.0095479153483793,0.0493426140757927,0.0011811854039232,0.011938409618224,0.000660901356957,0.0044856921887084,0.0446881811150953,0.0479645644378823,0.018645855304788,0.0078042607044927,0.0027701610068199,0.0029107783168108,0.0249876959853758,0.0007874569359488,1.4061730999086e-05,0.003121704281797,0.0050059762356746,0.0121493355832103,0.0520846516206145,0.0007171482809533,0.0013639879069113,0.0344090557547634,1.4061730999086e-05
3120239,0.0067114093959731,0.124075030115299,0.006367234555154,0.0075718464980209,0.594217862674238,0.0115298571674411,0.0,0.0,0.0029254861469626,0.0683187059025985,0.0020650490449148,0.0012046119428669,0.0036138358286009,0.0013766993632765,0.0077439339184305,0.0213388401307864,0.0056788848735157,0.0104973326449837,0.0018929616245052,0.0,0.0,0.0,0.0005162622612287,0.0034417484081913,0.0030975735673722,0.0,0.0012046119428669,0.0,0.0,0.0005162622612287,0.0731371536740664
3101689,0.0008996698381443,0.303502771152851,0.0023255616570899,1.69749026064963e-05,1.69749026064963e-05,8.48745130324815e-06,4.24372565162407e-05,0.0002376486364909,0.0085553509136741,0.0239855373829793,0.001884214189321,8.48745130324815e-06,8.48745130324815e-06,0.0211167788424814,0.0421147333667173,0.0,0.0263620237478887,6.78996104259852e-05,0.0,0.272277437808201,1.69749026064963e-05,1.69749026064963e-05,3.39498052129926e-05,1.69749026064963e-05,0.0002376486364909,0.0044049872263857,0.0035307797421512,0.0239261252238565,0.2106076166388,8.48745130324815e-06,1.69749026064963e-05
3105134,0.0836796585420645,0.321913961585982,0.0014601819611367,0.0001123216893182,0.0007862518252274,0.0,0.0004492867572728,0.0004492867572728,0.0167359317084129,0.0425699202516006,0.001123216893182,0.0,0.0001123216893182,0.0121307424463664,0.0134786027181849,0.0,0.0,0.0001123216893182,0.0,0.162417162754128,0.0,0.0,0.0495338649893294,0.0,0.0028080422329551,0.0042682241940918,0.001123216893182,0.0833426934741098,0.181624171627541,0.0,0.0
3109411,0.084547557097427,0.422072853425846,0.0028765539173171,0.0019658860942468,0.0166666666666667,0.0028187337380745,0.0002168256721595,1.44550448106389e-05,0.0020381613183,0.0270887539751373,0.0019080659150043,0.000159005492917,0.000477016478751,0.0062590344030066,0.0216102919919052,0.0564180398959237,0.0033680254408788,0.0022260769008383,0.0119543220583984,0.0056663775657704,0.000838392599017,0.0044666088464874,0.0081815553628216,0.0038450419196299,0.0045967042497831,0.0023272622145128,0.0748915871639202,0.0014599595258745,0.0353714946516334,5.78201792425557e-05,0.0224053194564903
3109405,0.177137554881637,0.428042818992441,0.0045376363554066,0.0275426605712217,0.0011655275426605,0.0009957905218847,0.0001357896166206,3.39474041551623e-05,0.0005092110623274,0.0235708142850677,0.0032589507988955,0.0001923686235459,0.0004978952609423,0.002523423708867,0.0471529443715204,0.0240008147376997,0.0069252704476531,0.0011881591454306,0.0084868510387905,0.0054315846648259,0.0008713167066491,0.0029873715656542,0.0199950210473906,0.0065065857964061,0.0093355361426696,0.0022292128728556,0.0211718643914362,0.0011768433440456,0.0043000045263205,0.0005431584664825,0.0474132078033766
3109408,0.0894417518661337,0.165130717798139,0.0012293487105104,0.0105511727456044,0.320232072734991,0.0110641383945944,7.07538826193087e-05,3.53769413096544e-05,0.0005837195316092,0.0280273817525737,0.0057575971981462,5.30654119644816e-05,0.0006102522375915,0.0026002051862596,0.0348639756606644,0.0354830721335833,0.009153783563873,0.0022287473025082,0.010179714861853,0.0001857289418756,0.0473962571196094,0.0039445289560264,0.0078979021473803,0.0049704602540064,0.0106838362755156,0.0006456291789011,0.039197650971097,7.95981179467223e-05,0.0590175823398309,0.0003626136484239,0.003422719071709
3109414,0.128291702828338,0.164825888982678,0.0012958757861448,0.0112348864028153,0.310594081770951,0.0129706466301285,0.0001664427615231,3.56663060406834e-05,0.0007489924268543,0.022755103253956,0.0066220441548868,0.0007489924268543,0.0078703648663108,0.0028889707892953,0.0337878805892074,0.0179282631697835,0.0092375732645369,0.0054450560555443,0.0263692889327452,0.0001664427615231,0.0418960208291227,0.0080368076278339,0.0106047816627632,0.004910061464934,0.0116509933066232,0.0015336511597493,0.0588137386610869,9.51101494418223e-05,0.0079654750157526,0.0026393066470105,0.0205913473541545
3117021,0.00441162994672,0.377619814371179,0.0002749086910419,0.144497244367645,7.85453402976868e-05,0.0,0.0001309089004961,0.0005629082721334,0.0112712563327181,0.128591812957363,0.006178900103418,2.61817800992289e-05,0.0004974538218853,0.0141905248137821,0.0792784301404652,0.0010079985338203,0.0079461702601159,0.0543926481561481,0.0045949024074146,0.0007330898427784,0.0075796253387267,0.0084043514118524,0.0,0.0051578106795481,0.0112188927725196,0.0132872534003587,0.0311825000981817,0.0016887248164002,0.0014661796855568,0.0016494521462514,0.0344421317205357
3117020,0.0165893355870352,0.226782486049622,0.0023227308598581,0.0130800530590086,0.173202961901617,0.0304417666187195,2.23877673239342e-05,0.0,0.0032238384946465,0.0388707610161808,0.0042089002568996,0.0023059400343652,0.0072872182639405,0.017691933127739,0.0711931000901108,0.0202497355444985,0.0198915312673155,0.0262608510709748,0.0300499806905507,0.0001902960222534,6.15663601408191e-05,0.0223765734402722,0.0068170751501379,0.0226172419390045,0.0138076554970364,0.0111547050691502,0.0385741230991386,1.67908254929507e-05,0.0166900805399929,0.0046734464288712,0.029596628402241
3117349,0.125495447241564,0.0049276914836636,1.78539546509552e-05,0.0,0.0024459917871808,0.0001071237279057,0.000767720049991,0.0002142474558114,0.0233886805927513,0.269326905909659,0.121888948402071,1.78539546509552e-05,0.0010533833244063,0.0076772004999107,0.0569005534725942,0.0148723442242457,7.14158186038207e-05,0.0230137475450812,0.0258525263345831,0.0,0.0003392251383681,0.0852347795036601,0.0106945188359222,0.0397429030530262,0.0595250848062846,0.0446884484913408,1.78539546509552e-05,0.0108016425638279,0.0123192287091591,0.0004106409569719,0.0
3109758,0.0366303323913336,0.0092046830843762,0.0008074283407347,0.0,0.001641770959494,0.0017494280715919,0.0004575427264163,0.0,0.0095545686986946,0.0417978737720361,0.0057596554972412,0.0002422285022204,0.0013457139012246,0.0133763961781725,0.0239537074417979,0.0040371417036738,0.0008074283407347,0.0085318261337639,0.0021800565199838,0.0002960570582694,0.248714843224331,0.0056519983851433,0.0,0.0054366841609473,0.0128650248957072,0.0107387969317723,0.0001345713901224,0.0079127977392006,0.004763827210335,5.3828556048984e-05,0.534598304400485
3117351,0.0520463287999496,0.0637231202572888,0.0031530489983814,2.10203266558762e-05,0.0026380509953124,0.0078616021692977,4.20406533117525e-05,4.20406533117525e-05,0.0007146911062997,0.183055514682698,0.0426187122947891,0.0005570386563807,0.0942761650516049,0.0254135749269544,0.0520673491266054,0.0793307127992769,0.0039097807579929,0.0639438336871755,0.0946650410947386,7.35711432955668e-05,0.0481050175519728,0.0205788997961028,1.05101633279381e-05,0.0394866836230635,0.066739537132407,0.0204737981628235,0.0003993862064616,0.0004204065331175,0.0010510163327938,0.0004834675130851,0.0015870346625186
3117353,0.0066457570241045,0.209790976685017,0.005428464895927,1.09665957493475e-05,0.0046388700019739,0.0177768517096923,1.09665957493475e-05,0.0,8.77327659947799e-05,0.13916610005922,0.021461627881473,0.0279977189480841,0.0525519268308732,0.0100234685149036,0.0505669730002413,0.087327001952054,0.0080056148970236,0.210986335621696,0.05058890619174,4.386638299739e-05,0.0022591187243655,0.0190709100081153,0.0016998223411488,0.0242471432018073,0.0264623955431755,0.0040466738315092,0.0009431272344438,0.0001864321277389,0.0004167306384752,4.386638299739e-05,0.0004386638299739
3120315,0.002666951141455,0.325368039257521,0.0074674631960742,0.0,0.0648602517601878,0.0285897162363985,0.0,0.0,0.0002133560913164,0.0720076808192874,0.0113078728397696,0.0046938340089609,0.0341369746106251,0.0103477704288457,0.077554939193514,0.0593129933859612,0.0099210582462129,0.0610198421164924,0.0313633454235118,0.0,0.0041604437806699,0.0137614678899083,0.0008534243652656,0.017281843396629,0.0297631747386388,0.0012801365478984,0.0053339022829101,0.0,0.0,0.0006400682739492,0.0783016855131214
3105080,0.0,0.134832166953023,4.19058793948791e-05,0.0001257176381846,2.09529396974396e-05,0.0,0.003101035075221,0.0,0.0006914470100155,0.0001257176381846,4.19058793948791e-05,0.0,4.19058793948791e-05,6.28588190923187e-05,0.0186481163307212,0.0,6.28588190923187e-05,6.28588190923187e-05,4.19058793948791e-05,2.09529396974396e-05,8.38117587897582e-05,0.122742320747601,0.0,0.0002514352763692,0.0,0.0549805137660814,0.0,0.07970498260906,0.382935925910405,0.0038972467837237,4.19058793948791e-05
3103279,0.091371079513372,0.479595503310918,2.56660335711719e-05,0.0001796622349982,5.13320671423438e-05,5.13320671423438e-05,0.0007956470407063,0.0,0.0011036394435603,0.135721985524357,0.001206303577845,0.0,0.0002566603357117,0.0106257378984652,0.000461988604281,0.0007956470407063,2.56660335711719e-05,7.69981007135157e-05,0.001950618551409,0.184282121041014,0.0001026641342846,0.0002823263692828,0.0,0.0001796622349982,0.0001283301678558,0.000153996201427,5.13320671423438e-05,0.0072891535342128,0.0266413428468764,0.0001026641342846,0.0
3109481,0.0994875640544932,0.273947899369722,0.0,0.0001964040209259,1.78549109932687e-05,0.0,0.0005713571517845,0.0006606317067509,0.0004999375078115,0.121466959487207,0.0002499687539057,0.0099630403342439,0.0032853036227614,0.0069277054653882,0.0538325566447051,0.0009641651936365,0.010962915349867,0.0265859624689771,0.0063563483136036,0.0124091631403217,3.57098219865374e-05,0.0057671362508257,0.0,0.0028210759369364,0.01381970110879,0.0032138839787883,0.0948452871962433,0.0006070669737711,0.0022497187851518,0.0072848036852536,0.214098237720285
3109484,0.0001276442670318,0.23524838413962,0.0001276442670318,0.0,6.96241456537127e-05,2.32080485512376e-05,0.0020191002239576,0.0042934889819789,0.001856643884099,0.0004293488981978,3.48120728268564e-05,2.32080485512376e-05,8.12281699293315e-05,4.64160971024751e-05,0.0002320804855123,4.64160971024751e-05,5.80201213780939e-05,0.0001276442670318,3.48120728268564e-05,0.0779790431321582,0.0001624563398586,0.0001044362184805,0.0,3.48120728268564e-05,4.64160971024751e-05,4.64160971024751e-05,1.16040242756188e-05,0.0587511749074579,0.524107360432598,0.0074613876092228,1.16040242756188e-05
3117109,0.112270803949224,0.406654699320426,0.0136684190280805,0.0003077317604821,3.84664700602641e-05,2.56443133735094e-05,0.0003077317604821,0.000153865880241,0.012860623156815,0.216014873701757,0.0025003205539171,0.0031029619181946,2.56443133735094e-05,0.0091293755609693,0.0249903833824849,0.0025516091806641,0.005590460315425,0.0024874983972304,0.0076676496986793,0.0085395563533786,2.56443133735094e-05,0.0150275676368765,0.0,0.0010001282215668,0.0228875496858572,0.0097961277086806,0.0807411206564944,0.0023208103603026,0.006949608924221,0.0119374278753686,2.56443133735094e-05
3117110,0.0114979430627832,0.257479262638405,0.008937037562436,6.71957711461359e-05,0.247123647685106,1.49323935880302e-05,8.21281647341661e-05,0.0,0.0023966491708788,0.108110529577339,0.0011199295191022,0.0107662557769698,0.0355241643459238,0.0036584364290674,0.117532869931386,0.0014708407684209,0.0017694886401815,0.038100002239859,0.019285186318941,0.014835333029708,2.23985903820453e-05,0.0095791304867213,0.0056817757602454,0.0105646684635314,0.0141559091214526,0.0011049971255142,0.0180681962415165,0.0008362140409296,0.0031358026534863,0.0130061148151743,0.0357705488401263
3101822,0.18072590738423,0.0005006257822277,0.0,0.0,0.0028785982478097,0.0,0.0,0.0178973717146433,0.0271589486858573,0.0001251564455569,0.0,0.0,0.0001251564455569,0.0,0.0,0.0,0.0,0.0,0.0,0.0413016270337922,0.0,0.0,0.0,0.0,0.0,0.0,0.0,0.0252816020025031,0.130037546933667,0.0020025031289111,0.0
3105168,0.211942474650408,0.0010603751076943,6.62734442308967e-05,0.0,0.0032473987673139,0.0,0.0,0.0169660017231095,0.0214063224865796,0.0,6.62734442308967e-05,0.0,0.0001325468884617,0.0,0.0,0.0,0.0,0.0001988203326926,0.0,0.0117966730730996,0.0,6.62734442308967e-05,0.0,6.62734442308967e-05,0.0,0.0,0.0,0.218967459738883,0.47299357147591,0.0001325468884617,0.0
3109515,0.0486479350480759,0.214526172193008,2.2002684327488e-05,0.0002860348962573,0.0011331382428656,1.1001342163744e-05,0.0001980241589473,0.001672204008889,0.0024422979603511,0.120277673876213,0.0166780347202359,0.0335430922572554,0.0095711676824572,0.0317168694580739,0.0913881493542212,0.030506721820062,0.0314198332196528,0.0084820348082466,0.0893308983696011,0.0326079781733371,0.0005170630816959,0.0401989042663205,0.0,0.0042795221016964,0.0206165152148562,0.0122004884595921,0.0479438491495962,0.0044995489449712,0.0565358973794803,0.0120904750379546,1.1001342163744e-05
3117144,0.0006404782237403,0.373078565328779,0.0305294619982921,0.0002134927412467,0.0,0.0,0.0,0.0,0.0045900939368061,0.13663535439795,0.0134500426985482,0.0540136635354398,0.0238044406490179,0.0244449188727583,0.221285226302306,0.0005337318531169,0.0045900939368061,0.0008539709649871,0.0059777967549103,0.0009607173356105,0.0,0.0090734415029889,0.0,0.0140905209222886,0.0246584116140051,0.0061912894961571,0.0312766865926559,0.0001067463706233,0.0011742100768573,0.0006404782237403,0.0
3117147,0.0664149541965833,0.580434513493439,0.0058801683585045,3.09482545184452e-05,3.09482545184452e-05,0.0,0.0009903441445902,9.28447635553355e-05,0.0016402574894775,0.0818890814558059,0.0065919782124288,0.0046731864322852,0.0147623174052983,0.0070562020302055,0.0318767021539985,0.0001547412725922,0.0236444664520921,0.0120079227531567,0.0185380044565486,0.0021044813072542,9.28447635553355e-05,0.005632582322357,0.0,0.0048588759593958,0.0059420648675414,0.0023830155979202,0.0133696459519683,0.0018568952711067,0.0184451596929933,0.0001856895271106,0.0377259222579846
3120412,0.0015915119363395,0.49867374005305,0.0070291777188328,0.0,0.0003978779840848,0.0,0.0,0.0,0.0009283819628647,0.0952254641909814,0.0035809018567639,0.0084880636604774,0.0725464190981432,0.0037135278514588,0.0920424403183024,0.101724137931034,0.0014588859416445,0.020026525198939,0.0371352785145889,0.0045092838196286,0.0038461538461538,0.0086206896551724,0.0002652519893899,0.0086206896551724,0.0131299734748011,0.0029177718832891,0.0087533156498673,0.0001326259946949,0.0,0.0018567639257294,0.0
3120408,0.0140167537530066,0.397155179563739,0.0053081197644521,4.14696856597827e-05,8.29393713195654e-05,0.0145143899809239,0.0004976362279173,4.14696856597827e-05,0.0018661358546902,0.0677614663680849,0.0034834535954217,0.0172099195488098,0.0429211246578751,0.0082939371319565,0.0471925022808327,0.096748776644273,0.0122750269552957,0.0495148046777805,0.0317243095297338,0.0005391059135771,0.0052251803931326,0.0512565314754914,0.0015758480550717,0.0134776478394294,0.0226424483702414,0.0060545741063282,0.0126482541262337,0.0004976362279173,0.0048104835365347,0.0007879240275358,0.000746454341876
3105323,0.219105232095661,0.223801031536271,3.84901593492597e-05,0.113449744681943,0.0039580713864155,0.0,0.0012958353647584,0.0004490518590746,0.0031754381463139,0.0030022324292422,0.0001026404249313,0.0,2.56601062328398e-05,0.0010648944086628,0.000153960637397,1.28300531164199e-05,0.0,0.000551692284006,0.0,0.118921762336096,0.0092055631110312,0.0,0.0665879756742193,0.0,1.28300531164199e-05,0.0,0.128730337943599,0.0043878781658156,0.0074735059403145,0.0041376921300454,0.0
3109814,0.0293160485194051,0.0045722277507329,0.0004034318603587,0.0011565046663618,0.265135418627794,0.0015599365267206,0.0003765364030015,0.0008875500927893,0.0238831661332401,0.0900997821467954,0.00949409644711,0.009171350958823,0.0278636938221134,0.0440278636938221,0.0560232376751567,0.205427503294694,0.0019902638444366,0.0151690379494903,0.0110002420591162,0.0051639278125924,0.0275678437911837,0.0276485301632554,0.0144697560582018,0.0097361555633253,0.0278367983647562,0.0016944138135069,0.0053790914714504,0.0031736639681557,0.0022323229606519,0.0231838842419515,0.0
3109817,0.266285622713069,0.0011217649101252,0.0,0.0001869608183542,0.0051013594722363,0.00101493015678,0.0006677172084078,0.0041398466921289,0.15151838893192,0.146096525199647,0.0180016559386768,0.0002136695066905,0.0014956865468336,0.0905157447717743,0.0777489917470153,0.0044603509521647,0.0008813867150984,0.0064635025773884,0.0066237547074063,0.0002136695066905,0.0008012606500894,0.0066237547074063,0.0958841911273737,0.0092946235410379,0.0119922010630058,0.0346945861488742,0.000427339013381,2.67086883363158e-05,2.67086883363158e-05,0.0,0.0
3117328,0.0188711438711439,0.0914437164437164,0.0008872508872508,0.0151060151060151,0.302654927654928,0.0130812630812631,0.0001137501137501,3.41250341250341e-05,0.0024797524797524,0.100065975065975,0.0132746382746383,0.0055168805168805,0.0049253799253799,0.0165733915733916,0.101544726544727,0.0626080626080626,0.0152538902538903,0.0178246428246428,0.0525753025753026,0.006074256074256,0.0275389025389025,0.0165165165165165,0.0009213759213759,0.0307239057239057,0.011966511966512,0.0170966420966421,0.0151401401401401,0.0003298753298753,0.0016721266721266,0.0122736372736373,0.0021043771043771
3117330,0.110828703156401,0.0720652559404185,0.0009220948102612,0.0095637782243764,0.111679867596643,0.037794065492375,2.36434566733656e-05,1.18217283366828e-05,0.0025889585057335,0.160444496985459,0.0291996689916066,0.0002718997517437,0.0484809079087363,0.053185955786736,0.0538243291169169,0.0167277455964062,0.0047877999763565,0.0179099184300745,0.106903889348623,0.0021870197422863,0.0241399692635063,0.0072821846553966,0.0109705638964417,0.0254167159238681,0.0555503014540726,0.01461165622414,0.0019860503605627,2.36434566733656e-05,9.45738266934626e-05,0.0015131812270954,0.0013713204870552
3120524,0.0149020966903483,0.0463697799341535,0.0001732801940738,0.0060648067925836,0.156645295442731,0.011575116964131,0.0009703690868133,0.0,0.0044706290071044,0.0469935886328193,0.0181944203777508,0.0004851845434066,0.067544619649974,0.0392306359383123,0.0750996361115924,0.0165309305146422,0.0191301334257494,0.0411020620343095,0.112944030497314,0.0024259227170334,0.0369433373765379,0.0453647548085254,0.0,0.0312250909721019,0.0160804020100503,0.038676139317276,0.004678565239993,0.0021140183677005,0.0056142782879916,0.0005891526598509,0.022422457113152
3105214,0.109650639916984,0.464372189553788,0.0029401591144932,0.0518851608439986,0.0,0.0,0.0029401591144932,0.0008647526807333,0.0027672085783465,0.0686613628502248,0.0,0.0,0.0,0.0001729505361466,0.0001729505361466,0.0,0.0,0.0027672085783465,0.0001729505361466,0.106883431338637,0.0024213075060532,0.0,0.0,0.0029401591144932,0.0,0.0,0.0,0.0672777585610515,0.0418540297474922,0.0,0.0
3109764,0.0312046444121916,0.715203193033382,0.0060957910014513,0.0786284470246734,3.62844702467344e-05,0.0,0.0001814223512336,0.0,0.0021044992743106,0.0928519593613933,0.0033744557329463,0.0042452830188679,0.0,0.0072931785195936,0.0222423802612482,0.0001814223512336,0.0036284470246734,0.0001451378809869,0.0011248185776487,7.25689404934688e-05,0.0010159651669085,0.0011611030478955,0.0,0.0007982583454281,0.0009071117561683,0.0005805515239477,0.0,0.0008708272859216,0.0013062409288824,0.0017779390420899,0.0076923076923076
3109766,0.0462560036102247,0.551413467427393,0.0050768784450246,0.0721722592914934,0.0004029268607162,0.0001934048931437,3.22341488572994e-05,0.0004029268607162,0.0017567611127228,0.0704799664764852,0.0069625761531766,0.0039970344583051,0.000225639042001,0.0048028881797376,0.0368597492183219,0.0083808787028978,0.0051252296683106,0.0009831415401476,0.0022241562711536,0.0015311220707217,0.0764271669406569,0.0026754343551558,6.44682977145988e-05,0.0010959610611481,0.0067530541856042,0.0022563904200109,0.0001128195210005,0.0043838442445927,0.00501241014731,0.0073332688650356,0.0295587145021436
3117111,0.044702592234054,0.380595891147682,0.0093148327417446,0.0394535871786598,0.0002151231580079,0.0178552221146606,0.0001290738948047,0.0003441970528127,0.0013122512638485,0.0543185973970098,0.0100247391631709,0.0568570506615037,0.0005808325266214,0.0063461331612348,0.0487899322362052,0.0281165967516403,0.004216413896956,0.0011616650532429,0.0095299558997526,0.0024093793696891,0.0897924061525223,0.0025169409486931,0.0,0.0023663547380875,0.0116381628482306,0.0026675271592987,2.1512315800796e-05,6.45369474023879e-05,0.0003441970528127,0.0006883941056254,0.0803700118317737
3117113,0.111015320695923,0.259558556219164,0.0050895871202285,0.0444975331082836,0.0002700597247468,0.0756478836665801,0.0001350298623734,3.11607374707868e-05,0.000436250324591,0.0583952220202545,0.0090989353414697,0.0014957153985977,0.0074370293430277,0.0069072968060244,0.0492028044663724,0.0937211113996365,0.0052246169826019,0.002139703972994,0.0224980524539081,0.0002908335497273,0.104180732277331,0.006616463256297,0.0,0.0015684237860296,0.0115710205141522,0.0072708387431835,0.0014333939236561,0.0022643469228771,0.0071773565307712,0.0009452090366138,0.0007790184367696
3120447,0.0596408441473325,0.338510945077992,0.0032114300694717,0.0879538602700223,0.0,0.0647529165028182,0.0,0.0,0.0002621575566915,0.152968934329532,0.0090444357058592,0.0153362170664569,0.0040634421287193,0.0051120723554856,0.066719098178005,0.0014418665618036,0.0044566784637567,0.0013763271726307,0.0138288111154804,0.0009175514484205,0.0089788963166863,0.004260060296238,0.0,0.0025560361777428,0.006095163193079,0.0049809935771398,0.119150609516319,0.0,0.0,0.0007209332809018,0.0020317210643596
3101880,0.111236695865122,9.41885655081473e-05,0.0,0.0,0.0,0.0,0.0,0.0171423189224828,0.021098238673825,0.0,0.0,0.0,0.0,0.0004709428275407,0.245361213148724,0.0,0.0,0.0,0.0,0.0188377131016295,0.0,0.0,0.0,0.0,0.0,0.0,0.0,0.0001883771310162,0.468117170575492,0.0021663370066873,0.0
3105315,0.0708449739075431,2.63560170786991e-05,0.0,7.90680512360972e-05,0.0001581361024721,0.0,0.0005534763586526,0.0366875757735491,0.0012387328026988,0.0689473406778768,0.0012914448368562,0.0,0.0,0.0213220178166675,0.0194507406040799,0.0,0.0,0.0,0.0,0.0010278846660692,0.0,0.0224816825681303,0.0,0.0,0.0,0.281772178588372,0.0,0.148647936323863,0.285646513098941,0.0015813610247219,0.0
3109676,0.0214941183716204,0.39736404508222,0.0001847631951715,3.07938658619203e-05,3.07938658619203e-05,3.07938658619203e-05,0.0014165178296483,3.07938658619203e-05,6.15877317238406e-05,0.0115476996982201,0.0001847631951715,0.0038800270986019,0.0,0.0105315021247767,0.100449590441584,6.15877317238406e-05,0.0129950113937304,0.0019400135493009,3.07938658619203e-05,0.0792942045944448,9.23815975857609e-05,0.0051425755989406,3.07938658619203e-05,0.0002155570610334,0.0,0.009638480014781,6.15877317238406e-05,0.0060971854406602,0.125916117509392,0.0161667795775082,6.15877317238406e-05
3109673,0.0269747844406316,0.38028943958184,5.79168748054355e-05,1.44792187013589e-05,0.0021501639771517,1.44792187013589e-05,5.06772654547561e-05,0.0005284914825995,0.0018605796031246,0.0148701576062956,0.0021284451490997,2.17188280520383e-05,0.0148267199501915,0.0082748734878266,0.17794235823035,1.44792187013589e-05,0.0401146754121148,0.0299502638837608,0.0173533436135786,0.0541884759898356,0.0279231732655706,0.0115109788675803,1.44792187013589e-05,0.0034750124883261,0.0038587117839121,0.0399554040063998,5.06772654547561e-05,0.0014551614794865,0.014522656357463,0.0053211128727493,0.0284371855294688
3117173,0.0171683673469388,0.128494897959184,5.10204081632653e-05,0.152780612244898,0.0,0.224030612244898,0.0003571428571428,0.0,0.0007908163265306,0.0411224489795918,0.0028826530612244,0.0075255102040816,0.151989795918367,0.0045918367346938,0.0501785714285714,0.0001020408163265,0.0119897959183673,0.0230357142857143,0.0115051020408163,0.0063520408163265,0.0633163265306122,0.0010969387755102,7.6530612244898e-05,0.0131122448979592,0.0084438775510204,0.0116071428571429,0.0,0.0007908163265306,0.0028061224489795,0.0019132653061224,0.0400255102040816
3117170,0.0028490028490028,0.133048433048433,1.42450142450142e-05,0.237293447293447,0.0,0.119159544159544,0.0002421652421652,0.0,0.0004273504273504,0.0592592592592593,0.0035042735042735,0.0399002849002849,0.0481908831908832,0.0064957264957265,0.121766381766382,1.42450142450142e-05,0.0162678062678063,0.0212678062678063,0.0210968660968661,0.0011396011396011,0.0165954415954416,0.0009401709401709,0.0,0.0134615384615385,0.0096723646723646,0.0087749287749287,2.84900284900285e-05,0.0009401709401709,0.0087749287749287,0.0206980056980057,0.0241595441595442
3105263,0.200291298628077,0.380191693290735,0.0013625258410073,0.0,0.0,0.0,0.0013625258410073,0.0037117083255027,0.0028660026310843,0.0,0.0,0.0,0.0,0.0,0.0,0.0,0.0,0.0001879345987596,0.0,0.150582597256155,0.0,0.0,0.0077992858485247,0.0,0.0,0.0068126292050366,0.16829543318925,0.0309622251456493,0.0424262356699868,0.0,0.0
3103419,0.0845973218252205,0.053468299803262,0.0006346385733324,0.0113282985339849,0.420321127118106,0.0,9.51957859998731e-05,0.0008250301453322,0.0106301961033192,0.163165577203782,0.0018404518626642,0.003458780224662,6.34638573332487e-05,0.0009836897886653,0.0098686298153201,0.003458780224662,3.17319286666244e-05,0.0004442470013327,0.0036491717966618,0.0007932982166656,0.0083772291679888,0.0006663705019991,0.0018404518626642,0.0015865964333312,0.0076156628799898,0.0,0.0018721837913308,3.17319286666244e-05,0.0001269277146664,0.0007932982166656,0.0012692771466649
3109540,0.0022062428501389,0.222748815165877,0.0074358555319496,0.0320313776760909,0.482922046085962,0.0325216538650106,0.0,0.0,0.0,0.0749305442065697,0.0006537015852263,0.0016342539630658,0.0008171269815329,0.0010622650759928,0.0078444190227161,0.0004085634907664,0.0018793920575257,0.003350220624285,0.0274554665795065,0.0001634253963065,0.0,8.1712698153293e-05,0.0002451380944598,0.0013074031704526,0.0024513809445987,0.0040856349076646,0.0626736394835758,0.0,0.0,8.1712698153293e-05,0.0
3117174,0.0645457326399511,0.174441725298256,0.0053150810645457,0.0221780360966656,0.377944325481799,0.0186983787090853,7.64759865402264e-05,0.0006118078923218,0.0061945549097583,0.0707020495564393,0.0021795656163964,0.0147598654022637,0.0150275313551545,0.0035178953808504,0.0310492505353319,0.0023325175894769,0.0018354236769654,0.0061945549097583,0.0018354236769654,0.0,0.0001911899663505,0.0001529519730804,0.0073416947078617,0.0090241664117467,0.005773936983787,0.0021030896298562,0.12851789538085,3.82379932701132e-05,0.0,7.64759865402264e-05,0.0053533190578158
3117177,0.0149696233292831,0.063134872417983,0.0011988659376265,0.0093479141352774,0.286609963547995,0.0161684892669097,0.0002916160388821,0.0010530579181855,0.0039530174159578,0.251356824625354,0.002138517618469,0.0067395706763872,0.0082138517618469,0.0050546780072904,0.0679789388416363,0.00228432563791,0.0091535034426893,0.0208505467800729,0.0095747266099635,0.0014580801944106,3.24017820980154e-05,0.000194410692588,0.0015228837586067,0.0092669096800324,0.0165087079789388,0.0113406237343054,0.0386391251518834,0.00016200891049,0.0002916160388821,0.006318347509113,0.0065289590927501
3120331,0.0455183676721005,0.103713366726083,0.0011252626442676,0.017327053106422,0.400464046364804,0.0048097509485067,8.96226884814929e-05,0.0009261011143087,0.0173768434889117,0.0357893269336095,0.0038338594517083,0.0217185648420151,0.0103165672518696,0.0051383674729389,0.0274743330578265,0.0005676103603827,0.0010754722617779,0.0025094352774818,0.0027982194959221,0.0002987422949383,7.96646119835493e-05,0.0005676103603827,6.97065354856056e-05,0.0084145746407623,0.0083747423347706,0.0130152059828124,0.0979277242807779,0.0001394130709712,0.0006273588193704,0.0015335437806833,5.97484589876619e-05
3120327,0.0231502219326465,0.183145335342265,0.0032373661277843,0.0229669747933379,0.362686810278128,0.0128476605448548,0.0003054118988475,0.0,0.0028912326424237,0.0315795903408397,0.0048865903815612,0.000122164759539,0.0025450991570631,0.0023414912244981,0.0474610090809138,0.0015881418740074,0.0007737101437472,0.0112798794641039,0.0011605652156208,0.0734821028627275,0.0129087429246243,0.0028097894693977,0.0007533493504906,0.0071873600195463,0.0236999633505721,0.0006108237976951,0.143706478804414,6.10823797695158e-05,8.14431730260211e-05,0.0001832471393085,0.0038278291322229
3109690,0.0176736420943554,0.307705592815405,0.0025234353261756,0.0366617733129923,0.137464859004251,0.0170020053155254,0.0001727066002705,6.71636778830009e-05,0.0004317665006764,0.0388397954386268,0.0048837588632067,0.0240733811154927,0.0245051476161692,0.0038667088838356,0.104861690797617,0.126987325254502,0.0022451858035174,0.0100745516824501,0.0087024936914116,0.0013816528021645,4.79740556307149e-05,0.0091054757587096,0.0004125768784241,0.0160041449584065,0.0074071941893823,0.0017174711915795,0.0055458008309106,0.0001151377335137,0.0014967905356783,0.0099498191378102,0.0022355909923913
3117333,0.0110146766240881,0.212988860375037,0.0016723854560133,0.0396951260536509,0.118998875464952,0.0550445488884404,9.61141066674356e-06,9.61141066674356e-05,0.0002114510346683,0.072787212979249,0.0053535557413761,0.0156473765654585,0.0055265611333775,0.0040367924800322,0.121584344934306,0.0674048230058726,0.0030083715386907,0.0403006449256557,0.0380515748296377,0.001422488778678,0.0232692252241862,0.0026719721653547,0.001047643762675,0.0162913410801303,0.0100727583787472,0.001047643762675,0.0103322664667493,9.61141066674356e-06,6.72798746672049e-05,0.0030852628240246,0.0330344184615976
3117336,0.0232092232092232,0.101512001512002,0.0003780003780003,0.0276696276696277,0.0791721791721792,0.0241258741258741,6.61500661500661e-05,0.003042903042903,0.0004252504252504,0.133509733509733,0.0127197127197127,0.036023436023436,0.0206577206577207,0.0166320166320166,0.101058401058401,0.17046872046872,0.006066906066906,0.0309487809487809,0.0297769797769798,0.0033075033075033,0.0079380079380079,0.032016632016632,0.0080986580986581,0.0227556227556228,0.0168777168777169,0.0154318654318654,0.0121621621621622,0.0004158004158004,0.0024853524853524,0.0137497637497637,0.0016254016254016
3105127,0.0556300268096515,0.503638452700115,0.001627728839525,0.0,0.0,0.0267139027192646,0.0,0.0022979701263883,0.0008617387973956,0.0,0.0,0.0,0.0,0.0,0.0,0.0,0.0599387207966296,0.0,0.0,0.002680965147453,0.0,0.0,0.0,0.0,0.0,0.0,0.0,9.57487552661815e-05,0.311662198391421,0.016373037150517,0.0
3105129,0.116961263632945,0.550332205089633,0.0021311269900965,0.0,0.0,0.0349755547198195,0.0,0.0097781120722076,0.0001253604111821,0.0,0.0,0.0,0.0,0.0,0.0,0.0,0.0357277171869124,0.0,0.0,0.0254481634699762,0.0,0.0016296853453679,0.0,0.0,0.0002507208223642,0.0105302745393005,0.0,0.0005014416447285,0.177635702645105,0.0,0.0
3116450,0.0251638380104184,0.366366997143337,0.0035708284321962,0.052113090236935,6.30146193916989e-05,0.0327255923374223,6.30146193916989e-05,2.10048731305663e-05,0.0015753654847924,0.0363174256427491,0.0021635019324483,0.0049991598050747,0.0815829272391195,0.0035288186859351,0.0760166358595194,0.0,0.0313392707108049,0.0276424130398252,0.0023945555368845,0.0211309023693497,0.0001470341119139,0.0026466140144513,0.0,0.0084859687447487,0.009200134431188,0.0171399764745421,0.0,0.0296798857334902,0.0365694841203159,0.0021635019324483,0.0684128717862544
3116452,0.0143513294448594,0.394129146072059,0.0022250123170324,0.0067703946218273,0.0001430365060949,0.0059598544206226,6.3571780486642e-05,0.0001430365060949,0.0015098297865577,0.0560544174440966,0.0064207498291508,0.0293701625848286,0.100220911937191,0.0131116797253699,0.0728214745474484,0.0219958360483781,0.013810969310723,0.0275583668409593,0.055053161901432,0.0042752022377266,0.0211217240666868,0.0064048568840291,0.0,0.016290268749702,0.024951923841007,0.0192463565423309,0.0,0.0007310754755963,0.0008900049268129,0.0133023950668298,0.0
3117277,0.0152385159010601,0.244384149419485,0.0017983341746592,0.0077296819787985,0.0,0.0293727915194346,0.0001261988894497,0.0001577486118122,0.0006309944472488,0.197469712266532,0.0015459363957597,3.15497223624432e-05,3.15497223624432e-05,0.007477284199899,0.0295936395759717,6.30994447248864e-05,0.013597930338213,0.0440749621403332,0.0029341241797072,0.0007256436143361,6.30994447248864e-05,0.0004101463907117,0.0,0.0131877839475013,0.0078558808682483,0.0020507319535588,3.15497223624432e-05,0.0026501766784452,0.0032180716809692,0.0,0.331114336193842
3117279,0.147020902520023,0.471263918734128,0.0255909357296347,0.0062512209415901,0.0,0.0262160578237937,0.0003125610470795,0.0001172103926548,0.0013674545809728,0.0494627857003321,0.0136354756788435,0.0,0.007579605391678,0.0055479585856612,0.0358663801523735,0.0018362961515921,0.0078530963078726,0.0453604219574136,0.0017972260207071,3.90701308849385e-05,0.0081656573549521,0.0001562805235397,0.0,0.005079117015042,0.0211369408087517,0.0157061926157453,3.90701308849385e-05,0.0001562805235397,0.001250244188318,3.90701308849385e-05,0.0967376440711076
3120559,0.0313107853099144,0.28905501524169,0.0068369865002177,0.0160981274495573,0.0001596748439541,0.0145158949049209,0.0001161271592393,0.0010015967484395,0.0054434605893453,0.0947307301495137,0.008622441573523,0.0168384380897082,0.0994193642038032,0.0080418057773261,0.0596603280592249,0.0645086369574684,0.0662215125562491,0.0250979822906082,0.0520394832341414,0.0001306430541442,0.002554797503266,0.0006822470605312,0.0,0.0206561184497024,0.0191319494846857,0.0119465815067499,0.0023080272898824,0.0,0.000537088111482,1.45158949049209e-05,0.0483234141384816
3120566,0.0027090610964568,0.13144491179709,0.0121907749340557,0.0026615337087997,6.33698502095166e-05,0.0575239815276887,0.0001742670880761,0.0005069588016761,0.0030496740413329,0.0374278177799957,0.0056240742060946,0.0041269614948947,0.0410478204732144,0.0090302036548561,0.0508067774054799,0.0374832663989291,0.010487710209675,0.0475749150447946,0.101977931449665,7.12910814857061e-05,0.219885458995746,0.0195337563270835,1.58424625523791e-05,0.0076360669502467,0.0268925801826636,0.0047685812282661,0.0042774648891423,0.0018535681186283,0.0072637690802658,0.0001108972378666,0.0599557995294789
3101980,0.179080612924717,0.0013324450366422,0.0001332445036642,0.0002664890073284,0.0,0.0,0.0001332445036642,0.0027981345769487,0.0225183211192538,0.0007994670219853,0.0,0.0001332445036642,0.0001332445036642,0.0061292471685543,0.0010659560293137,0.0001332445036642,0.0021319120586275,0.0,0.0,0.0090606262491672,0.0,0.0001332445036642,0.0,0.0,0.0006662225183211,0.0379746835443038,0.0,0.0009327115256495,0.362824783477682,0.0506329113924051,0.0
3105222,0.449754986541514,0.0001035268134446,0.0,0.0,0.0,0.0,6.90178756297881e-05,0.0322658568569259,0.0018634826420042,0.0,0.0,0.0,0.0002070536268893,0.0190489336738215,0.0,0.0,0.0382013941610877,0.0,0.0,0.0026226792739319,0.0,0.0012078128235212,0.0,0.0,0.0,0.0109393332873214,0.0017944647663744,0.042998136517358,0.320553523362551,0.0017599558285596,3.45089378148941e-05
3103458,0.0375623644959904,0.554554240785727,0.0212888227150432,0.0001044850194603,0.0002873338035159,0.0033957631324608,0.0001044850194603,0.0,0.0072878301073583,0.137058224277094,0.0043622495624689,0.0173967557401458,0.0010448501946033,0.0108403207690097,0.0573883969385889,0.0011493352140636,0.0084632865762871,0.0009142439202779,0.013426325000653,0.0013844265078494,0.027766893921584,0.0014889115273097,0.0090901966930491,0.0216022777734242,0.0041794007784134,0.0028472167802941,0.0274795601180681,0.0013583052529843,0.0031867930935402,0.0007052738813572,0.002821095525429
3109826,0.0809859154929577,0.439757220364991,0.0051104291116347,0.0105907820463638,0.0004110264701046,0.0124952046911821,0.0001096070586945,0.0,0.0023839535266071,0.076875650791911,0.013426864690086,0.0062202005809174,0.0023428508795966,0.0042746752890886,0.0412533567161725,0.0464322902394914,0.0346221296651504,0.0281827149668439,0.0247437935003014,0.00146599441004,0.0516523264098208,0.0031923055844796,0.0120704773387406,0.0151531758645257,0.0060831917575491,0.0305803693757878,0.0265249082040883,0.0002466158820628,0.0012604811749876,0.0003699238230942,0.001233079410314
3109829,0.0329811412411735,0.378320234563403,0.0102447995280973,0.0071999861205086,3.46987282916081e-05,0.0089175731709432,7.80721386561183e-05,8.67468207290203e-05,0.0121011814916983,0.13830913097035,0.0084491403390065,0.0268394663335589,0.0030621627717344,0.0053522788389805,0.079425389059491,0.0128125054216763,0.0128732281961866,0.0153541872690366,0.0301184961571158,0.0014573465882475,0.04418015579729,0.0107652804524714,0.0093426325925154,0.0070351671611235,0.009646246465067,0.0168549072676486,0.0434167837748747,0.0003122885546244,0.0076423949062266,0.0209667065702042,0.0029060184944221
3109831,0.0452374849287498,0.407023439947595,0.014307007300656,0.0276646445083687,0.000132911813012,0.0088291418643729,0.0001424055139415,5.69622055765999e-05,0.0020696268026164,0.172139785252485,0.0156361254307767,0.0055158402400007,0.0035886189513258,0.0017563346719451,0.0492343330200412,0.0444115329478891,0.00703483238871,0.0221298168665091,0.011174085993943,0.000768989775284,0.0315665555903658,0.0028101354751122,0.006750021360827,0.0067690087626859,0.0091044591913265,0.0212279152782129,0.047477998348096,1.89874018588666e-05,0.0002563299250947,0.0013196244291912,0.0051740670065411
3109551,0.0540478380864765,0.0597976080956762,0.0030473781048758,0.0071297148114075,0.0,0.0091421343146274,0.0,0.0,0.0021849126034958,0.0082796688132474,0.0034498620055197,0.0003449862005519,0.0022424103035878,0.0041973321067157,0.0355335786568537,0.0020699172033118,0.0338661453541858,0.0290938362465501,0.187327506899724,0.0096596136154553,0.146619135234591,0.0659498620055198,0.0132244710211592,0.0028748850045998,0.0114420423183073,0.0044848206071757,0.0009199632014719,0.0014374425022999,0.030473781048758,0.0002299908003679,0.175252989880405
3109547,0.0113423517169615,0.0723204994797086,0.0029136316337148,0.0026014568158168,0.0,0.0002081165452653,0.0004162330905306,0.0,0.0016649323621227,0.0143600416233091,0.0074921956295525,0.000936524453694,0.0086368366285119,0.005723204994797,0.045993756503642,0.0064516129032258,0.0116545265348595,0.0406867845993756,0.121540062434964,0.0004162330905306,0.0,0.0150884495317378,0.0035379812695109,0.009885535900104,0.0073881373569198,0.0082206035379812,0.0007284079084287,0.0024973985431841,0.372528616024974,0.000624349635796,0.0759625390218522
3109546,0.008349658595964,0.308024421324914,0.0447724290088822,0.0241170093386842,3.8039446906442e-05,0.0026057021130912,0.0003613747456111,7.6078893812884e-05,0.0005325522566901,0.133061985278734,0.0026817810069041,0.0187724670483291,0.0426232002586682,0.0096049603438766,0.107480457234152,0.0072274949122239,0.0171177511078989,0.0180306978336535,0.0540160146071476,0.0012172623010061,1.9019723453221e-05,0.0089202502995606,7.6078893812884e-05,0.0079692641268996,0.0072845540825836,0.0015025581528044,0.0349772714304734,5.7059170359663e-05,0.0765924263461209,0.0128763527778306,0.0002282366814386
3104933,0.0114875161176884,0.0,0.0,0.0,0.0,0.0,0.0225061540264916,0.0,0.0018755128355409,0.0071503926854999,0.0,0.0,0.0,0.0,0.0001172195522213,0.0,0.0,0.0,0.0,0.150978783261048,0.0,0.0002344391044426,0.0,0.0,0.0,0.0001172195522213,0.0,0.0082053686554917,0.0350486461141718,0.0,0.0
3105387,0.0636075949367089,0.0013924050632911,0.0,6.32911392405063e-05,0.0,0.0,0.0062658227848101,0.0,0.0018987341772151,0.0,0.0,0.0,0.0,0.0,6.32911392405063e-05,0.000126582278481,0.0,0.0001898734177215,0.0,0.0031645569620253,0.0,0.0004430379746835,0.0,0.0,0.0,0.0,6.32911392405063e-05,0.0465822784810127,0.630569620253165,0.0315822784810127,0.0
3109726,3.94524006785813e-05,0.888665325285044,3.94524006785813e-05,0.0,0.0,0.0,7.89048013571626e-05,3.94524006785813e-05,0.0003156192054286,0.0247761076261491,0.0004339764074643,0.0001972620033929,0.0122696966110388,0.0007890480135716,0.0273405136702568,0.0,0.0006706908115358,0.010178719375074,0.010178719375074,0.0,0.0,0.0009863100169645,0.0,0.0043792164753225,0.0024065964413934,0.0011835720203574,0.0,0.0003550716061072,0.004142502071251,0.0001972620033929,0.0
3109723,0.0482115085536547,0.648555640117799,0.0001985374408523,0.0,0.0,0.0,0.0001985374408523,3.30895734753979e-05,0.0018861056880976,0.0308725720525462,0.0072466165911121,0.0072466165911121,0.0267032857946461,0.0060884815194732,0.0289533767909732,0.047648985804573,0.0033089573475397,0.0167433241785513,0.021541312332484,0.0003639853082293,3.30895734753979e-05,0.0072135270176367,0.0,0.0095959763078653,0.0105224843651765,0.0034744052149167,0.04033619006651,0.0115813507163893,0.0132689189636346,0.0016875682472452,0.0
3120500,0.0042719981203208,0.443166405006782,0.0089605160573729,3.20399859024062e-05,0.0,0.050719297683509,0.0002456398919184,0.000106799953008,0.0008437196287633,0.0197900312923862,0.0102314354981684,0.0085333162453408,0.0078604765413903,0.0035350784445654,0.0561233753057149,0.0372091036279944,0.0300855467623594,0.108070872448816,0.0371877436373928,0.0002990398684224,0.0490745784071855,0.0238697894972926,1.06799953008021e-05,0.0154005532237566,0.005393397626905,0.0013136394219986,0.0612711330407015,0.0002776798778208,0.0011747994830882,0.0049448378242713,2.13599906016041e-05
3120505,0.0375734460364911,0.174183073909906,0.0039686630244304,0.0,0.029326873518194,0.202401814245954,5.15410782393568e-05,0.000154623234718,0.0002319348520771,0.0808421812184311,0.0017781671992578,0.0008504277909493,0.0028863003814039,0.008890835996289,0.0414132563653232,0.0197660035047933,0.144469642304917,0.032213173899598,0.0671322544067622,0.0002577053911967,0.054246984846923,0.0029120709205236,0.0,0.0102309040305123,0.0035305638593959,0.0021904958251726,0.0065972580146376,0.0097154932481187,0.0108236264302649,0.0007731161735903,0.0383207916709618
3116472,0.0179837748907925,0.319580756793555,0.0006665910251319,1.41827877687638e-05,0.0001134623021501,0.141898791626482,7.09139388438191e-05,1.41827877687638e-05,0.0004396664208316,0.0189482044590685,0.0035173313666534,0.0046945027514608,0.0186929142792307,0.0146082714018267,0.0601917512906337,0.0613405570999036,0.0376694843138367,0.0967691609462756,0.0162392919952346,0.0007375049639757,0.0236994383616044,0.0016877517444829,1.41827877687638e-05,0.0065808135247064,0.0053752765643614,0.003361320701197,0.0250184376240994,0.0020139558631644,0.0023117944063085,0.0011346230215011,5.67311510750553e-05
3116473,0.0088416483130645,0.264515305308181,9.57579239682084e-05,0.0,9.57579239682084e-05,0.0634236649749433,1.59596539947014e-05,0.0,0.0003032334258993,0.06466851798653,0.0028727377190462,0.0058093140540713,0.0270675731750136,0.0052826454722461,0.130470171406684,0.0899166906061477,0.0058891123240448,0.152494493919372,0.0113951929522168,0.0030642535669826,0.0065434581378275,0.0095917520508155,0.0,0.0141402534393054,0.0101184206326407,0.0058891123240448,0.0193271409875834,0.0015002074755019,0.0018832391713747,0.0109323629863705,0.0
3117397,0.0078019783587981,0.41410857753216,0.0,0.0,0.0,0.0831282217990991,0.0,0.0,0.0006037245158593,0.0505735382900664,0.0065016486323317,0.0304648678772117,0.0567965448381554,0.0051548785584916,0.0985928574745739,0.0827102586727349,0.0067338503692007,0.0117029675381972,0.0234523754237682,0.0001857613894951,0.0012074490317187,0.0058514837690985,0.0,0.0193191845075001,0.0245205034133655,0.0059908048112199,0.0056657223796034,0.0004644034737379,0.0003250824316165,0.0259137138345795,4.64403473737984e-05
3117399,0.0038191497569632,0.226448576498727,0.000115731810817,0.0142543013656354,3.85772702723555e-05,0.138897461615616,1.92886351361778e-05,0.0,0.0001735977162256,0.0654463390170512,0.0133670241493712,0.0120746855952473,0.0396188565697091,0.0073489699868837,0.104988041046216,0.126899930560914,0.0111874083789831,0.0441131085564385,0.0547604351516087,1.92886351361778e-05,0.0001543090810894,0.0424349972995911,0.0,0.0290679731502199,0.0248823393256693,0.0013309158243962,0.0046099837975464,7.71545405447111e-05,0.0003086181621788,0.0002700408919064,5.78659054085333e-05
3120675,0.0128127616035718,0.205422751371965,0.0001162682541158,0.0359733978234583,0.0,0.0625755743651753,0.0,2.32536508231792e-05,0.0005813412705794,0.0919681890056739,0.013231327318389,0.0046042228629894,0.0356943540135801,0.0146265463677797,0.0915496232908567,0.100827829969305,0.011022230490187,0.0486931448237373,0.0489489349827923,0.0027206771463119,0.0119756301739373,0.0233931727281183,2.32536508231792e-05,0.0306483117849502,0.0443447121198028,0.0121616593805227,0.0075574365175332,9.3014603292717e-05,6.97609524695377e-05,0.0085108362012836,0.0004418193656404
3120680,0.0152199183585196,0.321159200886702,0.0373334054229407,0.0211132437619962,2.70336027682409e-05,0.0206807061177043,8.11008083047228e-05,0.0,0.0002433024249141,0.0530399286312887,0.005163418128734,0.0164634640858587,0.0052985861425752,0.0037576707847854,0.0765050958341218,0.111702846638371,0.0042983428401503,0.0184369170879403,0.0104079370657728,0.0004055040415236,0.0014057473439485,0.0044605444567597,0.0,0.0218701846395069,0.0200589332540348,0.0048390148955151,0.0250871833689276,0.0002433024249141,0.0005136384525965,0.0094076937633478,2.70336027682409e-05
3102300,0.11739753853507,0.144222726729597,0.0002987214720994,0.001015653005138,0.0,0.0,0.0,0.0003584657665192,0.0018520731270163,0.0348309236467917,0.0018520731270163,5.97442944198829e-05,5.97442944198829e-05,0.0299916357987812,0.0019118174214362,0.0,0.0,0.0,0.0,0.0061536623252479,0.0001792328832596,0.0,0.0109332058788386,0.0,0.0310670330983391,0.0090811327518222,0.004062612020552,0.411757677141833,0.1838929382244,0.0028677261321543,0.0
3102301,0.155494397483782,0.335069785728327,0.0010811873402791,0.0,0.0,0.0,9.82897582071948e-05,0.0008846078238647,0.0032435620208374,0.0009828975820719,0.0,0.0,9.82897582071948e-05,0.0,0.0001965795164143,0.0,0.0,0.0,0.0,0.0209357184981325,9.82897582071948e-05,0.0,0.0345979948889326,0.0007863180656575,0.0,0.0033418517790446,0.0180853155101238,0.251326911735797,0.110575977983094,0.0017692156477295,0.0
3102302,0.248231132075472,0.101611635220126,0.0,0.0,0.0007861635220125,0.0001965408805031,0.0,0.0,0.0062893081761006,0.0210298742138365,0.0003930817610062,0.0345911949685535,0.0,0.0049135220125786,0.0007861635220125,0.0,0.0,0.0009827044025157,0.0003930817610062,0.019064465408805,0.0,0.0009827044025157,0.0328223270440252,0.0056996855345911,0.0011792452830188,0.0015723270440251,0.124410377358491,0.0974842767295598,0.0636792452830189,0.0,0.0023584905660377
3116537,0.0101996632186673,0.322468126052442,0.0010584556170315,2.40558094779889e-05,7.21674284339668e-05,0.0113783978830888,0.0,4.81116189559779e-05,9.62232379119557e-05,0.0515756555208083,0.0034399807553524,0.0141688717825355,0.0895357228770748,0.0055087803704594,0.128049073851335,0.146499879720953,0.0013952369497233,0.0186432523454414,0.021698340149146,0.0001202790473899,0.0070002405580947,0.0045465479913399,2.40558094779889e-05,0.0129179696896801,0.0154919413038249,0.0053885013230695,0.0442626894394996,0.0081789752225162,0.004330045706038,0.0029829203752706,0.0008900649506855
3116536,0.0065388550331391,0.28492949601886,0.0233308126862684,0.0011120501757039,2.22410035140786e-05,0.0136337351541302,6.67230105422357e-05,0.0,0.0006005070948801,0.0343623504292514,0.0050931898047239,0.0233752946932966,0.0423691116943196,0.0035808015657666,0.1012632889996,0.0684133268093056,0.0088964014056314,0.0256661180552467,0.0194831190783328,0.0024020283795204,0.002557715404119,0.0265557581958098,0.0,0.014145278234954,0.0072060851385614,0.0032027045060273,0.0423246296872915,0.0008451581335349,0.0003558560562252,0.0195720830923891,0.000289133045683
3116535,0.0087751708849067,0.38980232772954,0.0250554221319047,0.0041104747829299,0.0,0.0523508220949566,9.23702198411232e-05,0.0,0.0007620543136892,0.0287502309255496,0.0039026417882874,0.0167882874561241,0.0338075004618511,0.0075281729170515,0.0776602623314244,0.0482634398669869,0.0085211527803436,0.0266488084241641,0.0261638647699982,0.0024478108257897,0.0002078329946425,0.0203676334749677,0.0,0.0124237945686311,0.0066275632736005,0.0061195270644744,0.0542675041566599,0.0026787363753925,0.0014086458525771,0.0223766857565121,0.0
3116528,0.0093049599482158,0.39624102736005,0.0319951914741137,0.0181591205945927,1.1558956457411e-05,0.0,9.24716516592882e-05,2.3117912914822e-05,0.0030862413741287,0.0869002346468161,0.0019765815542172,0.0768670604417833,0.0067388716146706,0.0089813091674083,0.127865176331881,0.0216614844011883,0.0021268479881636,0.0018956688590154,0.0134546253164264,0.0175349369458925,0.0003005328678926,0.0333707072925456,0.0,0.0068544611792447,0.0086576583866008,0.0088426016899194,0.0778958075664929,0.0002311791291482,0.0008322448649335,0.0320067504305711,0.0
3116525,0.025922408638458,0.284865112025606,0.0305652280960923,0.0356652949245542,3.51728746790475e-05,0.0,0.0017938166086314,0.0013717421124828,0.0148429531145581,0.143927403186662,0.0019696809820266,0.0051000668284618,0.0110442826492209,0.0186416235798952,0.124793359361261,0.0663008687700046,0.0051704125778199,0.009637367662059,0.0100946150328866,0.0372129014104323,0.0017234708592733,0.0071400935598466,0.0104463437796771,0.0095670219127009,0.0106925539024304,0.0183954134571419,0.0691146987443284,0.0009144947416552,0.0008793218669761,0.0050648939537828,0.0
3117429,0.006130182790905,0.583927775300936,0.0445831475702185,0.0285332144449398,0.0,0.0018947837717342,0.0,0.0003343736067766,0.0060187249219794,0.0420196165849309,0.0030093624609897,0.0717788675880517,0.0083593401694159,0.0067989300044583,0.0792465448060633,0.0295363352652697,0.0032322781988408,0.0035666518056174,0.0148238965670976,0.0039010254123941,0.0,0.0023406152474364,0.0005572893446277,0.0075791350869371,0.0090280873829692,0.0004458314757021,0.0134864021399911,0.0,0.0042353990191707,0.0192822113241195,0.0
3120480,0.0103786972369849,0.375747794874649,0.0055093352625281,0.0104065221625532,0.0,0.0024485934500125,0.0001391246278416,0.0004730237346615,0.0021146943431926,0.0150811096580317,0.0007512729903447,0.0005564985113664,0.0003338991068198,0.0026433679289907,0.014162887114277,0.0076240296057208,0.0085422521494755,0.0023929435988758,0.0255989315228582,0.0003338991068198,5.56498511366482e-05,0.0020868694176243,0.0001391246278416,0.0136342135284788,0.0013077715017112,0.0012242967250062,0.0008069228414813,0.0001391246278416,0.0001947744789782,0.0020590444920559,0.483680681154178
3116498,0.0185808250735049,0.199448334394229,0.0006365372374283,0.0025461489497135,0.0805674274802219,0.0160649874208117,0.0005456033463671,0.0,0.0034554878603255,0.112818647509927,0.0104877087690582,9.09338910611985e-05,0.163529447425055,0.0202782577066473,0.0392834409384378,0.0577733321208815,0.0094571246703646,0.0129126125306902,0.0431935982540693,0.0013336970688975,9.09338910611985e-05,0.0020005456033463,0.007062532205753,0.0169137037373829,0.0154890727774241,0.0089418326210178,0.0014852535539995,0.0,0.0612894425752478,0.0022430359795095,0.0040617138007335
3116501,0.0150227523012031,0.225071165873626,0.001683046938309,0.0008103559332599,0.247304008145116,0.0296922725289339,0.0,0.0,0.002784299873252,0.0605896897791261,0.0302532881750369,0.0,0.0163110104515137,0.0021609491553597,0.0652440418060548,0.0355517692771209,0.0011843663639952,0.0031998670185135,0.0261807301514742,0.004446568454298,0.0003947887879984,0.0016622685810459,0.0020362790117813,0.0140461695098386,0.0117605502109003,0.0080204459035468,0.0081035593325991,2.07783572630748e-05,0.0025972946578843,0.0001246701435784,2.07783572630748e-05
3117483,0.0002303675642469,0.329502406061227,0.0055544179379543,0.0158441691409849,0.346831166171803,0.0153066448244087,0.0,0.0,0.0001023855841097,0.0234718951571619,0.0003071567523292,0.000179174772192,0.001458994573564,0.0003071567523292,0.0148459096959148,0.053368485717211,0.0021245008702774,0.0123374628852258,0.0044025801167195,0.0,2.55963960274393e-05,0.0033787242756219,2.55963960274393e-05,0.0048633152452134,0.001228627009317,0.0009214702569878,0.0061687314426128,0.0,7.6789188082318e-05,0.0001535783761646,0.0
3104992,0.73982856452976,0.0,0.0,0.0,0.0,0.0,0.0,0.112519618495714,0.0818544005795002,0.0,0.0,0.0,0.0003621876131836,0.0,0.0,0.0001207292043945,0.0,0.0,0.0,0.0,0.0,0.0,0.0,0.0,0.0,0.0,0.0001207292043945,0.0098997947603525,0.0177471930459978,0.0,0.0
3105341,0.694921325656062,0.0006368243691458,0.0,2.65343487144108e-05,0.0,0.0,0.0011542441690768,7.96030461432324e-05,0.0062621062966009,0.0002255419640724,0.0,0.0,1.32671743572054e-05,0.0004245495794305,6.6335871786027e-05,1.32671743572054e-05,0.0005970228460742,6.6335871786027e-05,0.0,2.65343487144108e-05,3.98015230716162e-05,9.28702205004378e-05,0.0199670974075941,0.0,0.0,3.98015230716162e-05,0.0097115716294743,0.082999442778677,0.146642078170191,0.0055324117069546,0.0
3109644,0.252315526096308,0.0406918045739871,0.0001755849172556,0.000438962293139,0.0,4.38962293139019e-05,0.144594179359993,8.77924586278039e-05,0.0284447565954085,0.0424037575172293,0.0012729906501031,0.0001316886879417,0.0002633773758834,0.0580308151529784,0.0368728326236776,4.38962293139019e-05,0.0199727843378254,8.77924586278039e-05,8.77924586278039e-05,0.0082524911110135,0.0002194811465695,0.0001755849172556,0.0,0.0001316886879417,8.77924586278039e-05,0.0541240507440411,8.77924586278039e-05,0.0701022782143014,0.138448707256047,4.38962293139019e-05,4.38962293139019e-05
3109646,0.007480957562568,0.26278563656148,0.0004760609357997,0.0,0.0006800870511425,0.0,0.0,0.0009521218715995,0.0047606093579978,0.251156147986942,0.0020402611534276,0.0139417845484222,0.0337323177366703,0.0055767138193688,0.10534548422198,0.0019042437431991,0.0105413492927095,0.0004760609357997,0.0121735582154516,0.0003400435255712,0.0356365614798694,0.0156420021762786,0.0006800870511425,0.0079570184983677,0.0087731229597388,0.0028563656147986,0.0251632208922742,0.0,0.0002040261153427,0.0053046789989118,0.177774755168662
3117465,0.0876870021967772,0.258348367144067,0.0009695273860805,0.0325343936772087,0.0097198188579212,1.22724985579814e-05,0.0002699949682755,0.0047249119448228,0.0293680890492495,0.144692757998601,0.0398733478148816,0.000650442423573,0.0383761029908079,0.0166169630475068,0.0800412355951548,0.0004172649509713,0.0348170784089933,0.0071916841549771,0.0043690094866413,0.0003068124639495,0.0188996477792914,0.0018899647779291,0.0104070787771682,0.0101125388117767,0.0952714063056098,0.0406833327197084,0.0148619957537155,2.45449971159628e-05,0.0002086324754856,0.0001227249855798,0.0
3117466,0.0028395527076265,0.0518658122879759,0.0004020605603719,0.0001005151400929,0.616007036059807,7.53863550697324e-05,2.51287850232441e-05,2.51287850232441e-05,0.0001005151400929,0.149817816308581,0.003920090463626,0.0002010302801859,0.0028144239226033,0.0086694308330192,0.0316873979143108,0.0014825983163714,0.0004774469154416,0.000829249905767,0.0019097876617665,0.0003015454202789,2.51287850232441e-05,0.0054529463500439,0.0006282196255811,0.0079909536373916,0.0199019977384093,0.0044729237341374,0.0570925995728107,0.0008041211207438,0.0019851740168362,0.0079406960673451,0.0
3120591,0.0694968829572394,0.155457019931513,0.0007902361928176,0.0005707261392571,0.067345684432347,0.0016243743963473,8.78040214241812e-05,4.39020107120906e-05,0.001009746246378,0.0932039687417684,0.0138730353850206,0.0098779524102203,0.0933356747739046,0.0205461410132584,0.150232680656774,0.0535165510580385,0.0028536306962858,0.0481605057511634,0.05522872947581,0.0003073140749846,0.0008341382035297,0.0339801562911581,0.0035560628676793,0.0302045833699183,0.0417069101764861,0.0251558521380279,0.0017121784177715,0.0001317060321362,0.0004390201071209,0.0011853542892264,0.0098779524102203
3104976,0.34202534296785,0.0002094460152895,0.0,0.0,0.0007330610535134,0.0001047230076447,0.0005236150382238,0.0,0.000942507068803,0.0395852968897267,0.0002094460152895,0.0,0.0,0.0105770237721227,0.0341397004921981,0.0,0.0254476908576814,0.0001047230076447,0.0041889203057911,0.218975808985234,0.0,0.003770028275212,0.0,0.0001047230076447,0.0895381715362865,0.0102628547491884,0.0,0.0001047230076447,0.130170698502461,0.0,0.0
3105407,0.189092168655729,6.29782410177284e-05,0.0,0.0,0.0016374342664609,0.0,0.0066442044273703,0.0003778694461063,0.0005982932896684,0.0902163302578959,0.002078281953585,0.0,0.0,0.0330005982932897,0.035708662657052,0.0,0.0052901722454891,3.14891205088642e-05,0.0001574456025443,0.38813489939226,0.0,0.0011021192178102,0.0,9.44673615265926e-05,0.0014170104228988,0.0001889347230531,0.0,0.0041880530276789,0.0890197436785591,0.0267342633120257,0.0
3116487,0.0521346138326204,0.0003631668146235,0.0,0.0,0.0006052780243725,0.0,0.000403518682915,0.0,0.0346622548624001,0.298805584698572,0.0057703171656847,0.101969171172625,0.0089581147607134,0.0264304737309337,0.085384553304818,0.0014930191267855,0.0103300782826245,0.0169881365507223,0.0220724719554515,0.0265918812040997,0.0024614639657816,0.0470906302961827,0.0002824630780405,0.0151319506093132,0.0450326850133161,0.0587119683641353,0.001129852312162,0.0330078282624486,0.0186425631506739,0.0069001694778468,0.0
3116484,0.0450983965014577,0.0004555393586005,9.11078717201166e-05,0.0,0.0026421282798833,0.0,0.0,0.0037354227405247,0.0236880466472303,0.190962099125364,0.0060131195335277,0.144223760932945,0.0220481049562682,0.0107507288629738,0.170007288629738,0.0528425655976676,0.0307944606413994,0.0318877551020408,0.0153061224489796,0.0044642857142857,0.0194059766763848,0.0102040816326531,0.0,0.0550291545189504,0.0177660349854227,0.0104774052478134,0.0939322157434402,0.0011844023323615,0.000819970845481,0.003188775510204,0.0049198250728863
3117450,0.0219599522609733,0.0916058878132874,0.0,0.0369712239756,0.0285638509481501,0.0001060867258984,0.0005039119480175,0.0,0.0009547805330857,0.0966450072934624,0.0033682535472749,0.0239490783715688,0.0098395438270786,0.0155417053441188,0.192945232727755,0.0411086062856385,0.0093621535605357,0.0492242408168678,0.0357512266277682,0.003288688502851,0.0143747513592362,0.0480307651505105,0.0,0.0054369447022941,0.0230738628829068,0.0185651770322238,0.0281925474075056,0.0007956504442381,0.0034212969102241,0.054926402333908,0.0207399549131415
3117453,0.0183424633327443,0.332991694645697,0.0012016257289273,0.114755257112564,0.023254992048065,0.0259763209047535,7.06838664074925e-05,0.0003887612652412,0.0026506449902809,0.0368969782647111,0.002367909524651,0.0134299346174236,0.0036048771867821,0.0025799611238734,0.0998056193673794,0.0414914295811981,0.0118748895564587,0.011556812157625,0.018801908464393,0.0014490192613536,0.0152323732108146,0.0031454320551334,0.0,0.0021205159922247,0.014490192613536,0.0031807739883371,0.0554161512634741,0.0004241031984449,0.0009188902632974,0.0450256229015727,0.0016257289273723
3120536,0.0057216905901116,0.0518939393939394,0.000219298245614,0.0028907496012759,0.0010964912280701,0.0061403508771929,0.0001196172248803,0.0,0.0018141945773524,0.210167464114833,0.0010765550239234,0.000737639553429,0.0006379585326953,0.0038875598086124,0.253129984051037,0.0333732057416268,0.0043660287081339,0.0113835725677831,0.0590909090909091,0.0781299840510367,0.0607655502392345,0.0940191387559809,1.99362041467305e-05,0.0050039872408293,0.0026515151515151,0.0033094098883572,0.0002591706539074,0.0083333333333333,0.0353468899521531,0.0227272727272727,0.0040470494417862
3120543,0.0088919384425804,0.475179589150435,0.0484785683278955,0.0301905815467772,5.60122106619243e-05,0.0026605800064414,0.0001260274739893,2.80061053309621e-05,0.0002100457899822,0.101984232562699,0.0021144609524876,0.0206685057342501,0.000700152633274,0.0035847814823631,0.139176340442216,0.0786411437693417,0.0013722991612171,0.0086538865472673,0.0126307535042639,0.0024505342164591,0.0034587540083738,0.0053771722235447,4.20091579964432e-05,0.0039768669569966,0.0054471874868721,0.0014423144245445,0.0103202498144596,0.0002800610533096,0.0006301373699466,0.0225729208967555,0.000350076316637
3105430,0.857906675307842,0.001296176279974,0.0,0.0,0.0,0.0,0.0003240440699935,0.0089112119248217,0.0686973428386261,0.0,0.0,0.0,0.0003240440699935,0.0,0.0,0.0,0.0,0.0,0.0,0.0017822423849643,0.0,0.0,0.0,0.0,0.0,0.0001620220349967,0.0,0.0179844458846403,0.0298120544394038,0.0008101101749837,0.0
3109359,0.313680575133916,0.0616248472887886,0.0005756037966356,0.0095855652664223,0.0024903674466685,0.0017972934874541,0.0001996992763837,0.0002936754064467,0.0105018325345362,0.116530401278075,0.0377549102527958,0.0052156752184945,0.0173855840616483,0.0240578892961188,0.0743116248472888,0.0622121981016822,0.0028780189831782,0.013603044826614,0.0708580020674749,0.0011394605770134,0.01379099708674,0.0052509162672681,0.0506648811201955,0.0090217084860445,0.0425124518372333,0.0061201954703505,0.0147425054036275,0.0006108448454092,0.0025138614791842,0.0014566300159759,0.0095503242176487
3109361,0.133441663958401,0.271444047232153,0.0015166287509478,0.0440580652150363,0.0057956884411223,0.0674791463546745,0.0003358249377098,0.0008341458130213,0.0013108005633192,0.0644892211028058,0.0120138663200087,0.0053298667533311,0.0056765247535478,0.005806521503629,0.0228902610768064,0.129075939768172,0.0015924601884952,0.011948867944968,0.0289026107680641,0.0005091539378182,0.105189036940743,0.0074856461921785,1.08330625067707e-05,0.0050915393781822,0.0249485429530928,0.0027624309392265,0.0124038565702524,0.0011699707507312,0.0048315458780197,0.0034665800021666,0.0057956884411223
3117618,0.247237033446437,0.111512360639845,9.69461948618517e-05,0.0162384876393602,0.0059621909840038,0.048691226369365,0.0001211827435773,0.0,0.001575375666505,0.125181774115366,0.0275327193407659,4.84730974309258e-05,0.0063984488608822,0.0160445952496365,0.0313378574890936,0.0649054774600097,0.0088705768298594,0.0423412506059137,0.044134755210858,0.0001211827435773,0.0096219098400387,0.0105671352399418,0.0836403296170625,0.0108095007270965,0.0297624818225885,0.004241396025206,0.0021570528356762,0.0,0.0,0.0016480853126514,2.42365487154629e-05
3117621,0.089705951986363,0.176476158909039,7.10260902504853e-05,0.0278422273781903,0.259884464226526,0.0112931483498272,4.73507268336569e-05,0.0,0.0007339362659216,0.0502154458070931,0.0063923481225436,0.0046166958662815,0.0047587480467825,0.0050428524077844,0.0349921871300724,0.059898669444576,0.0074340641128841,0.0115535773474123,0.0232492068753255,0.0003314550878355,0.0153653108575217,0.0065344003030446,0.0209053458970595,0.0069842322079643,0.0078128699275533,0.0019887305270135,0.0283394100099437,4.73507268336569e-05,4.73507268336569e-05,0.0011837681708414,0.0
3105269,0.0707506023095456,0.0002803854781091,1.55769710060646e-05,1.55769710060646e-05,0.0025909695106754,0.0,0.0030530863171886,0.0002336545650909,0.0023625072692531,0.000981349173382,0.0,0.0,1.03846473373764e-05,2.07692946747528e-05,0.0078611780343939,0.0,0.0004621168065132,5.19232366868821e-06,0.0,0.127144429675168,0.0005296170142061,0.0016823128686549,0.0,0.0,5.19232366868821e-06,5.19232366868821e-06,0.0002025006230788,0.0874439229043782,0.50158365871895,5.19232366868821e-06,0.0
3102181,0.0182405165456013,0.209782082324455,0.0005811138014527,0.0020984665052461,0.0001291364003228,3.22841000807103e-05,0.0057142857142857,0.0,0.0025181598062954,0.0351573849878935,0.0031315577078288,0.0,0.0,0.0561097659402744,0.0481033091202583,0.0,0.0108474576271186,0.0003551251008878,0.0,0.221630347054076,3.22841000807103e-05,3.22841000807103e-05,0.0,0.0,3.22841000807103e-05,0.011589991928975,6.45682001614205e-05,0.0612106537530266,0.192090395480226,3.22841000807103e-05,6.45682001614205e-05
3117676,0.004620984332964,0.239784776072163,0.0129925621142586,0.0053647729071055,1.58252888115208e-05,1.58252888115208e-05,0.0001107770216806,0.0,0.001519227725906,0.109590125019782,0.0271245450229467,0.0102547871498655,0.0221554043361291,0.0052856464630479,0.0485678113625574,0.170058553568603,0.0073587592973571,0.022424434245925,0.0672891280265865,0.0014084507042253,0.103101756607058,0.0012660231049216,0.0,0.01446431397373,0.0138629529988922,0.0018040829245133,0.0133881943345466,0.0047792372210792,0.0535211267605634,0.0023579680329166,0.0
3117674,0.25708642771491,0.0937736172270982,0.0008363647356382,0.0185914811717168,0.0054011023891816,0.0069025282399056,0.0002821471397333,0.0004937574945333,0.0187930148429549,0.163252350386441,0.0085248742933725,0.0009673616219429,0.04250345126412,0.0085047209262487,0.0152762522798497,0.0738419371416479,0.0012495087616763,0.042604218099739,0.0302905107870898,0.0146514978990115,0.0366690514817763,0.0250909420691462,0.0206874313525932,0.0102177571317728,0.0136841362770685,0.0165962978264594,0.0012495087616763,0.0023377905863622,0.0028113947137718,0.008897711585163,0.003748526285029
3120611,0.0138482162612419,0.171293584787787,0.0017180117918082,6.50762042351594e-05,0.0284513164916117,0.0040347246625798,0.0002342743352465,0.0,0.0020824385355251,0.0115705491130113,0.0017049965509611,0.00166595082842,0.0002733200577876,0.0107636041804954,0.0281129202295888,0.0062603308474223,0.0099436440071323,0.0045943800190022,0.0079913578800775,0.0008720211367511,0.104603490687595,0.0005466401155753,0.0111800918876004,0.0024468652792419,0.0088763942576757,0.0157093957023675,0.0019392708862077,0.0002212590943995,0.25731131154582,0.0001691981310114,0.260408938867414
3105221,0.0669443617970842,0.599523951204998,0.0120003967073292,0.0147773480115045,0.0,0.0,0.0,0.0001983536645839,0.0030744818010512,0.0,0.0,0.0,0.0,0.0,0.0,0.0,0.0,0.0,0.0,0.0005950609937518,0.0,9.91768322919766e-05,0.116433601110781,0.0,0.0,0.0,0.0,0.11792125359516,0.0581176237230983,0.0033720122979272,0.0
3102120,0.0750740082889284,0.625814091178212,0.0024866785079929,0.0171699230313795,0.0,0.0,0.0002368265245707,0.0,0.0005920663114268,0.0,0.0,0.0,0.0,0.0,0.0,0.0,0.0,0.0,0.0,0.0010657193605683,0.0,0.000947306098283,0.11036116044997,0.0,0.0,0.0,0.0,0.101361752516282,0.0503256364712848,0.00947306098283,0.0001184132622853
3116820,0.189989155870099,0.296775298213572,0.0005707436790137,1.14148735802751e-05,6.84892414816506e-05,4.56594943211004e-05,0.0001712231037041,2.28297471605502e-05,0.0014040294503738,0.0299754580218024,0.0030021117516123,0.0187432224188117,0.0031619199817362,0.0049426402602591,0.0550425204040865,0.0393128246104674,0.0039952057530962,0.0514810798470407,0.0155242280691741,0.0232406826094401,0.0094172707037269,0.0009816791279036,0.0086638890474288,0.0020660921180297,0.0033673877061811,0.0027167399121054,0.164123052337195,0.0044974601906283,0.0164944923234975,0.0156612065521374,0.0023628788311169
3116823,0.014251587717765,0.497348948319058,0.001002155800268,0.0,0.0017013342655712,1.16529744217211e-05,3.49589232651634e-05,9.32237953737692e-05,0.0009788498514245,0.0465885917380411,0.0001165297442172,0.0024704305774048,0.0016780283167278,0.008063858299831,0.0307055876012352,0.079857833712055,0.0025403484239352,0.0004195070791819,0.0186331061003321,0.0074112917322146,0.088632523451611,0.0096370098467633,1.16529744217211e-05,0.0041717648429761,0.0039853172522286,0.0116879333449863,0.0989687117636777,0.0002214065140127,0.0008972790304725,0.0048359843850142,1.16529744217211e-05
3117459,0.831923913774927,0.000314035127072,2.24310805051479e-05,0.0,2.24310805051479e-05,2.24310805051479e-05,0.0651847199479599,0.0002691729660617,0.006527444426998,0.0178775711626029,4.48621610102959e-05,4.48621610102959e-05,0.0001121554025257,0.0003813283685875,0.0004037594490926,0.0004710526906081,0.0008972432202059,6.72932415154438e-05,0.0001121554025257,0.0001794486440411,4.48621610102959e-05,4.48621610102959e-05,2.24310805051479e-05,0.0001345864830308,6.72932415154438e-05,0.000157017563536,2.24310805051479e-05,0.0019290729234427,0.0013907269913191,0.0019515040039478,0.0
3117461,0.0136530554596529,0.212799347164245,0.0102947176799222,0.0634631681365933,9.41590031700198e-05,0.0235397507925049,6.27726687800132e-05,0.0,0.0027933837607105,0.0553968801983616,0.0079721289350616,0.0419635290794388,0.0455101848655096,0.0126800790935627,0.131508741094128,0.0784030633062365,0.0032014061077806,0.0455729575342896,0.0224412290888547,0.0010985217036502,0.0073444022472615,0.0057436991933712,3.13863343900066e-05,0.0166975298954835,0.0244185681554251,0.0132764194469728,0.0362512162204576,3.13863343900066e-05,0.0005021813502401,0.0258937258717554,0.00028247700951
3120790,0.0068375874542176,0.227080474889159,0.0085951762691492,0.0509927541983694,7.9374978738845e-05,0.0033224098243545,0.0002154463708625,0.0,0.012824728707662,0.0483847191826645,0.0071777659345269,0.0058510698613205,0.0067922303235097,0.0099218723423556,0.144247014933835,0.0807810497907902,0.0131649071879713,0.0344487407726587,0.0379412398371679,0.000510267720464,0.0132329428840332,0.0005896426992028,0.0002041070881856,0.0130741929265555,0.0162265135107553,0.0013720532039143,0.0532265928857341,2.26785653539557e-05,1.13392826769779e-05,0.0280874031908741,0.0004082141763712
3120796,0.0191735891855439,0.319498513318824,0.0087208411243601,0.0109891794132974,3.06532201207737e-05,0.0204303712104957,0.000199245930785,6.13064402415474e-05,0.0073567728289856,0.034270300095025,0.003647733194372,0.0098703368788891,0.0068203414768721,0.0084756153633939,0.138399288845293,0.182861784630475,0.0061612972442755,0.0317720626551819,0.0574134812862091,0.0003525120313888,0.0,0.0031266284523189,0.0005517579621739,0.0082457162124881,0.0093798853569567,0.0020537657480918,0.0226987094994329,0.0,0.0,0.0005670845722343,0.0111884253440824
3105328,0.280808314533079,0.481710726750352,0.0020632074198337,0.0463546788530881,0.0001349761863442,1.92823123348952e-05,3.85646246697904e-05,0.0013111972387728,0.009737567729122,0.0001156938740093,0.0,1.92823123348952e-05,9.6411561674476e-05,1.92823123348952e-05,1.92823123348952e-05,3.85646246697904e-05,0.0,0.0,5.78469370046856e-05,0.0010026802414145,9.6411561674476e-05,0.0,0.0280943290719423,1.92823123348952e-05,0.0,7.71292493395808e-05,0.0156186729912651,0.0355758662578816,0.0902219394149746,0.0,0.0
3103944,0.173863317147558,0.421706328504354,0.0031100766483406,0.0048958625948071,4.01300212689113e-05,6.01950319033669e-05,0.0011236405955295,0.004494562382118,0.0014045507444118,8.02600425378225e-05,0.0,0.0,2.00650106344556e-05,0.0,4.01300212689113e-05,4.01300212689113e-05,2.00650106344556e-05,0.0,0.0,0.257293631365625,0.0101930254023035,0.0026686464143826,4.01300212689113e-05,0.0,0.0,4.01300212689113e-05,0.0497010313415466,0.004715277499097,0.0184999398049681,0.0014246157550463,2.00650106344556e-05
3103941,0.0240002920187622,0.0115347411071161,0.000109507035827,0.0,0.646876311803033,0.0,5.47535179135259e-05,0.0007848004234272,0.0016791078826814,0.0076654925078936,0.0038509974265846,0.0038509974265846,0.0055483564819039,0.0113522293807377,0.0164443065466956,0.0211166067419832,0.000109507035827,0.0009490609771677,0.0001277582084648,0.0029566899673304,0.0003102699348433,0.0007117957328758,0.0027559270683141,0.0006387910423244,0.0021171360259896,0.0038692485992225,0.0357175448522568,3.6502345275684e-05,5.47535179135259e-05,0.0360825683050136,9.12558631892099e-05
3116629,0.0219241195102819,0.0376423628004885,0.0005560465093187,0.0041504900159863,0.058791988958505,0.0020454568021368,0.0004269642839411,0.0031774086246785,0.0107336835102422,0.0776280644616775,0.0119649293523051,0.0006751993327441,0.0978443268361947,0.0205141444330808,0.0810040611253984,0.0743315030135735,0.0139210215368728,0.0468270596061999,0.0328067440498059,0.0032767026441997,0.149487146389173,0.0344848129797142,0.0081520390026908,0.0270973379273366,0.0337103196274488,0.0356366236061602,0.0017674335474774,0.0001390116273296,0.0026114327134076,0.0005163289015102,0.0052327948287674
3117758,0.0159589103916353,0.0965330642942309,0.0007337430065119,0.0100431074016326,0.479776208383014,0.0021095111437219,0.0001375768137209,9.17178758139961e-05,0.0009401082270934,0.0318490323764102,0.0037375034394203,0.0138952581858204,0.0234568467394295,0.0148812253508209,0.0533110153168853,0.0699578097771256,0.0027056773365128,0.0090571402366321,0.0133678803998899,0.0008254608823259,0.0442538750802531,0.0068788406860497,0.0,0.0107309914702375,0.0064431807759332,0.0100431074016326,0.0376960469595524,0.0002751536274419,0.0006420251306979,0.0133220214619829,0.0006420251306979
3117756,0.0041786570319515,0.065698952861072,0.0015555068477653,0.0107188562782378,0.506529593517779,0.0045109698585195,0.0004807930256729,0.0,0.0034291855507554,0.0371483317189058,0.0020504408447816,0.0146146938833228,0.0418502046905602,0.0091633494304723,0.0571436651983625,0.0776268621891638,0.0040655292612049,0.0038322032340401,0.0098067636265935,0.0013787447059738,0.0126066759525712,0.0093613230292788,0.0016898460755269,0.0088381070895759,0.0085057942630079,0.006794736730466,0.0259133299866368,0.0008131058522409,0.0073250231558405,0.0158378879045202,1.41409713433216e-05
3120682,0.0393401015228426,0.14591236975688,0.0028853860539674,0.0126369222548758,0.28551963665509,0.0286267699706118,0.0001602992252204,4.00748063051029e-05,0.0009617953513224,0.0297087897408496,0.0058108469142399,0.0039006144803633,0.0554100988511889,0.0094576542880042,0.0330483569329415,0.0297087897408496,0.0382046486775314,0.0334357467272242,0.0370558375634518,0.000400748063051,0.0732033128506546,0.0159096981031258,0.0122762489981298,0.0128372962864013,0.0111942292278921,0.009885118888592,0.0169917178733636,0.0,0.0,0.0009350788137857,0.0074672722415175
3120685,0.0485676104568613,0.107116011024806,0.008686210640608,0.0185417188674518,0.0592583312453019,0.0843564687212896,0.0,0.0,0.0003758456527186,0.0434310532030402,0.0060970516996575,0.0065981792366157,0.0086026893844483,0.0100225507391631,0.0273532113922993,0.122609204042429,0.0441827445084774,0.0330744174392383,0.0641860853587238,0.000542888165038,0.141652050446839,0.0154096717614633,0.0031320471059884,0.0199198195940867,0.0128622734485927,0.0017957070074333,0.0024638770567109,8.35212561596926e-05,0.0,0.0008352125615969,0.0235529942370333
3105257,0.115557553956835,0.0007934828607702,5.28988573846805e-05,0.0074587388912399,0.0032268303004655,0.0,0.0,0.008014176893779,0.0193874312314854,0.0001851460008463,0.0,0.0,0.0,0.0001851460008463,0.000238044858231,0.0,7.93482860770207e-05,0.0,0.0001057977147693,0.0426100296233601,0.0025920440118493,0.0,2.64494286923402e-05,5.28988573846805e-05,0.0,0.0,0.0,0.271900126957258,0.507247143461701,0.0051840880236986,0.0
3116867,0.283441985394925,0.0050921910411012,0.0,0.000629529112224,1.39895358272013e-05,0.000979267507904,4.19686074816038e-05,1.39895358272013e-05,0.0478022439215467,0.0392826166027811,0.0430597912761255,0.0001119162866176,0.0080859517081223,0.0537757757197616,0.0117791891665035,0.0171371813883215,0.0002238325732352,0.0179485744662992,0.0073864749167622,0.0001818639657536,0.0,0.0454939705100585,0.0929324865000979,0.0022802943398338,0.0164237150611343,0.253420441509751,0.0002378221090624,1.39895358272013e-05,6.99476791360063e-05,0.0001259058224448,1.39895358272013e-05
3116870,0.210492559412122,0.064696610967447,0.0012076882663191,0.0032614406288166,0.021410880111353,0.0121792291264388,2.72923901993027e-05,2.72923901993027e-05,0.0010234646324738,0.0497403811382291,0.0274015597600999,0.000545847803986,0.0195140589925014,0.0158978172910938,0.298442286829375,0.0149084681463691,0.0039573965788988,0.0177264074344471,0.0165460115583272,7.50540730480824e-05,0.0014806121683121,0.0686812999365452,0.0073280067685127,0.0095113979844569,0.0176104147761001,0.0338016252618364,0.0001569312436459,3.41154877491284e-05,0.0002115160240445,0.0001432850485463,6.82309754982567e-06
3117696,0.0166712975826619,0.0918156277978451,0.0075947022321015,0.0175974807816986,0.480766262233336,0.0311506282609367,1.54363866506128e-05,1.54363866506128e-05,0.0003859096662653,0.0453366675928499,0.0148034947979377,0.0026859312772066,0.0175357352350962,0.0038282238893519,0.0263962211725479,0.0361674539223859,0.0127813281467074,0.0417091167299559,0.0163934426229508,0.0001389274798555,0.0243431817480164,0.0100645240961996,0.0008953104257355,0.009724923589886,0.0076564477787039,0.0033960050631348,0.0117779630144176,7.71819332530641e-05,0.0005094007594702,0.0017751844648204,0.0029174770769658
3117699,0.0025134564768928,0.0981670737201527,0.0019680838451141,0.0095558769829037,0.603395537429161,0.0241149550660375,0.0,0.0,0.0002134066820003,0.0724397126123349,0.0058568278282313,0.001802100870225,0.0173096530955825,0.0019917956986697,0.0176416190453608,0.0436060986887345,0.0025845920375595,0.0285253598273777,0.0232376164844806,4.74237071111849e-05,0.0030588291086714,0.0003793896568894,7.11355606667773e-05,0.0074218101629004,0.0057856922675645,0.0021340668200033,0.0022052023806701,0.0001659829748891,0.0005453726317786,0.0003793896568894,0.0005927963388898
3120701,0.0072557525940584,0.0706125106764425,0.0024439539623343,0.0143931129546473,0.0711621889032651,0.0367185055517501,0.000439742581458,0.0001860449383091,0.0176573559631631,0.0240251668062004,0.010105622785431,0.0018689059711968,0.0772086493983138,0.0035348538278746,0.0290568367286535,0.108092109157639,0.0119660721685229,0.0298179296581001,0.114163939417003,0.0005750479911374,0.0011670091584849,0.0275177376935502,0.0015644687994181,0.0666294576790048,0.0064608333121918,0.0132007340318475,0.0025792593720137,4.22829405248159e-05,5.91961167347422e-05,0.0014207068016338,0.201427472072118
3120709,0.0057034749464429,0.137439835294772,7.41915440187705e-05,9.27394300234631e-06,0.0001391091450351,0.103506477849187,0.0,9.27394300234631e-06,0.0001576570310398,0.0870637769060271,0.0304463548767029,8.34654870211168e-05,0.0790232683229929,0.013604874384442,0.109293418282651,0.0873698170251046,0.0065474037596564,0.0987489450889835,0.0675977705441022,0.0005193408081313,0.0052675996253327,0.0056014615734171,2.78218290070389e-05,0.0480946684101679,0.0124827272811581,0.0096263528364354,0.0004173274351055,0.0,2.78218290070389e-05,0.0013818175073496,0.0068905396507433
3105275,0.492288106546541,0.0,0.0,0.0,0.0,0.0,0.0,0.0027420065612299,0.0233070557704549,0.0,0.0,0.0,4.89644028791069e-05,0.0,0.0,4.89644028791069e-05,0.0001468932086373,0.0,0.0,0.0247759878568281,0.0,0.0,0.0,0.0,0.0,0.0,0.0,0.145130490133673,0.283356999461392,0.0113597414679528,4.89644028791069e-05
3102168,0.28918193488155,0.0001166997315906,0.0,0.0,0.0,0.0,0.0,0.0012836970474967,0.0075854825533901,0.0,0.0,0.0,0.0,0.0,0.0001166997315906,0.0,0.0,0.0,0.0,0.110281246353133,0.0,0.0,0.0001166997315906,0.0,0.0031508927529466,0.0,0.0,0.402497374256039,0.174582798459564,0.0056015871163496,0.0
3116809,0.0557821460333037,0.17070440675887,4.59995706706737e-05,0.0,0.0315403722898586,0.0,6.13327608942317e-05,3.06663804471158e-05,0.0003679965653653,0.0654113894936981,0.0125578827930939,0.0024073108650985,0.0159005182618296,0.0045999570670673,0.0458615719586617,0.0306357140666687,0.0140298690545555,0.0428869330552915,0.043806924468705,0.0005366616578245,0.338188843570793,0.0366003250636327,0.0073292649268606,0.0112698948143151,0.0151798583213223,0.0021006470606274,0.0010273237449783,0.0,6.13327608942317e-05,0.0037872979852188,0.0243797724554571
3116811,0.0018971372199351,0.0181176604503804,0.0007778262601733,0.0070383790859592,0.62514465671302,0.0011193109597617,0.0,9.48568609967559e-05,0.0004553129327844,0.0761890307525943,0.0013279960539545,0.0010054827265656,0.0053309555880176,0.0013090246817552,0.0143423573827095,0.0017263948701409,0.0146648707100985,0.0053119842158183,0.0070763218303579,0.0002845705829902,0.031169964523534,0.0008916544933695,9.48568609967559e-05,0.002864677202102,0.0026939348523078,0.0022006791751247,0.0069624935971618,3.79427443987024e-05,0.0001327996053954,0.0022955360361214,0.0006639980269772
3117692,0.0025144840161162,0.0296150339675911,0.0004558421315766,0.016189747963415,0.455827426991736,0.0051024909566802,7.35229244478428e-05,0.0,0.0005146604711349,0.0242184513131194,0.001294003470282,0.0027791665441284,0.0267035261594565,0.0059847660500544,0.0397906067111725,0.0428785695379819,0.0121606917036732,0.0219539452401259,0.018983619092433,0.0004117283769079,0.0274240508190454,0.0077199070670235,0.0006175925653618,0.0122636237979002,0.0050142634473428,0.0004264329617974,0.0313648795694498,0.0004558421315766,0.0027350527894597,0.0057347881069317,0.0001911596035643
3120666,0.0447170877391234,0.0149056959130411,0.0002959614711975,0.0068340194258347,0.192832351279361,0.0087174106061829,0.0,0.0001614335297441,0.0001883391180348,0.0195603626873302,0.0039013103021497,0.002582936475906,0.0174348212123658,0.007156886485323,0.0253181585815374,0.0581967874727581,0.0903489654801302,0.0486183980412732,0.106815185514031,0.000941695590174,0.204347943067775,0.0160895417978314,0.0019910135335109,0.0157128635617618,0.0118384588479027,0.0005650173541044,0.000941695590174,2.6905588290688e-05,0.0,0.0003497726477789,0.0032555761831732
3120672,0.0025927403270841,0.037445153570004,9.97207818109294e-05,0.0142102114080574,0.459463502193857,0.0082269644994016,0.0,0.0,9.97207818109294e-05,0.016204627044276,0.0023932987634623,0.0008476266453929,0.0286198643797367,0.0043378540087754,0.0248803350618269,0.0800259274032708,0.0215396888711607,0.0244814519345832,0.0278719585161548,0.0001495811727163,0.0807239728759473,0.0193458316713203,4.98603909054647e-05,0.0094236138811328,0.0066314319904268,0.0004487435181491,0.0206920622257678,0.0,0.0,0.0067810131631432,0.0021439968089349
3105301,0.142556390977444,0.332731829573935,0.0030075187969924,0.0,0.0,0.0,0.0004010025062656,0.0023057644110275,0.0247619047619048,0.0391979949874687,0.0010025062656641,0.0,0.0,0.0144360902255639,0.0,0.0,0.0,0.0,0.0,0.152982456140351,0.0,0.0,0.0,0.0,0.0,0.0,0.0,0.0430075187969925,0.0820050125313283,0.1468671679198,0.0
3102157,0.0967672875187326,0.305287946906444,0.00139156497538,0.0,0.0,0.0,0.0026760864911153,0.0011774780560907,0.0020338257332477,0.0268679083707985,0.0010704345964461,0.0,0.0,0.0220509526867908,0.0001070434596446,0.0,0.0,0.0,0.0,0.314600727895526,0.0,0.0080282594733461,0.0,0.0002140869192892,0.0,0.0,0.0,0.0774994647827018,0.037037037037037,0.0431385142367801,0.0
3116815,0.25029050009866,0.107408300629234,0.0002959812325974,0.0065773607243866,0.0,0.0052070772401394,0.0002740566968494,0.0,0.0060182850628137,0.150818881410186,0.0164434018109667,0.0022143781105435,0.0291267457411589,0.0077064743154063,0.0682072307118897,0.019699195369538,0.0184494968319046,0.0452851285874022,0.113821227335511,0.0189756856898555,0.0001644340181096,0.0260244239328232,1.09622678739778e-05,0.0109951546775997,0.0475104689658196,0.0112144000350793,0.0067417947424963,0.0012168117340115,0.0033763785051851,0.0114555699283068,0.0010852645195238
3116818,0.015898952173462,0.428636269322544,0.0004149808071376,0.0527414669571532,3.89044506691566e-05,0.0388266417678182,1.29681502230522e-05,1.29681502230522e-05,0.0003631082062454,0.0336523498288204,0.0065489158626413,0.0098557941695196,0.0036181139122315,0.0054206867932358,0.123366013071895,0.119332918352526,0.0309160701317564,0.0044221392260607,0.0248080713766988,0.0024120759414877,0.0002074904035688,0.0013486876231974,2.59363004461044e-05,0.0073140367258014,0.0157433343707854,0.0184536777674033,0.0194262890341322,0.0007262164124909,0.0033717190579935,0.0026584707957257,0.0102707749766573
3117777,0.0447770333990618,0.417261693345907,0.001016546436576,0.0774902325809257,2.44950948572548e-05,0.0126272213989149,8.57328320003919e-05,0.0,0.0006491200137172,0.0458303224779238,0.0057808423863121,0.0018248845668654,0.0275569817144117,0.0030986294994427,0.10662714791363,0.0843243640460998,0.0180038947200823,0.0101164741760462,0.039841271785325,0.0031598672365858,0.0003674264228588,0.0032088574263003,0.0020085977782949,0.0200614826880917,0.0145255912503521,0.0080343911131795,0.022976398976105,0.0001102279268576,0.0005143969920023,0.0137050055726341,0.0012247547428627
3117775,0.0373642864799473,0.486424819686691,0.0041345726842564,0.0156194968071911,7.65661608195642e-05,0.0303814526132031,0.0,0.0,0.0004134572684256,0.0629986371223374,0.0088204217264137,0.0111480330153285,0.0053290047930416,0.0053136915608777,0.130928135001455,0.0599206774573909,0.0095401436381177,0.0301823805950722,0.0187587094007932,0.0002909514111143,0.0001378190894752,0.0011178659479656,0.0004747101970812,0.0407025710916803,0.0083150850650046,0.0042417653094038,0.0098770347457237,1.53132321639128e-05,0.0001837587859669,0.0090960599053642,0.001577262912883
3105422,0.07319938957598,0.629144002022264,0.0099053468275739,0.115147316287648,5.61739895703626e-05,0.0019052344795948,4.68116579753022e-06,0.0,0.0004213049217777,0.0074383724522755,0.0001966089634962,0.0,0.0,0.0026963514993774,9.36233159506043e-05,4.68116579753022e-06,4.68116579753022e-06,9.36233159506043e-06,0.0,0.0001732031345086,0.0,0.0,0.0025559165254515,0.0,0.0,9.36233159506043e-06,9.36233159506043e-06,0.0137158157867635,0.0251659473275224,1.87246631901209e-05,0.0
3102273,0.098459294375057,0.515726137296016,0.056705260278968,0.0222445072476981,9.11660133102379e-05,0.0004558300665511,0.0001823320266204,0.0001823320266204,0.0141307320630869,0.0420275321360197,0.0013674901996535,0.0,0.0,0.0329109308049959,0.0,0.0,0.0,0.0,0.0,0.0493208132008387,0.0073844470781292,0.0018233202662047,0.0165010484091531,0.0,0.0,0.0,0.0,0.0032819764791685,0.0051052967453733,0.0507794694138025,0.0
3116831,0.0654427541647581,0.313700908893657,0.0544010222040068,0.0,1.20542925335712e-05,0.0025193471395163,0.0001567058029364,0.0,0.0012898093010921,0.0465657320571856,0.0038814821958099,0.0348730682996215,0.0472046095614648,0.0050628028640999,0.0959160056896261,0.0885146700740134,0.0139829793389426,0.014392825285084,0.0223245497721739,0.0019769039755056,0.0176113213915475,0.0132597217869283,0.0106318860146098,0.0079437787796234,0.0119216953157019,0.0095952168567226,0.0866221461462427,0.0003375201909399,0.0010125605728199,0.013127124569059,1.20542925335712e-05
3116828,0.0174070754028644,0.402405720361067,0.0717338280973129,0.0197002230607267,0.0,0.0418812149513227,8.33871875586316e-05,0.0028768579707727,0.0002918551564552,0.0205757885300923,0.0003335487502345,0.003835810627697,0.0046071421126144,0.0018762117200692,0.0695240676270091,0.0377952427609498,0.0209093372803269,0.124580458212596,0.0172194542308574,0.0005837103129104,0.0100481561008151,0.0043986741437178,0.0080468635994079,0.006149805082449,0.0034397214867935,0.0010631866413725,0.102649627884676,0.0006879442973587,0.0009589526569242,0.0018136713294002,0.0
3117815,0.0175039952057531,0.535607271274471,0.049865161805833,0.0233220135836996,4.99400719137036e-05,0.0044196963643627,4.99400719137036e-05,0.0,0.0013983220135837,0.0162554934079105,0.000324610467439,0.0013983220135837,2.49700359568518e-05,0.0054434678385936,0.154514582500999,4.99400719137036e-05,0.0497153415900919,0.0057930483419896,0.0049690371554135,0.0041699960047942,0.0032960447463044,0.0004744306831801,0.0031462245305633,0.0018977227327207,0.0033459848182181,0.005543347982421,0.0977576907710747,0.0005493407910507,0.0009488613663603,9.98801438274071e-05,0.0
3117813,0.0266660885400859,0.431004205870875,0.0547196808741274,0.0389043055977106,0.000119238607293,0.0190239777999393,2.16797467805576e-05,0.0,0.0007262715171486,0.0214195898191909,0.0069808784633395,0.001051467718857,0.0406386853401552,0.0031002037896197,0.0823505181459481,4.33594935611152e-05,0.0344057581407449,0.0169644018557863,0.0264818106924511,0.0022113341716168,2.16797467805576e-05,0.0079781468152452,0.033007414473399,0.0103737588344968,0.0081190651693188,0.0043793088496726,0.0801066643541603,0.0002167974678055,0.002644929107228,0.0015067424012487,0.0099293240254953
3120725,0.0173401662468807,0.282753485774781,0.0346279804319627,0.0050141641411644,8.14365405757563e-05,0.0149145207168742,0.000226858934461,2.90844787770558e-05,0.0066196273696579,0.029596365603532,0.0070791621343353,0.0044906435231774,0.133742067208414,0.0057819943808787,0.0849092273417368,0.10433765916481,0.0266239318725169,0.0455055754945816,0.0196262062787573,0.0127622692873721,0.0047931221024588,0.0012273650043917,0.0002384927259718,0.0113952987848505,0.0191201363480365,0.0160662660764456,0.0685986516435639,7.56196448203452e-05,0.0001105210193528,0.0124888751868678,3.4901374532467e-05
3105507,0.499460742018982,0.195966350301984,0.0005392579810181,0.0,0.0010785159620362,0.0,0.0006471095772217,0.0025884383088869,0.0131578947368421,0.0011863675582398,0.0,0.0001078515962036,0.0003235547886108,0.0010785159620362,0.0,0.0,0.0,0.0,0.0,0.0038826574633304,0.0033433994823123,0.0,0.0,0.0001078515962036,0.0,0.0001078515962036,0.0002157031924072,0.159943917169974,0.072260569456428,0.0001078515962036,0.0
3103181,0.114159891598916,0.357554200542005,0.0018631436314363,0.0015243902439024,0.0042344173441734,0.046070460704607,0.0,0.0032181571815718,0.0015243902439024,0.0047425474254742,0.002710027100271,0.0,0.0,0.0096544715447154,0.0301490514905149,0.0,0.0035569105691056,0.0,0.0193089430894309,0.0011856368563685,0.0011856368563685,0.0,0.0049119241192411,0.0,0.0,0.0,0.0067750677506775,0.104336043360434,0.0630081300813008,0.0018631436314363,0.0
3116980,0.467608951707892,0.0014396021463159,0.0005398508048684,0.0,0.0,0.0005071325742703,0.0006052872660646,8.17955764952231e-05,0.0053167124721895,0.156916633948436,0.177627273917027,0.0,0.0003108231906818,0.0409632247088077,0.0212014134275618,0.0019630938358853,0.0001635911529904,0.0369388823452428,0.0116967674388169,1.63591152990446e-05,4.90773458971339e-05,0.0016849888758016,0.0002781049600837,0.0215285957335427,0.0096845962570344,0.013561706582908,1.63591152990446e-05,6.54364611961785e-05,3.27182305980893e-05,4.90773458971339e-05,1.63591152990446e-05
3116983,0.108171251679224,0.26090765726301,0.0012849716722154,5.84078032825185e-05,0.000116815606565,0.0,0.0007008936393902,0.0004672624262601,0.0179896034110157,0.0561298989545003,0.009578879738333,0.006308042754512,0.0036212838035161,0.0665848957420711,0.0232463057064424,0.0092868407219204,0.0367385082647042,0.009695695344898,0.0214356638046843,0.0138426493779569,5.84078032825185e-05,0.0041469540330588,0.0021610887214531,0.0050814788855791,0.0120904152794813,0.108521698498919,0.0259330646574382,0.0033292447871035,0.0418783949535658,0.0007008936393902,0.0018690497050405
3119527,0.069196174427872,0.360839121029261,0.00199248548332,0.0056074234316292,2.84640783331436e-05,0.0438631447113742,0.0007116019583285,5.69281566662871e-05,0.0053227826482978,0.0358078105430946,0.0147728566549015,0.0001138563133325,0.0039849709666401,0.0208926334965274,0.0433223272230445,0.0180746897415462,0.0140327906182398,0.0167938062165547,0.0278663326881476,0.0001707844699988,2.84640783331436e-05,0.0246783559148355,0.0342422862347717,0.0167084139815553,0.0149151770465672,0.0212911305931914,0.0017647728566549,0.0619378344529204,0.086445405897757,0.0001138563133325,0.0002277126266651
3119530,0.106578906708693,0.157720713204166,0.0005871264794042,0.0063656870924878,0.0,0.0077562498068662,0.0060875745496121,3.09013936528537e-05,0.0371125737770773,0.0550662834893854,0.0155124996137326,0.002101294768394,0.0077871512005191,0.0335589135069992,0.111275918543926,0.013936528537437,0.0101047557244832,0.0465993016285034,0.0140910355057013,0.0272859305954699,0.0,0.0974938969747536,0.0566113531720281,0.0565804517783752,0.0229597354840703,0.0343932511356262,0.0003090139365285,0.002317604523964,0.0049133215908037,0.0295417323321282,0.0001545069682642
3120831,0.0047701784868109,0.379908387300584,0.0030169009635128,0.0258726899383984,0.121876480808719,0.0078028747433264,0.0004264729110725,7.8976465013426e-05,0.001500552835255,0.0732111830674459,0.0021481598483651,0.0007581740641288,0.0029853103775075,0.0109303427578582,0.146011688516822,0.0117043121149897,0.010488074553783,0.0017216869372926,0.0070289053861949,0.0015321434212604,1.57952930026852e-05,0.008276733533407,0.0001895435160322,0.0133628178802717,0.0086874111514768,0.0236929395040278,0.0907281630074238,0.0007265834781235,0.0014057810772389,0.0008371505291423,3.15905860053704e-05
3120838,0.0006195827273379,0.254165878600917,0.0061306080389228,0.0315334998597786,0.0105981255992017,0.0122807818481827,0.0001695700095872,7.17411579022885e-05,0.0030392163256787,0.0602560507144767,0.0019239674164704,0.0,5.86973110109634e-05,0.0300073697734936,0.0284486300699802,3.91315406739756e-05,0.0003782715598484,0.0018196166413398,0.0003195742488374,0.0003782715598484,0.0008478500479361,0.0001043507751306,6.52192344566259e-06,0.0009326350527297,0.0026022474548193,0.0120786022213671,0.0005413196459899,0.0036979305936906,0.0133895088339453,0.0015587397035133,0.449712709272219
3105508,0.208494715420469,0.367032101358892,0.0015098798660802,0.0479222740103722,0.0077463401824985,0.0,0.0005251756055931,0.0,0.002363290225169,0.0001312939013982,0.0,0.0,0.0,0.0,0.0,0.0,0.0,0.0,0.0,0.0001969408520974,0.0001312939013982,0.0,0.0430643996586359,0.0,0.005186109105232,0.0001312939013982,6.564695069914e-05,0.202914724611042,0.0926934943871857,0.0183154992450601,0.0
3109501,0.304989278970781,0.417992127244215,9.60092168848209e-05,9.60092168848209e-05,0.0002560245783595,0.0,0.0009920952411431,0.0,0.0114250968092937,0.0001280122891797,3.20030722949403e-05,0.0,9.60092168848209e-05,0.0,9.60092168848209e-05,0.0,0.0,0.0,0.0,0.0391077543444171,0.0001280122891797,9.60092168848209e-05,0.0,0.0,0.0,3.20030722949403e-05,0.0,0.0984734534515313,0.120011521106026,0.0007360706627836,0.0
3109499,0.3534315404819,0.510106200753683,0.0,0.0,0.0,0.0,0.0012561379467854,0.0,0.0017129153819801,0.0089071599862966,0.0001141943587986,0.0,0.0001141943587986,0.0036542194815576,0.0001141943587986,0.0,0.0,0.0,0.0,0.0459061322370675,0.0069658558867192,0.0013703323055841,0.0001141943587986,0.0001141943587986,0.0,0.0,0.0,0.0155304327966198,0.0236382322713258,0.0,0.0001141943587986
3117180,0.124221726605334,0.355032060217452,0.0004414087910045,0.0,2.32320416318186e-05,0.0156583960598457,0.000371712666109,2.32320416318186e-05,0.0036241984945637,0.148220425611003,0.0027878449958182,0.0305733667874733,0.0753415110119877,0.0145200260198866,0.0922776693615835,0.00076665737385,0.00485549670105,0.012429142273023,0.0018353312889136,0.0116624848991729,0.0014868506644363,0.0099200817767865,0.0,0.0081776786544001,0.0551064027506737,0.0047625685345228,0.0,0.0006272651240591,0.0022070439550227,0.0098968497351547,0.0
3117182,0.0242329863672377,0.0782722727645275,0.0001639209900827,0.0006010436303035,0.462748955003688,0.0026500560063382,0.0003551621451793,0.0,0.0022675736961451,0.0472912056388821,0.0042073054121246,0.0532743217769035,0.0125399557413327,0.0090429746195667,0.0664972816435811,0.0507608665956342,0.0007649646203863,0.0179493484140644,0.0093434964347184,0.0019943720460071,5.46403300275934e-05,0.0132776001967052,0.0002185613201103,0.0041526650820971,0.0145616479523536,0.0009835259404966,0.0937354861623364,0.0,0.0021582930360899,0.0034696609567521,5.46403300275934e-05
3117842,0.0041774584342885,0.229032142558753,0.0003819390568492,0.030304477041882,0.197927980616593,0.0240502249859757,4.77423821061552e-05,0.0,0.000155162741845,0.0829643245049712,0.0336703149803659,0.0212334244417125,0.0439587983242424,0.0085339508014752,0.0639151140446153,0.031677070527434,0.0069107098098659,0.0198369597651075,0.0427294319850089,5.9677977632694e-05,0.0002387119105307,0.0020887292171442,0.0005012950121146,0.0077342659011971,0.011231395390473,0.0089397610493775,0.108255851425707,9.54847642123104e-05,0.000179033932898,0.000644522158433,0.0074716827996132
3117844,0.0366598778004073,0.216643382538587,0.0045614448502802,0.0092912086987258,0.44713941862618,0.0026762720708286,5.04956994495969e-05,8.41594990826615e-05,0.0001514870983487,0.0787396273417381,0.0046287724495463,0.0181784518018549,0.0186497449967178,0.0082139671104677,0.0288667081853529,0.0234468364444295,0.0009257544899092,0.0062782986315665,0.0228240561512178,0.000286142296881,1.68318998165323e-05,0.001329720085506,0.0001346551985322,0.0065981047280806,0.0088535793034959,0.0037535136590867,0.0473144703842723,1.68318998165323e-05,0.0001009913988991,0.0011445691875242,0.0
3105450,0.0532544378698225,8.9653935807782e-05,0.0,0.0,0.0,0.0,0.0,0.0020620405235789,0.0166756320602474,8.9653935807782e-05,0.0,0.0,0.0002689618074233,0.0,0.0,0.0001793078716155,0.0,0.0,0.0,0.0164066702528241,0.0,0.0002689618074233,0.0,0.0,0.0,0.0,0.0,0.253720638336023,0.541330464407388,0.019723865877712,0.0
3102455,0.215290468605918,0.0002179562410931,1.67658646994719e-05,0.0,8.38293234973594e-05,1.67658646994719e-05,0.0001844245116941,0.0006538687232794,0.0069913655796797,0.122910554111828,0.0025484114343197,1.67658646994719e-05,3.35317293989438e-05,0.0195825299689832,0.0312180400704166,5.02975940984156e-05,5.02975940984156e-05,5.02975940984156e-05,8.38293234973594e-05,0.0128426523597955,3.35317293989438e-05,0.0,0.0,8.38293234973594e-05,5.02975940984156e-05,1.67658646994719e-05,0.0,0.0956660239751865,0.428954648335988,0.0011233129348646,0.0
3109352,0.289059796797836,0.0434871504513856,0.0001100940517756,0.0015884998899059,0.0001887326601868,0.000534742537196,6.29108867289484e-05,0.110691705199585,0.0217042559214872,0.03051178006354,0.0012896731779434,0.0002988267119625,0.0034286433267276,0.0019974206536441,0.0244408794941965,0.0048598659998112,0.0036016482652323,0.0047025887829889,0.0034129156050454,0.170252587210217,0.0006605643106539,0.0140763109056022,0.0021546978704664,0.0014784058381302,0.0024849800257934,0.0016356830549526,0.0055518857538297,0.0288131861218584,0.181812462646661,0.0019345097669151,0.000267371268598
3109355,0.325859602999413,0.0582603735211687,0.0004877766478996,0.0060434699934687,0.0006035202592656,0.0035467149482874,0.0035467149482874,0.0409070992170771,0.0290764486553073,0.036583248592475,0.003745132567772,0.0121944161974917,0.0040840960010582,0.0045388030457104,0.0235207553097382,0.0482237489355721,0.0023727440330034,0.0094744413303901,0.0096728589498747,0.136395578594046,0.0016700149639954,0.0022900700248848,0.0006613920649487,0.0025876964541117,0.0118058483593343,0.0021495242110832,0.0084327488280959,0.0398654067147829,0.12422596459899,0.006903279677902,0.0008267400811858
3117015,0.0229277621270383,0.310234212744957,0.008094973713612,0.0032900824576916,0.0001919214766986,0.0279862639057391,0.0018986517516261,0.0002604648612339,0.0048323086097345,0.0681732502587513,0.004825454271281,0.0149150404748686,0.0175128347487542,0.0116318123556305,0.0555407044889063,0.0234829635417738,0.0361977613730611,0.0477815933595169,0.03448417675968,0.0100621688497735,0.0110423392486274,0.004119457410568,2.74173538140966e-05,0.0207823541910852,0.0050379387633402,0.046397016991905,0.0262178445847299,0.0245042599713489,0.0825330893188844,0.0009184813527722,0.0052092972246783
3119443,0.0127086967356093,0.0793670570645402,0.0161973585846001,0.021679541490157,0.0,0.0006229753301769,0.0271617243957139,0.0,0.0139546473959631,0.0414901569897832,0.000996760528283,0.0215549464241216,0.0024919013207077,0.0277846997258909,0.204585098430102,0.166209818091204,0.0021181161226015,0.0021181161226015,0.0006229753301769,0.0195614253675554,0.0019935210565661,0.0333914776974832,0.0004983802641415,0.0078494891602292,0.0051083977074507,0.0163219536506354,0.0044854223772738,0.002616496386743,0.0210565661599801,0.160478445053576,0.0488412658858709
3120848,0.0042553191489361,0.149292903554593,0.0110714740731303,0.0167664670658683,0.0002930309593578,0.0048541215441457,3.82214294814626e-05,0.0002675500063702,0.0012358262199006,0.0292266530768251,0.0034144477003439,0.0231239648362849,0.0038476239011339,0.0326283603006752,0.138820231876672,0.168900496878583,0.0088546311632055,0.0081284240030577,0.0495094916549879,0.00113390240795,0.0134794241304625,0.0106255573958466,0.004548350108294,0.0149318384507581,0.0111606574085871,0.0145368836794496,0.0226780481590011,0.0015925595617276,0.0044719072493311,0.0108421454962416,0.0012867881258759
3120844,0.0069183571249687,0.068870523415978,0.0103618832957676,0.009610568494866,0.0,0.0539068369646882,0.0,0.0,0.0003130478337089,0.0352491860756324,0.0128662659654395,0.0041009266215877,0.0779802153769096,0.0063861758076634,0.104495366892061,0.0745679939894816,0.0365013774104683,0.0432319058352116,0.0438580015026296,0.0003130478337089,0.0146819434009517,0.0344665664913599,0.0017530678687703,0.0546894565489607,0.0237290257951415,0.0025982970197846,0.0010330578512396,0.0,0.0,0.0,0.0600112697220135
3102134,0.0201540571910942,0.266751081565896,0.00147726073652,0.102353065316028,0.0001055186240371,0.0,0.0,0.0,0.0049593753297457,0.0,0.0,0.0,0.0,0.0,0.0001055186240371,0.0,0.0,0.0,0.0,0.577081354859133,0.0007386303682599,0.0,0.0,0.0,0.0,0.0,0.0247968766487285,0.0,0.0,0.0001055186240371,0.0
3103234,0.0637532844696446,0.235237173281704,0.0002765869174388,0.164707509334808,0.0,0.0,0.000691467293597,0.0002765869174388,0.0001382934587194,0.0,0.0,0.0,0.0,0.000691467293597,0.0004148803761582,0.0,0.0,0.0024892822569492,0.0011063476697552,0.43285852579173,0.0002765869174388,0.0040105103028626,0.0,0.0,0.0,0.0,0.0186696169271193,0.0,0.0033190430092656,0.0044253906790208,0.064583045221961
3103232,0.109158580353582,0.405343612920378,0.000611458194869,0.0996942709025655,3.98777083610262e-05,2.65851389073508e-05,0.0035757011830386,0.0007310913199521,0.000611458194869,0.0165625415392795,0.0001595108334441,0.0,1.32925694536754e-05,0.0052904426425628,0.0014621826399042,0.0,0.0,0.0012495015286454,0.0042934999335371,0.172351455536355,5.31702778147016e-05,0.0027515618769108,0.0,7.97554167220524e-05,0.0002791439585271,0.0,0.092463113119766,0.002126811112588,0.0067526252824671,0.0013425495148212,0.0666356506712748
3109316,0.0251317699182645,0.359789168130777,0.0018333206019402,0.0374302956229471,0.0,0.0,0.0,0.0,0.0006874952257275,0.411656863494003,0.0070277289741043,0.0097013215186005,0.001298602093041,0.0104652051027423,0.0208540218470705,0.0040485829959514,0.0003819417920708,7.63883584141777e-05,0.0023680391108395,0.0059582919563058,0.0,0.0016805438851119,0.0,0.0020624856771828,0.0019097089603544,0.001756932243526,0.0559926667175922,0.0048888549385073,0.0029027576197387,0.027958139179589,0.0
3117032,0.0235623956096397,0.230911476974469,0.0007158196134574,0.0067406346933906,0.0,0.0,0.0,0.000536864710093,0.0038177046051061,0.172214268670962,0.0007158196134574,0.0899546647578144,0.213135289906943,0.0032808398950131,0.109759007396803,0.0045335242185635,0.0040563111429253,0.0119899785254116,0.0223097112860892,0.0328083989501312,0.0,0.0037580529706514,0.0,0.0047721307563827,0.0051896921975662,0.007993319016941,0.0063230732522071,0.0,0.0038177046051061,0.0233237890718206,0.0002386065378191
3117030,0.0340672203333148,0.281344406666295,0.0033331475391561,5.57382531631459e-05,1.11476506326292e-05,0.0168663954071679,0.0006577113873251,2.22953012652583e-05,0.0017278858480575,0.217122791371718,0.0133437378072571,5.57382531631459e-05,0.0176244356501867,0.0100217379187336,0.0860710105345299,0.0017613287999554,0.0037344629619307,0.0204559389108745,0.0149155565464578,0.0004682013265704,0.0836296750459841,0.0152499860654367,1.11476506326292e-05,0.0115712613566691,0.0179923081210635,0.0094866506883674,0.0633743938464968,0.0050610333872136,0.0179031269160025,0.0346246028649462,0.0007357449417535
3119478,0.0070099307352082,0.525327547358758,0.0036301427021614,0.0184149767726501,4.17257781857632e-05,0.0027399927675317,1.39085927285877e-05,0.0,0.0009736014910011,0.140282066260536,0.0053130824223205,0.003338062254861,0.0823388689532393,0.0025591810620601,0.050738546273888,0.0028095357311747,0.0009318757128153,0.0063562268769645,0.0063840440624217,0.0023088263929455,0.0283874377590475,0.0009457843055439,0.0,0.0140476786558736,0.0069682049570224,0.0128376310884865,0.0435895296113939,9.73601491001141e-05,0.000403349189129,0.0286934267990765,5.56343709143509e-05
3119475,0.0735916070160101,0.336090923993224,0.0018250368832304,0.0561390087973335,8.74269165619365e-05,0.0097918146549368,0.0001420687394131,1.09283645702421e-05,0.0035954319436096,0.0849461778044916,0.002753947871701,0.0026337358614283,0.0662914594830884,0.0141850172121742,0.0175728102289492,0.0081634883339708,0.0035080050270477,0.0608491339271078,0.0047756953171957,0.003792142505874,0.0523359379268892,0.011376427517622,0.0,0.0066007322004262,0.0109174362056718,0.0081416316048303,0.107349325173488,0.0025025954865854,0.0059778154199224,0.0025353805802961,0.0246981039287471
3120803,0.0887651276355975,0.422283558444528,0.0017802021917718,0.0178673504385177,8.16606509987098e-05,0.0001306570415979,0.0003593068643943,0.0064675235590978,0.0148949027421647,0.0573584412614937,0.0006696173381894,0.0079537474072743,0.0003919711247938,0.0210521158274674,0.0422838850871319,0.0009145992911855,0.0130820362899933,0.0346567802838524,0.0061245488249032,0.0413202894053471,0.0136536608469843,0.0010779205931829,0.0,0.0208724623952702,0.0207254732234725,0.0067288376422936,0.151774485946202,0.0,3.26642603994839e-05,0.0001306570415979,0.0
3120810,0.0461940234609127,0.500271141935668,0.002968290664155,0.0214130776036761,4.28118845791592e-05,0.0200002854125639,0.0001070297114478,0.0004709307303707,0.0030610497474098,0.0710962696577903,0.0049447726688928,0.018430516311328,0.0130861660530297,0.0039815052658618,0.0527870536861033,0.0073779147758084,0.0194223249707452,0.0088977366783685,0.0138781859177441,0.0004495247880811,0.0075063504295459,0.0065359477124183,0.0007278020378457,0.0060792876102406,0.0126009646944659,0.0126223706367554,0.131218426235123,0.000135570967834,0.0003567657048263,0.0005351485572394,2.14059422895796e-05
3102061,0.178517179023508,0.0582278481012658,7.23327305605787e-05,0.0,0.0096925858951175,0.0,0.001880650994575,0.0,0.0013743218806509,0.0001446654611211,7.23327305605787e-05,0.0,0.0,0.0001446654611211,0.0,0.0,0.0,0.0,0.0,0.0591681735985533,0.0002893309222423,0.0,0.0,0.0,0.0,0.0,0.0,0.330849909584087,0.154068716094033,0.194792043399638,0.0
3109364,0.317197115066499,0.123880103222391,0.0032554754185138,0.0046714748891682,0.091431218156554,0.0032157744987758,0.0003043737179911,0.0002382055184278,0.0044597366505657,0.0226824588102958,0.002977568980348,0.0073579037914378,0.0030702044597366,0.0046714748891682,0.0268245881029577,0.0201945345067161,0.0023423542645404,0.0061007079997353,0.0134321445113478,0.0235691126844439,0.0033745781777277,0.008628333223053,0.0137497518692516,0.0016277377092569,0.0015218685899556,0.00901210878052,0.0416991993647853,0.0312181565539602,0.128445708992258,0.0080989876265466,0.000926354793886
3109367,0.163966844395982,0.307373148396278,0.0118558082371531,0.0203942079340584,0.002254728924291,0.0025689124629217,0.0007669774619514,0.0008131809235147,0.0002587393847547,0.0249406285518911,0.0004527939233207,0.0192853248565383,0.0217895524732713,0.0066625391574336,0.0350591866342626,0.0015616770008409,0.0039365349251966,0.0010072354620808,0.057430902723232,0.0502416441039763,0.0068565936959997,0.0047219937717733,0.0093885433896707,0.0033913340787491,0.0029662622323664,0.0054242863875361,0.0763281185026382,0.0206621880111258,0.0665976694973987,0.0100815953131209,0.0120683441603445
3117054,0.0849907970327402,0.45806235707513,0.0152936583189246,8.92408946399688e-05,3.34653354899883e-05,0.008377488984327,0.0001896369011099,0.0013832338669195,0.0050198003234982,0.192570695521223,0.0029003290757989,0.0004127391377098,0.0019632996820793,0.0132968933013553,0.0334988008254783,0.0014501645378994,0.0029226392994589,0.0023760388197891,0.0107312175804562,0.0097049472920966,0.0046963020804283,0.0044955100674884,0.0,0.0022087121423392,0.0023983490434491,0.0014390094260695,0.0737687545317642,0.0036142562329187,0.0168999944224441,0.0188632941045234,0.0058452785989179
3117052,0.0024455192652573,0.846530079886963,0.0316830607032227,0.0,0.0,0.0321721645562741,0.0,0.0003260692353676,0.0,0.0123362860714092,0.0008151730884191,0.0070104885604043,0.0056518667463724,0.0020107602847671,0.0060866257268626,0.000217379490245,0.0053257975110048,0.0003804141079289,0.0090755937177327,0.0,5.43448725612738e-05,0.0008151730884191,0.0,0.0013042769414705,0.0011412423237867,0.0007608282158578,0.0130427694147057,0.000597793598174,0.0017390359219607,0.0001086897451225,0.0098364219335905
3119452,0.0192765234280165,0.527045399368779,0.0051711580480699,0.0186938577324593,4.85554746297645e-05,0.0333090555960185,0.0,0.0001456664238892,0.0008982762806506,0.0248361252731245,0.0012381646030589,0.0128429230395727,0.0039572711823258,0.0014809419762078,0.0417819859189124,0.0221412964311726,0.0027433843165816,0.0026948288419519,0.0342073318766691,0.0029133284777858,0.0048555474629764,0.0017237193493566,0.0015294974508375,0.0005341102209274,0.0010682204418548,0.0052682689973294,0.101553775188152,4.85554746297645e-05,0.0001213886865744,0.0003884437970381,0.0917941247875698
3119451,0.0568437038779919,0.352377489251567,0.0070586725417638,0.0408012662830742,3.20848751898355e-05,0.0616457401980706,0.0,3.20848751898355e-05,1.06949583966118e-05,0.054223439070822,0.004021304357126,0.0102885499775406,0.0252507967744005,0.0022780261384783,0.0231225000534748,0.0423948150841693,0.0064062800795704,0.0096468524737438,0.0299993583024962,6.4169750379671e-05,0.006224465786828,0.0004812731278475,0.0031015379350174,0.0036790656884344,0.0040961690659023,0.0060212615772924,0.0708968792111399,0.009999786100832,0.0276678573720348,0.0004812731278475,0.0277748069560009
3106454,0.0729929714593031,0.246555273260019,0.0065834616026556,0.0240713610147803,0.0,0.0418559798230811,1.85449622610018e-05,1.85449622610018e-05,0.00018544962261,0.0799844222317008,0.0074921647534447,0.0200285592418819,0.0423010589173451,0.0041911614709864,0.0438217458227472,0.0299501140515179,0.0110157075830351,0.0264080262596666,0.0426905031248261,0.000129814735827,0.0067689112252656,0.0013166923205311,0.000407989169742,0.0078816089609257,0.0065834616026556,0.0099030098473749,0.103907423548393,1.85449622610018e-05,0.0,0.0012054225469651,0.0131483782430503
3106453,0.0833017009200513,0.302035319848887,0.0044195000271135,0.0317499051027602,2.71134970988558e-05,0.0648374093957305,9.9416156029138e-05,0.0011297290457856,0.0006868752598376,0.0572456302080509,0.0118124469027348,0.0144695696184227,0.0593695208141279,0.0039766462411655,0.0563779983008875,0.0576975218263652,0.0201091770149847,0.0447191945483795,0.0245557905391971,0.0004428537859479,0.0152287475371907,0.008016557308895,0.0031270899987347,0.0102308262386349,0.0146503262657484,0.0074110225403539,0.0412848182491911,5.42269941977116e-05,0.0003253619651862,0.0031813169929324,0.0022775337563038
3103073,0.221111927504286,0.0045064903257408,9.79671809943669e-05,0.356208670095518,0.0001959343619887,0.0,0.0013225569434239,0.0251285819250551,0.001077638990938,0.0339946118050453,0.0036247856967915,0.0001469507714915,0.0054861621356845,0.0069066862601028,0.137545922116091,0.0,0.0156747489590987,0.0001469507714915,9.79671809943669e-05,0.0196424197893706,0.0318393338231692,0.0003428851334802,0.0002449179524859,0.0014205241244183,0.0023512123438648,0.0657359784472202,0.0001469507714915,0.0003428851334802,0.0040656380112662,0.0035758021062943,9.79671809943669e-05
3109428,0.130464326160815,0.0032134767836919,0.0,0.273032276330691,0.0166194790486976,0.0001557191392978,0.0027321630804077,0.0009626274065685,0.0379105322763307,0.0834229898074745,0.0038080407701019,0.0056766704416761,0.0350226500566251,0.0229898074745187,0.113349377123443,0.0186579841449604,0.0037938844847112,0.0007502831257078,0.0006228765571913,0.0347536806342016,0.0019394110985277,0.0205973952434881,0.0002265005662514,0.0036664779161947,0.0315118912797282,0.0685305775764439,0.006667610419026,0.0005804077010192,0.0109428086070215,0.0093573046432616,7.07814269535674e-05
3109431,0.0603126825104452,0.436946852958354,0.0001347769441574,0.106316546116178,0.0006289590727346,0.0,0.0001123141201311,4.49256480524732e-05,0.0006289590727346,0.181005436003414,0.0041556224448537,0.0020216541623612,0.0236533536996271,0.0069634754481333,0.0493058987375893,0.0258547104541983,0.0036389774922503,0.0015050092097578,0.0077496742890516,0.0035042005480929,0.0002246282402623,0.0023585965227548,0.0,0.0068736241520283,0.0313356395166,0.0021788939305449,0.0072779549845006,0.0005166449526034,0.0118154454378004,0.0029875555954894,2.24628240262366e-05
3117068,0.0043875129312967,0.199154141057628,0.0846589180307917,0.0012961723361528,0.0001095356903791,0.0086715754883466,0.0001217063226434,0.0005720197164242,0.0028783545305178,0.0725247976632386,0.0032069616016552,0.0027992454207996,0.0420251932087872,0.0036877015760968,0.194346741313211,0.0497839712773079,0.0165155479827177,0.0431388060609749,0.0406377411306517,0.0112334935799915,0.0945232154810442,0.0133025010649303,0.0,0.0274021785431753,0.0116655510253758,0.0077344368039919,0.0248646017160591,0.0017038885170084,0.0047039493701697,0.0044848779894115,0.0096573967017586
3119594,0.0193174500965873,0.31005795235029,5.1513200257566e-05,0.0117707662588538,2.5756600128783e-05,0.0337153895685769,2.5756600128783e-05,0.0007984546039922,0.0076497102382485,0.104777849323889,0.0066709594333548,0.0036059240180296,0.0709851899549259,0.0088345138441725,0.0589568576947843,0.0754668383773342,0.0169993560849968,0.0220991629104958,0.0523116548615583,0.0013393432066967,0.0001545396007726,0.0064133934320669,0.0,0.0221764327108822,0.0213779781068899,0.0107662588538313,0.0560978750804894,0.00296200901481,0.0024726336123631,0.0066194462330972,0.0
3119593,0.0152837408997573,0.452725406010827,7.00018667164458e-05,0.0414411050961359,0.0002333395557214,0.0143037147657271,0.0001166697778607,0.0007466865783087,0.0016567108456225,0.121989919731193,0.0076535374276647,0.0184338249019974,0.0203238753033414,0.0115736419637857,0.0546014560388277,0.0854022773940638,0.004246779914131,0.0240806421504573,0.0184571588575695,0.0008866903117416,0.0019133843569161,0.0042701138697031,0.0,0.0148170617883144,0.0129736792981146,0.0117369796527907,0.0233806234832929,0.0007466865783087,0.0016333768900504,0.0152837408997573,0.0
3120876,0.0289780814118987,0.250868203814404,0.000284656988329,0.0874750925135212,0.0001138627953316,0.0381440364360945,8.5397096498719e-05,0.0021633931113008,0.0014802163393111,0.13153999430686,0.0065755764304013,0.0171078849985767,0.0608596641047538,0.006974096214062,0.0646171363506974,0.0043267862226017,0.006063193851409,0.036179903216624,0.0715058354682607,0.0031027611727867,0.0047537717050953,0.0102476515798463,0.0,0.0098491317961856,0.02066609735269,0.016111585539425,0.0331056077426701,0.0002561912894961,0.0003131226871619,0.0251636777682892,0.0077996014802163
3102020,0.253597122302158,0.282873701039169,0.0,0.0,0.0009992006394884,0.0,0.0,0.0015987210231814,0.0668465227817746,0.0,0.0,0.0,0.0002997601918465,0.0,0.0,0.0,0.0,0.0,0.0,9.99200639488409e-05,0.0,0.0,0.0001998401278976,0.0,0.0178856914468425,0.0,0.0195843325339728,0.131794564348521,0.196143085531575,0.0,0.0
3103174,0.0391857506361323,0.844783715012723,0.0002544529262086,0.0,0.0,0.0,0.0,0.0,0.0010178117048346,0.0,0.0,0.0,0.0,0.0,0.0,0.0,0.0,0.0,0.0,0.0,0.0005089058524173,0.0,0.0,0.0,0.0,0.0,0.0025445292620865,0.0689567430025445,0.0422391857506361,0.0,0.0
3109487,0.359353225283012,0.0470954317240326,0.0,0.0,0.0011454097703453,0.0,0.0017753851440352,0.0001909016283908,0.0095450814195445,0.0002099917912299,1.9090162839089e-05,0.0,1.9090162839089e-05,1.9090162839089e-05,7.63606513563561e-05,3.8180325678178e-05,0.0,0.0,0.0,0.0616039554817403,0.0003245327682645,0.0016035736784834,0.0,7.63606513563561e-05,0.0,0.178855735639425,0.104041387473035,0.0216864249852051,0.0187083595823072,0.0924154783040299,1.9090162839089e-05
3109490,0.114582021245329,0.420372003190998,2.09934080698661e-05,0.0,6.29802242095982e-05,0.0,0.0012805978922618,0.0,0.0004828483856069,0.067871688289877,0.0042616618381828,0.0097199479363479,0.0,0.0143384977117185,0.0770668010244783,2.09934080698661e-05,0.0036738464122265,0.0035478859638073,0.0019104001343578,0.0033169584750388,0.0,0.0065079565016584,2.09934080698661e-05,0.0018264265020783,0.0357727673510518,0.0046605365915102,0.111160095729941,0.0003778813452575,0.0379560817903178,0.0102027963219549,0.0
3117099,0.0026978417266187,0.564625572269457,0.000981033355134,4.08763897972531e-05,0.0,0.0,0.000490516677567,0.000327011118378,0.0014306736429038,0.191342380640942,0.0014715500327011,0.0,8.17527795945062e-05,0.0138570961412688,0.0327011118378025,0.0012671680837148,0.0029431000654022,0.0,0.0019620667102681,0.0090745585349901,0.0,0.0034336167429692,0.0,0.0014306736429038,0.0047007848266841,0.0137753433616743,0.042470568999346,0.0094833224329627,0.0578400915631131,0.0194162851536952,0.000327011118378
3119423,0.817205294647601,0.0003465083508512,0.0,0.0,0.0001617038970639,2.3100556723417e-05,0.0005313128046385,6.93016701702511e-05,0.0046663124581302,9.24022268936681e-05,0.0,0.0,0.0,0.000115502783617,4.62011134468341e-05,0.0,0.0,2.3100556723417e-05,0.0,0.0009933239391069,9.24022268936681e-05,0.0,0.0,2.3100556723417e-05,0.0,0.0,0.0,2.3100556723417e-05,0.0,0.16292822657026,0.0
3119421,0.159917133124838,0.480329077110018,0.0089241250174299,0.0440429473516464,1.99199219139061e-05,0.0001294794924403,0.0012250751977052,0.022071273480608,0.0010159160176092,0.0001493994143542,2.98798828708591e-05,9.95996095695305e-06,9.95996095695305e-06,0.0,0.0025597099659369,0.0,1.99199219139061e-05,0.0005179179697615,0.0003983984382781,0.0110655166231748,0.0465827373956694,0.0030377880918706,0.0186052070675883,0.0,5.97597657417183e-05,1.99199219139061e-05,0.0940718312384215,0.01634429593036,0.0551084639748212,5.97597657417183e-05,9.95996095695305e-06
3120882,0.0249486209238531,0.399535162693057,0.0012348619159764,0.0,5.29226535418486e-05,0.0648964039056918,6.61533169273107e-05,8.82044225697476e-06,0.0004410221128487,0.0968440457604544,0.0037795595071136,0.0128072821571274,0.0015391671738421,0.0035281769027899,0.0593748070528256,0.0193564605329311,0.0222231042664479,0.0087410582766619,0.0142450142450142,0.0013495276653171,0.0068667142970548,0.0026461326770924,1.76408845139495e-05,0.0052834449119278,0.0079031162622493,0.0080618842228749,0.0415575136937366,2.20511056424369e-05,0.0001278964127261,0.0020507528247466,0.0455134820459898
3120890,0.000835291046724,0.673818846254242,0.0008874967371443,0.0,0.0,0.0308013573479509,0.0,0.0,0.0009919081179848,0.0798225006525711,0.0014617593317671,0.0082484990864004,0.0015139650221874,0.0036021926389976,0.103158444270425,0.0055860088749673,0.004698512137823,0.0032889584964761,0.0070999738971547,0.0006786739754633,0.0009919081179848,0.0014095536413469,0.0,0.0036021926389976,0.0063168885408509,0.0018794048551292,0.019994779430958,5.22056904202558e-05,5.22056904202558e-05,0.0164447924823806,0.0
3102063,0.149188092016238,0.206021650879567,0.01127649977447,0.066531348669373,0.0,0.0,0.0023680649526387,0.0001127649977447,0.0228912945421741,0.0314614343707713,0.0002255299954894,0.0,0.0,0.0119530897609382,0.0152232746955345,0.0,0.0,0.0007893549842129,0.0,0.0165764546684709,0.0398060442038791,0.0,0.108367162832657,0.0025935949481281,0.0007893549842129,0.0092467298150654,0.172192151556157,0.0815290933694181,0.0354082092918358,0.0,0.0
3109447,0.192358106045643,0.368915303539044,0.035749555599447,0.0110067692528684,0.0005566229149085,3.59111558005494e-05,1.79555779002747e-05,0.0055303179932846,0.0063921857324978,0.0255328317741907,0.0011491569856175,0.0425188084678505,0.0052250731689799,0.0026394699513403,0.0256046540857917,3.59111558005494e-05,0.0,0.0011491569856175,0.0011312014077173,0.0356777332878459,0.0050634729678774,0.0008080010055123,0.0140053507622143,0.0009336900508142,0.002424003016537,0.0039502271380604,0.166394340401846,0.0046504946761711,0.0150467742804302,0.0080620544772233,0.0
3109450,0.118940754039497,0.243962471766954,0.0063270979324723,0.0102507673597035,0.0001882203046273,1.44784849713326e-05,5.79139398853304e-05,0.0001158278797706,0.0012306712225632,0.0348207563560549,0.0212109804830023,0.0409885909538426,0.0209648462384896,0.0048937279203104,0.0708866624196444,0.100871604795274,0.0019401169861585,0.0174176174205131,0.0255255690044594,0.0125238895002027,0.0024323854751838,0.0558145595644872,0.0123067122256327,0.0100915040250188,0.0175334453002838,0.0059072218683037,0.137820698442115,0.0011727572826779,0.0030404818439798,0.0005936178838246,0.0
3117088,0.168999504928215,0.283181061253882,0.0,0.0360052207570098,0.0,0.0,0.00036005220757,0.0232233673882713,0.0549979747063324,0.127458481479815,0.0013501957783878,0.0527476484090193,0.0006300913632476,0.0053107700616589,0.0815518250146271,0.03226967910347,4.50065259462622e-05,0.0148521535622665,0.0054007831135514,0.039650749358657,0.0004050587335163,0.0,0.0002250326297313,0.0083262073000585,0.005670822269229,0.0010801566227102,0.0,0.010306494441694,0.0365903055943112,0.0,0.0
3117086,0.0115646258503401,0.202267573696145,0.0047619047619047,0.0054421768707483,0.316553287981859,0.0011337868480725,0.0,0.0006802721088435,0.0,0.0299319727891156,0.0052154195011337,0.001360544217687,0.0170068027210884,0.000907029478458,0.0430839002267574,0.149206349206349,0.0156462585034014,0.0653061224489796,0.0081632653061224,0.0,0.0,0.0056689342403628,0.000907029478458,0.0099773242630385,0.0034013605442176,0.0,0.0068027210884353,0.0,0.0,0.0,0.0
3119553,0.0028361344537815,0.298949579831933,0.0018644957983193,0.0241859243697479,0.311318277310924,0.0293067226890756,0.0,0.0,2.62605042016807e-05,0.0148371848739496,0.002626050420168,0.0038865546218487,0.0029149159663865,0.0044642857142857,0.0252888655462185,0.026811974789916,0.0139443277310924,0.0168855042016807,0.0194590336134454,0.0001050420168067,0.0,0.003125,0.0002363445378151,0.00640756302521,0.0053308823529411,0.0003413865546218,0.0152573529411765,0.0004726890756302,0.002048319327731,0.0009191176470588,0.0099002100840336
3106412,0.23263249685108,0.0958240480573588,0.028485611859316,0.0080418564092626,0.0699544617769596,0.0047476019765526,0.0073636275554694,0.0823563608177502,0.0021315763976358,0.0921422342796241,0.012595678713303,0.0026160255789167,0.0161806026547815,0.0035849239414785,0.0364305784323224,0.0470884604205019,0.0198624164325162,0.030132739075671,0.0729580467009011,0.0030035849239414,0.0010657881988179,0.0075574072279817,0.0,0.0124987888770468,0.0041662629590156,0.0045538223040403,0.0011626780350741,0.001647127216355,0.0147272551109389,0.0006782288537932,0.0031004747601976
3106406,0.0076978084381441,0.121524418457914,0.000757161485719,0.0113994868127708,0.151179909981912,0.009296260463551,0.0,0.0,0.0002523871619063,0.0339881378033904,0.0200227148445716,0.0223362638287132,0.006940646952425,0.0057207756698775,0.124763387035713,0.153199007277163,0.0473646573844277,0.055398982038447,0.0537164009590712,0.0047112270222521,0.0211584570731502,0.0320531695621083,0.0005889033777815,0.0148908425524755,0.0158583266731166,0.0017246456063601,0.0040381945905018,0.0002103226349219,0.0007150969587346,0.0034913557397047,0.0001261935809531
3102135,0.101543942992874,0.0008907363420427,0.0,0.0,0.0,0.0,0.0,0.0005938242280285,0.0109857482185273,0.0970902612826603,0.0130641330166271,0.0,0.0002969121140142,0.149643705463183,0.114311163895487,0.0,0.0,0.0,0.0,0.0,0.0,0.001187648456057,0.0,0.0002969121140142,0.0326603325415677,0.0950118764845606,0.0002969121140142,0.0,0.343230403800475,0.0,0.0
3103340,0.72701501417422,0.0008749518776467,0.0,0.0,0.0001399923004234,0.0001399923004234,0.0003149826759528,0.0088895110768907,0.0003499807510586,0.0181640009799461,0.0010849403282819,0.0,0.0,0.019003954782487,0.0065446400447975,0.0001399923004234,0.0,0.0007349595772232,0.0241486718230497,0.0015399153046582,3.49980751058692e-05,0.0004199769012704,3.49980751058692e-05,0.0002799846008469,0.0004549749763762,0.002659853708046,3.49980751058692e-05,0.0404577748223848,0.124733139677318,3.49980751058692e-05,0.0001049942253176
3109671,0.266612978319135,0.0001761648903373,0.0,1.25832064526683e-05,5.03328258106731e-05,0.0,0.0013338198839828,0.0183085653886323,0.0075247574586956,0.015854840130362,0.008267166639403,0.0,0.0001258320645266,0.0201457135307219,0.0679996476702193,2.51664129053365e-05,1.25832064526683e-05,0.000264247335506,0.0280228007700922,0.0777516326710372,6.29160322633414e-05,0.0321375092801148,0.0,0.0007927420065181,0.0224736067244655,0.0138792767172931,0.0,0.0330183337318015,0.137345698430874,0.0001384152709793,0.209787217978885
3109669,0.24673098106101,0.000302028923711,0.0,1.77664072771204e-05,2.66496109156806e-05,1.77664072771204e-05,0.0009505027893259,0.0234871904203532,0.0006484738656148,0.0157676864584444,0.003775361546388,0.0163983939167821,0.0001065984436627,0.0159631169384927,0.0186458444373379,5.32992218313613e-05,0.0134047542905874,0.0146661692072629,0.12635468855488,0.136152862168212,8.88320363856021e-05,0.0089453860640301,8.88320363856021e-06,0.00672458515439,0.0307803006076111,0.0202004050740859,2.66496109156806e-05,0.0144973883381303,0.0492307145649007,0.0042017553210389,0.120571722986178
3117168,0.148618198687786,0.0002650937769235,0.0,1.65683610577242e-05,0.000115978527404,9.9410166346345e-05,0.000115978527404,0.0093942607197296,0.0061137252303002,0.10032142620452,0.0098084697461727,0.0581218105904964,0.0543773609914507,0.0094605341639605,0.172708595665717,0.0541951090198158,0.0049373715952018,0.04637484260057,0.0581218105904964,0.0193187089933064,0.031413612565445,0.0165849294187819,0.0,0.0106203194380012,0.0149777983961826,0.0046557094572204,0.119375041420903,0.000596460998078,0.0034627874610643,0.0021704552985618,0.0074060573928027
3117165,0.120619363896539,0.352408337383228,2.69992980182515e-05,0.0003644905232463,0.0031724175171445,1.34996490091258e-05,4.04989470273773e-05,0.0008099789405475,0.0011474701657756,0.0488552297640261,0.0086667746638587,0.0190210054538582,0.0149846104001296,0.0102057346508991,0.0368810410929316,0.0689562071386144,0.0083022841406123,0.0607754198390842,0.0510286732544954,0.0048868729413035,0.0345321021653437,0.0106647227172094,0.0045493817160753,0.0087882715049408,0.0320751660456828,0.0024164371726335,0.0674037475025649,0.0018089529672228,0.0061693395971704,0.0009179761326205,0.009341757114315
3119632,0.408503232222775,0.0007458975634012,0.0,4.97265042267529e-05,0.0002486325211337,9.94530084535057e-05,0.0009448035803083,0.0669816011934361,0.0779214321233217,0.0005469915464942,0.0,9.94530084535057e-05,0.0001491795126802,9.94530084535057e-05,0.0004972650422675,4.97265042267529e-05,4.97265042267529e-05,0.0002486325211337,0.0,0.258876181004475,0.0004475385380407,0.0016409746394828,0.0,9.94530084535057e-05,0.000198906016907,0.0,0.0001491795126802,0.0071606166086524,0.0066633515663848,0.158975634012929,0.0
3119629,0.0666094297774916,0.453602346712456,0.0012520569507047,7.15461114688417e-05,0.0008943263933605,0.091972526293196,0.0,0.0001788652786721,0.0074050225370251,0.0606353294698433,0.0047935894684123,0.008585533376261,0.0047578164126779,0.0033626672390355,0.0384560349145024,0.0651785075481148,0.0137368534020176,0.0115546970022179,0.0320526579380411,0.0006081419474851,0.0261143306861272,0.0055805966945696,0.0066180153108678,0.0074407955927595,0.0066180153108678,0.0019317450096587,0.0676826214495242,0.0005723688917507,0.0008227802818916,0.002468340845675,0.0020032911211275
3102154,0.121383386912786,0.572591517162709,0.0010888727574406,0.036347609665042,0.0,0.0024370009333195,0.0,0.0038888312765736,0.0054962148708908,0.0074147049673338,0.0,5.18510836876491e-05,0.0,0.0040962356113242,0.0001555532510629,5.18510836876491e-05,0.0,0.0,5.18510836876491e-05,0.0001037021673752,0.0288810536140205,0.0,0.097220781914342,0.0006740640879394,0.0002592554184382,0.013740537177227,0.0,0.0310069480452141,0.0134294306751011,0.0001037021673752,0.0
3103392,0.0562939796716184,0.425071670575971,0.0004343671270958,0.145599861002519,8.68734254191643e-05,0.0147684823212579,0.0,0.0059073929285031,0.0002606202762574,0.0101641907740422,0.0,8.68734254191643e-05,0.0,0.0065155069064373,0.0005212405525149,0.0,0.0033880635913474,0.0001737468508383,0.0001737468508383,0.0057336460776648,0.0029536964642515,0.0,0.0124228998349405,0.0008687342541916,0.0002606202762574,0.0006949874033533,0.0,0.0181565459126053,0.0127703935366171,0.0,0.0396142819911389
3109638,0.177708956159038,0.309536170136589,0.001288913553284,0.0,3.58031542578901e-05,5.37047313868352e-05,0.0085390522905067,0.0075007608170279,0.0098100642666618,0.0047618195162993,0.0001074094627736,7.16063085157802e-05,0.0002327205026762,0.0044932958593652,0.0002864252340631,0.0001432126170315,0.0001074094627736,1.79015771289451e-05,8.95078856447253e-05,0.0374142961994952,0.0002506220798052,0.0012531103990261,3.58031542578901e-05,3.58031542578901e-05,7.16063085157802e-05,1.79015771289451e-05,7.16063085157802e-05,0.186337516335189,0.138647714863679,0.0680080915128623,1.79015771289451e-05
3109641,0.244034402674629,0.0006890743434652,0.0001020850879207,2.55212719801955e-05,0.0,0.0001531276318811,2.55212719801955e-05,0.0013526274149503,0.009927774800296,0.0004083403516831,5.1042543960391e-05,5.1042543960391e-05,0.0002296914478217,7.65638159405865e-05,0.0003062552637623,0.0001020850879207,5.1042543960391e-05,0.0001276063599009,0.0001531276318811,0.0449684812291045,0.0002041701758415,7.65638159405865e-05,0.0001020850879207,0.0001020850879207,0.0038026695250491,7.65638159405865e-05,2.55212719801955e-05,0.38383993058214,0.293520149044228,0.0015567975907919,0.0
3117354,0.170769243165282,0.242746295595001,0.0021996793141512,0.0304570981959407,0.0001128040673923,0.0394411364204046,0.0001208615007775,0.0003545270689474,0.0019176691456703,0.0323344801746852,0.0094594267941889,0.0032874328211491,0.0273872160761911,0.0092499335261745,0.0169689547091669,0.0015873143768783,0.021440830237936,0.0757479312539784,0.0829432192669347,0.0024172300155508,0.0435020828465301,0.0089598659243084,0.0106438695018089,0.0043590714613766,0.0125454237807089,0.0001853209678588,0.0482156813768542,0.0011119258071533,0.0039561997921182,8.86317672368644e-05,0.0072436326132673
3117357,0.10469638049656,0.295758300927311,0.0037212084953634,0.0311337122345199,7.17918037690697e-05,0.0470595273706252,0.0,2.39306012563566e-05,0.0018426562967394,0.113131917439426,0.0062578522285372,0.0187496260843554,0.0068202213580616,0.004032306311696,0.0307029614119055,0.0237152258450494,0.0139754711337122,0.0784684415195932,0.0611067903081065,0.0011845647621896,0.0272928507328747,0.0066407418486389,0.0015674543822913,0.0106491175590787,0.0100269219264134,0.0004786120251271,0.0366138199222255,5.98265031408914e-05,0.0002393060125635,2.39306012563566e-05,0.0045109183368232
3119622,0.0151809287156391,0.615740021742507,0.0053579748408137,0.0213930734586116,0.0001164777139307,0.0130455039602423,0.0,0.0,0.000271781332505,0.038476471501786,0.0015142102810995,0.0050473676036651,0.025314489827613,0.0041543717968628,0.0676735517937568,0.0350597918931511,0.0013589066625252,0.0205777294610964,0.0172775275663923,0.0017859916136046,0.0041931977015064,0.0038437645597142,0.0,0.0109100792048455,0.0078040068333592,0.0009706476160894,0.062587358285448,0.0007765180928715,0.0006988662835844,0.0006600403789408,0.0004659108557229
3106497,0.000116911205939,0.463046316322753,0.0022407981138325,0.0275131037976657,0.0,0.0693478303228698,3.89704019796964e-05,0.0,0.0003507336178172,0.113715632976754,0.0068977611504062,0.0002338224118781,0.104382221702617,0.0067808499444671,0.0221157031234777,0.0136980962958633,0.0050466670563706,0.0357748290173613,0.0138539779037821,0.0006819820346446,0.0445821398647727,0.0009158044465228,0.0,0.0137175814968531,0.0110481089612439,0.0044426258256853,0.0336119717074882,7.79408039593928e-05,0.0,0.0001558816079187,0.0
3102411,0.129079972389311,0.71166551622128,0.0024652401143871,0.0,0.0,0.0,0.0,0.0,0.0071985011340104,0.0003944384183019,0.0,0.0,0.0001972192091509,0.0001972192091509,0.0522630904250074,9.86096045754857e-05,0.0,0.0,0.0,0.0144956118725964,0.0,0.0,0.0141011734542944,0.0,0.0,0.0489103638694409,0.0,0.0087762548072182,0.0044374322058968,9.86096045754857e-05,0.0
3103653,0.0734241048915784,0.5089258698941,0.0004034291477559,0.0,0.0,0.0,0.0001008572869389,0.0155320221886031,0.0023197175995965,0.0030257186081694,0.0013111447302067,0.0,0.0,0.0058497226424609,0.0027231467473525,0.0,0.0,0.0015128593040847,0.0001008572869389,0.0009077155824508,0.0020171457387796,0.0013111447302067,0.104084720121029,0.0,0.0,0.0018154311649016,0.0,0.152798789712557,0.0924861321230459,0.0,0.0
3116407,0.168553045601841,0.364814727844832,0.0024421171276945,4.69637909172028e-05,0.0,0.007655097919504,0.0005166017000892,0.058798666228338,0.0135725355750716,0.149485746489457,4.69637909172028e-05,9.39275818344057e-05,0.0002817827455032,0.0032874653642042,0.0022542619640257,0.0005635654910064,0.0005166017000892,0.000704456863758,0.000704456863758,0.0022542619640257,0.0,0.0240924247405251,0.0442398910440051,0.0016437326821021,0.007185460010332,0.0110834546564599,9.39275818344057e-05,0.0094397219743577,0.0389799464612784,9.39275818344057e-05,0.0038979946461278
3116410,0.0971206092499893,0.291005291005291,0.0023388810450805,0.0,2.85229395741525e-05,0.0043212253454841,0.0001140917582966,1.42614697870763e-05,0.0023674039846546,0.165789586274761,0.007672670745447,5.7045879148305e-05,0.0058614640824883,0.0251857556439767,0.0486743963832913,0.0007415964289279,0.0006417661404184,0.0063178311156747,0.0434832213807955,0.0125786163522013,0.0,0.0032658765812404,0.0020251287097648,0.0216203881972076,0.0095837076969152,0.0005989817310572,0.0089562030262838,0.0013548396297722,0.0045636703318644,0.0012550093412627,0.0
3117434,0.228906197087707,0.0270775482560108,5.41821876058246e-05,0.0002438198442262,2.70910938029123e-05,0.0001219099221131,0.0909041652556722,0.0,0.0374669827294277,0.0227294277006434,0.0043345750084659,0.0003657297663393,0.0008940060954961,0.0186522180833051,0.0243955299695225,0.0010836437521164,0.0010294615645106,0.0005282763291567,0.0013410091432441,9.4818828310193e-05,0.0004605485946495,0.0003250931256349,0.218652218083305,0.0004740941415509,0.0065695902472062,0.051107348459194,0.0022485607856417,0.0005147307822553,0.0008669150016931,9.4818828310193e-05,0.144774805282763
3119664,0.009775420886177,0.221512315113567,0.0008305913171261,0.0308809592264852,1.06486066298225e-05,0.0450116602242597,0.0,1.06486066298225e-05,0.0033010680552449,0.0532962761822615,0.0045789008508236,0.0498354790275692,0.0216273200651695,0.0084869394839685,0.0906728854529385,0.126622581435219,0.007134566441981,0.0373872578773068,0.0255247100916845,0.002576962804417,0.0006708622176788,0.0389632516585205,0.0010222662364629,0.013438541566836,0.0129274084486045,0.003716363713808,0.0431588026706705,3.19458198894675e-05,0.0,0.010978713435347,0.00179961452044
3119666,0.0336778736937756,0.304672118733909,0.0017227018022111,0.0336021505376344,5.6792367105861e-05,0.0975124943207633,1.8930789035287e-05,0.0,5.6792367105861e-05,0.0230009086778737,0.0112070271088899,0.0036157807057398,0.0155421777979706,0.0017037710131758,0.0289073148568832,0.0517378464334393,0.0311790095411177,0.0243260639103438,0.0524572164167803,0.0002082386793881,0.0007761623504467,0.0585339996971074,0.0029910646675753,0.00923822504922,0.0118885355141602,0.001192639709223,0.0389974254126912,0.000530062092988,0.0007572315614114,0.0004164773587763,0.0617143722550356
3102380,0.0018687911871741,0.235369332153044,0.0,0.0,0.0002950722927117,0.0,0.0,0.0004917871545195,0.0373758237434838,0.0001967148618078,0.0,0.0,0.0,0.0,0.000983574309039,0.0,0.0,0.0,0.0,0.0175076227008951,0.0,0.0015737188944624,0.0418019081341595,0.0,0.0,0.0147536146355857,0.0,0.167305989967542,0.3350054096587,0.0821284548047605,0.0
3109861,0.0200264366019017,0.0907135513642329,0.0002795267943014,4.73774227629565e-06,4.73774227629565e-05,4.73774227629565e-06,0.001042303300785,0.0028758095617114,0.425108138967456,0.0455818184402405,0.0001658209796703,9.47548455259131e-06,1.89509691051826e-05,0.0097360603777875,0.000416921320314,4.73774227629565e-06,0.0001231812991836,4.73774227629565e-06,1.4213226828887e-05,0.0276162997285274,9.47548455259131e-06,0.0003316419593406,0.0108352165858882,5.68529073155479e-05,9.47548455259131e-06,0.0707060657314363,0.146367809883878,0.0110910546688081,0.0427012711362527,0.0120149144126858,4.73774227629565e-06
3109864,0.140400547678169,0.108700192615627,0.0001392402125733,0.0,2.32067020955652e-05,0.0,0.000533754148198,6.96201062866956e-05,0.0010443015943004,0.145088301501474,0.0014620222320206,0.0174746466779606,0.0033417651017613,0.0026919774430855,0.0262699867721798,0.161843540414472,0.0036898656331948,0.0047805806316864,0.0566707665173702,0.0057320554176046,0.0004641340419113,0.0022510501032698,0.0827086862685944,0.0052215079715021,0.0131582000881855,0.044835348448632,0.0803416026548467,0.0057552621197001,0.0083544127544034,0.0230674618829918,0.0
3117365,0.0092333859798323,0.0184971449398615,0.0001214919207872,0.0,0.10171911067914,0.0,6.07459603936338e-05,0.0,0.0040396063661766,0.0529401044830519,0.0022779735147612,9.11189405904507e-05,0.0002126108613777,0.0673976430567367,0.013272992346009,0.166535050419147,0.0034321467622403,0.0015490219900376,0.0031284169602721,0.015095371157818,0.0,0.005801239217592,0.138348924796501,0.001822378811809,0.0036751306038148,0.0403656906815697,0.0173429716923825,0.0004252217227554,0.0598651439679261,0.0319827481472482,0.0
3117368,0.0617705063189246,0.374265475328021,0.0016904129437334,0.0185442324720277,9.0557836271432e-05,3.01859454238107e-05,8.04958544634951e-05,8.04958544634951e-05,0.0021331401432826,0.0635212911535056,0.0133220639137084,0.0105147709892941,0.0091765274088384,0.0101122917169766,0.0580173871045641,0.157298961603477,0.0010263221444095,0.010685824680029,0.0045278918135716,0.0005534089994365,0.0165620220558641,0.0021733880705143,0.0028978507606858,0.0067415278113177,0.0207176205425421,0.0054636561217097,0.0373198905256379,0.0001811156725428,0.0014791113257667,0.0021935120341302,0.0501489173307575
3119730,0.0185753332961455,0.264238299771295,0.0049645785686394,0.0165114073743515,0.190996820438445,0.0136665365091761,0.0,0.0007809449433814,0.0062475595470519,0.0394377196407653,0.0100407207006192,0.0045741060969487,0.018854242204496,0.0095386846655882,0.0498131310314051,0.0362023763038991,0.0087019579405366,0.0424499358509511,0.0351983042338372,0.009427121102248,0.0030122162101857,0.0058570870753611,0.0059128688570312,0.0244882021531768,0.0123835555307637,5.57817816701065e-05,0.0012271991967423,0.0009482902883918,0.0152284263959391,0.0010040720700619,0.030903107045239
3119733,0.0003100134339154,0.183011263821432,0.0045985326030794,0.0051152216596052,0.721814611966519,0.0032551410561124,5.16689056525783e-05,0.0,0.0003100134339154,0.005631910716131,0.0006200268678309,0.0067169577348351,0.0009817092073989,0.001343391546967,0.0106437945644311,0.0197375219592849,0.0025317763769763,0.0052185594709104,0.0035651544900279,5.16689056525783e-05,0.0020150873204505,0.0006200268678309,0.0001033378113051,0.0024801074713237,0.0018084116978402,5.16689056525783e-05,0.0051668905652578,5.16689056525783e-05,0.0,0.0002066756226103,0.0014467293582721
3103070,0.106050086784032,1.23977188197372e-05,0.0,0.0,6.19885940986858e-05,0.0,0.0,0.0021324076369947,0.004054054054054,0.0202950657079097,0.0,1.23977188197372e-05,7.4386312918423e-05,0.0043887924621869,0.512335730225638,1.23977188197372e-05,0.0,0.0010290106620381,0.0,0.0686833622613439,0.0,0.0,0.0,0.0001239771881973,0.0018472601041408,0.024907017108852,0.0,7.4386312918423e-05,0.0175427721299281,0.0082940738904041,0.0
3116439,0.063546035753553,0.000285051105591,0.0,0.0,8.14431730260211e-05,0.0,0.0002239687258215,0.0,0.0559514598688765,0.10726065887527,0.0002646903123345,0.0394795781243637,0.0344911837765199,0.0038481899254795,0.258806043083439,0.0,0.0,2.03607932565053e-05,0.000162886346052,0.0249216109459625,0.0,0.104491590992385,0.0,0.0042961273771226,0.0024840167772936,0.0120535896078511,2.03607932565053e-05,0.00588426925113,0.0039703546850185,0.233049639613959,0.0
3116441,0.228518298509776,5.16542266070921e-05,0.0,2.58271133035461e-05,0.0020403419509801,0.0,0.0008006405124099,0.0009814303055347,0.0021953046308014,0.0809421730933134,0.0055786564735659,0.0082905033704382,0.0814845424726878,0.0272476045352411,0.127689248172732,0.0,0.0065859138924042,0.0003615795862496,0.001136392985356,0.0416591337586198,0.0028151553500865,0.0514734368139673,5.16542266070921e-05,0.0180014979725716,0.0630698106872595,0.0247165474314936,0.0,0.0204292466231049,0.0169942405537333,0.0569487848343191,0.0
3117401,0.0563116126232252,0.0004495008990017,1.5500031000062e-05,4.6500093000186e-05,0.0004030008060016,1.5500031000062e-05,0.0003720007440014,0.0,0.0677351354702709,0.355245210490421,0.0025885051770103,0.0069595139190278,0.0079360158720317,0.0418965837931676,0.0651776303552607,0.0021700043400086,0.0018755037510075,0.0009145018290036,0.0034100068200136,0.0006045012090024,0.0038285076570153,0.0304730609461219,0.0,0.0238080476160952,0.0243350486700973,0.153434806869614,0.0044175088350176,0.0147870295740591,0.0446090892181784,0.0007285014570029,6.2000124000248e-05
3119776,0.0205153092738022,0.662490073237448,0.0012353304508956,0.0,0.0033089208506132,0.1057531103856,8.82378893496868e-05,0.0,0.0003529515573987,0.0466778434659843,0.0068825553692755,0.010985617224036,0.0315009264978382,0.0020294714550428,0.0127062560663549,0.0212212123885997,0.0051619165269566,0.0077208153180975,0.0026912556251654,4.41189446748434e-05,0.0057354628077296,0.0004411894467484,0.0026471366804906,0.0037501102973616,0.0051619165269566,0.0004411894467484,0.026206653136857,0.0033089208506132,0.0041471807994352,0.0006617841701226,0.0011470925615459
3119773,0.0029641452431169,0.76845465427806,0.0835660947386422,0.0,0.0114575614205096,0.018411902183207,0.0,0.0,0.0002280111725474,0.0637291227270136,0.0009120446901898,0.0,5.70027931368637e-05,0.001254061449011,0.0060992988656444,0.0090634441087613,0.0046742290372228,0.0005130251382317,0.0022231089323376,5.70027931368637e-05,0.0079803910391609,0.0002280111725474,0.0003420167588211,0.001254061449011,0.0007410363107792,0.0001710083794105,0.0072963575215185,0.0005700279313686,0.0001710083794105,0.0001710083794105,0.0064983184176024
3106572,0.0023509032417718,0.269364018807226,0.0090324177183865,0.0090324177183865,0.432195001237318,0.0779510022271715,0.0,0.0,0.0,0.020292006928978,0.0014847809948032,0.0030932937391734,0.0030932937391734,0.001855976243504,0.010022271714922,0.01212571145756,0.0195496164315763,0.0159613956941351,0.0257362039099233,0.0,0.014229151200198,0.0035882207374412,0.0,0.0028458302400395,0.0040831477357089,0.0003711952487008,0.0087849542192526,0.0,0.0,0.0021034397426379,0.0027220984904726
3116444,0.144049005975422,0.0009771130068773,0.0,0.0,0.0063512345447029,0.0,0.0031568266376038,7.51625389905671e-05,0.0136795820962832,0.0292006463978353,0.0,0.0002630688864669,0.0004133939644481,0.0004133939644481,0.0007892066594009,0.0005637190424292,3.75812694952835e-05,0.0006388815814198,0.0004133939644481,0.176707129166823,0.0006013003119245,0.0148070201811417,0.0,0.0008643691983915,7.51625389905671e-05,0.0118380998910143,0.0005637190424292,0.218384757037093,0.134691269871096,0.0,0.0
3116447,0.311457126924892,2.14472611847467e-05,2.14472611847467e-05,0.0,0.0003431561789559,0.0,0.0001930253506627,0.0151417663964312,0.0050186591172307,0.0935315060266804,0.0167717582464719,0.0416934757431476,0.0035387980954832,0.0017801226783339,0.0157851842319736,0.0830437953073393,0.0,0.0090721914811478,0.0095440312272122,0.152125423583408,0.0003431561789559,0.0150774246128769,0.0022090679020289,0.0229700167288637,0.0071848324968901,0.0081928537725732,0.0,0.0802342040921374,0.0445888560030884,0.003217089177712,0.0
3117438,0.355992282496523,0.0,0.0,0.0,0.0003140844438461,0.0,0.0004486920626374,0.0248575402701126,0.0052496971328577,0.139632969892763,0.0188450666307713,0.0338762507291246,0.0068649885583524,0.0192937586934087,0.032081482478575,0.142325122268587,0.0031408444384618,0.0134158926728586,0.0111275631534078,0.0104993942657154,0.0,0.0062816888769237,0.0176335980616503,0.0153452685421995,0.0240498945573653,0.0030959752321981,0.0,0.0362094494548391,0.0451384215013236,0.00623681967066,0.0
3117441,3.41786861713036e-05,0.0,0.0,0.0,0.0078269191332285,0.0,0.000341786861713,0.0001025360585139,0.0007861097819399,0.0804566272472486,0.0020507211702782,0.0,0.0,0.0435436461822408,0.070818237746941,0.120172260578303,0.005742019276779,0.0015380408777086,0.0032811538724451,0.0036229407341581,0.0176020233782213,0.0032127965001025,0.0,0.0013671474468521,0.0049900881810103,0.0042039783990703,0.0,0.0009570032127965,0.0038621915373573,0.0217376444049491,0.273805454918313
3119761,0.0158656950465824,0.570796052024721,0.0014758786089844,0.0,0.000184484826123,0.10095932109584,4.61212065307628e-05,0.0,0.0005073332718383,0.0446453279217784,0.0027672723918457,0.0082556959690065,0.0291947237339729,0.0053961811640992,0.0285490268425422,0.0282261783968269,0.0092242413061525,0.0517018725209851,0.021400239830274,0.000968545337146,0.0290102389078498,0.0017987270546997,0.0008301817175537,0.0075177566645143,0.0084863020016603,0.0006918180979614,0.0089936352734987,4.61212065307628e-05,0.001937090674292,0.0004150908587768,0.012452725763306
3119763,0.0488133867786473,0.190583444677737,0.0010561812050645,3.81752242794426e-05,0.0004453776165934,0.174142648088058,7.63504485588853e-05,0.0,0.0008271298593879,0.0427053508939365,0.0090220780047082,0.0288986447795381,0.0118979449004263,0.0035121206337087,0.071845772093911,0.115238277024878,0.0082203982948399,0.0682064007126042,0.0376534962142903,0.0003817522427944,0.0188458357192849,0.0055608576700388,0.0003563020932747,0.0142648088057517,0.0134758541706433,0.0102945854806897,0.0687408538525164,1.27250747598142e-05,3.81752242794426e-05,0.002328688681046,0.0022905134567665
3106595,0.143677685950413,0.225413223140496,0.0002479338842975,0.0004132231404958,0.0028512396694214,0.0990909090909091,0.0001239669421487,0.0,0.0032231404958677,0.0785537190082645,0.0310743801652893,0.0009090909090909,0.0027272727272727,0.0385123966942149,0.0644628099173554,0.0204132231404959,0.0036363636363636,0.128305785123967,0.0197933884297521,0.0002892561983471,0.0156198347107438,0.0086363636363636,0.0,0.0259504132231405,0.012396694214876,0.0256198347107438,0.0004132231404958,0.0004132231404958,0.0030578512396694,0.0011570247933884,0.0
3106604,0.0203799220027676,0.16924560741393,0.0108609049356313,0.029898939069904,0.0,0.0835325198138131,0.0,0.0,0.0009644819054807,0.0145091625781021,0.0041514655931563,0.0111544429068646,0.0100222250178219,0.0035224556547993,0.0716651989768105,0.0413888539438923,0.026502285402776,0.0601333501069317,0.0852098796494318,0.0003354719671237,0.0231056317356481,0.0826938398960037,0.0010902838931521,0.0117415188493312,0.0076319872520652,0.0034805216589088,0.0133769446890594,0.0,0.0,0.0001677359835618,0.0090996771082316
3116600,0.0676537339241327,0.447335999135416,0.0003458337836377,0.0,2.16146114773587e-05,0.0,0.0004539068410245,0.0041500054036528,0.0060520912136604,0.0715443639900573,0.0014914081919377,0.0,0.0001513022803415,0.0590727331676213,0.0146330919701718,0.0,0.0008429698476169,0.0,0.0001296876688641,0.112201448178969,0.0770777045282611,0.0011671890197773,0.0007348967902301,0.0006916675672754,4.32292229547174e-05,0.0117583486436831,0.0,0.0556360099427213,0.0326380633308116,0.0135523613963039,0.0108289203501567
3116601,0.201529804389662,0.298409295754062,0.000730798275316,0.0,0.0,4.87198850210713e-05,0.000730798275316,0.0008282380453582,0.001047477527953,0.18688947894083,0.0019000755158217,0.0073079827531607,2.43599425105357e-05,0.0199020730311076,0.0349077976175976,0.0009500377579108,0.0227765462473509,0.01091325424472,0.0028013933887116,0.066259043628657,0.0001461596550632,0.0042873498818542,0.0318871647462912,0.002411634308543,0.0031180726413485,0.0161750018269957,0.0,0.0050668680421914,0.0174417188375435,0.0004871988502107,0.0204136318238289
3117486,0.167166494312306,0.48210961737332,0.0007755946225439,0.0,0.0004136504653567,0.0,0.0001034126163391,0.0002068252326783,0.0048086866597724,0.0839193381592554,0.0128748707342296,0.0004653567735263,0.0025336091003102,0.0122543950361944,0.0379007238883144,0.0059462254395036,0.0041365046535677,0.0073422957600827,0.0031023784901758,0.0028955532574974,0.0143226473629783,0.002430196483971,0.0193381592554292,0.0027404343329886,0.0122026887280248,0.0047569803516029,0.0001034126163391,0.0303516028955533,0.0341778697001034,0.0006721820062047,0.008583247156153
3117488,0.0703187570078488,0.557370922099418,0.000320358801858,0.0,0.0,0.0,0.0,0.000266965668215,0.0026162635485076,0.237652837845053,0.000160179400929,0.0109455923968178,0.0005873244700731,0.0073682524427358,0.019808852581558,0.0065139623044476,0.0044850232260131,0.0008542901382882,0.0122804207378931,0.0067275348390197,0.0160179400929041,0.0007475038710021,0.000320358801858,0.0099311228576005,0.0048587751615142,0.000266965668215,0.0,0.0008542901382882,0.0059800309680175,0.0020823322120775,0.000106786267286
3119881,0.0312786981596444,0.458307313668589,0.0011938434412078,1.83668221724277e-05,5.51004665172832e-05,0.030746060316644,1.83668221724277e-05,5.51004665172832e-05,0.0029019579032435,0.129412629026926,0.0021672850163464,0.0061161517834184,0.007989567645006,0.0056937148734525,0.153326231495427,0.0236932006024318,0.003048892480623,0.0065018550490394,0.0423722587517908,0.0044631377878999,0.0098629835065936,0.0004408037321382,7.34672886897109e-05,0.0143444881166661,0.0076956984902472,0.0023142195937258,3.67336443448555e-05,0.0019468831502773,0.0022407523050361,0.0236381001359145,0.0016897476398633
3119883,0.0552211918360662,0.53006202788184,0.0014841654895699,0.0,0.0001228274887919,0.0965116993183074,0.0,2.04712481319986e-05,0.0005629593236299,0.0526315789473684,0.0034903478065057,0.0080247292677434,0.0034391696861757,0.0033061065733177,0.0332555425904317,0.0202153575303486,0.0188847264017687,0.0128559438268951,0.0432762185510451,0.0014534586173719,0.0113001289688632,0.0013715736248439,0.0006141374439599,0.0204712481319986,0.0077176605457634,0.0030706872197997,3.07068721979979e-05,0.0001535343609899,0.0004810743311019,0.0092222972834653,0.0071444655980675
3103862,0.0303687635574837,0.0004338394793926,0.0,0.0,0.0,0.0,0.0002169197396963,0.0017353579175705,0.0015184381778741,0.148373101952278,0.0002169197396963,0.0,0.0,0.0026030368763557,0.0043383947939262,0.0006507592190889,0.0023861171366594,0.0,0.0002169197396963,0.436659436008677,0.0004338394793926,0.0002169197396963,0.0,0.0,0.0,0.0015184381778741,0.135140997830803,0.0921908893709328,0.0563991323210412,0.0041214750542299,0.0
3117577,0.116332696452606,0.166960008282587,9.41203045733056e-06,0.0,0.0127062411173963,0.0702513953335153,0.0004800135533238,0.0002917729441772,0.023774788935217,0.0920308338117782,0.0070872589343699,0.0149180682748689,0.0304479185294644,0.0061084077668075,0.0782798573136183,0.0787222227451128,0.0014023925381422,0.0275866612704359,0.0592393196984385,0.0012329759899103,0.0220900354833548,0.0110308996959914,0.01583103522923,0.0049413159900985,0.0287537530471449,0.0052425009647331,0.017111071371427,0.0006588421320131,0.0029553775636018,0.037299876702401,0.0058354588835449
3117575,0.0417577871032567,0.29880607600922,0.0025119687924818,2.95525740291979e-05,0.0001477628701459,0.0830427330220462,8.86577220875938e-05,0.0,0.0125302913883799,0.0449199125243809,0.0042555706602045,0.0042555706602045,0.0128258171286719,0.0036054140315621,0.0661977658254034,0.0547609196761038,0.0022164430521898,0.0324191737100301,0.0479638276493883,0.010904899816774,0.0132986583131391,0.0029552574029197,0.0009456823689343,0.008215615580117,0.0072994857852118,0.0010638926650511,0.0553519711566877,0.0028665996808322,0.0091317453750221,0.0544358413617826,0.059873514983155
3119925,0.0055414207883203,0.331672683193244,0.0270144263430619,3.99621691465413e-05,3.99621691465413e-05,0.058451332738341,0.0,5.32828921953884e-05,0.0057545523571019,0.064205885095443,0.0033301807622117,0.0212865154320577,0.0125348003889651,0.0041027826990449,0.107431631388952,0.0325691678544311,0.0079524716601617,0.0038097267919702,0.0037964060689214,0.0082588482902852,0.0068868138162539,0.0161447163352027,0.0016118074889105,0.0079791131062594,0.0110695208535919,0.0233112653354824,0.0740765408746387,5.32828921953884e-05,0.0002264522918304,0.103515338812591,0.0218726272462069
3106667,0.0009172308364271,0.0100458615418214,4.36776588774842e-05,4.36776588774842e-05,0.0,4.36776588774842e-05,0.371260100458615,0.478226687049574,0.0034068573924437,0.0014850404018344,0.0001310329766324,4.36776588774842e-05,0.0003057436121423,0.0010482638130596,0.0020091723083642,0.0005241319065298,4.36776588774842e-05,4.36776588774842e-05,0.0004804542476523,0.0037999563223411,0.0,4.36776588774842e-05,4.36776588774842e-05,0.0003494212710198,4.36776588774842e-05,8.73553177549683e-05,0.0009172308364271,0.0052413190652981,0.005503385018563,0.003887311640096,0.0
3106676,0.0033116237995363,0.268241527762446,0.0069544099790263,0.0,5.51937299922729e-05,0.165305221326857,0.0,0.0,0.0013798432498068,0.0290319019759355,0.0050778231592891,0.022243073186886,0.0177723810575119,0.00242852411966,0.126724804062259,0.0661772822607352,0.0181035434374655,0.0314052323656033,0.0327298818854178,5.51937299922729e-05,0.0033116237995363,0.0079478971188872,0.0012694557898222,0.0101004525885859,0.0096589027486477,0.0023181366596754,0.020421680097141,0.0002759686499613,0.0017661993597527,0.0043051109393972,0.0
3103949,0.002407141185517,0.0004346227140516,0.0,0.0,3.34325164655144e-05,3.34325164655144e-05,0.0056500952826719,0.0018387884056032,0.0052823376015512,0.0025074387349135,0.0001002975493965,3.34325164655144e-05,0.000133730065862,0.0001002975493965,0.0001002975493965,0.0,0.0,0.0,0.0002340276152586,0.0231353013941359,0.0,0.0004011901975861,3.34325164655144e-05,0.0,0.0101300524890509,0.0,0.0,0.11112968473137,0.251278793754806,0.0878606532713717,0.0
3117543,0.0063082721682205,0.137889307677048,0.0003967466772465,0.0161079150962111,0.328347550089268,0.0,3.96746677246578e-05,0.0009521920253917,0.0012497520333267,0.0295774647887324,0.0006744693513191,0.0575679428684785,0.0135290616941083,0.0014282880380876,0.119143027177147,0.0181709978178933,0.0003372346756595,0.0053164054751041,0.0076373735369966,0.0,0.0,0.0512795080341202,0.0023606427296171,0.0052965681412418,0.0082721682205911,0.0031541360841103,0.0708192818885142,0.0058123388216623,0.0220591152549097,0.0080737948819678,1.98373338623289e-05
3117546,0.0019889929516269,0.212996041324708,0.0013324321714782,0.0497634450130347,0.285391522641692,0.0023269286472916,8.68977503137974e-05,0.0003862122236168,0.0003089697788935,0.0662836728782466,0.0009558752534517,0.0285314280196968,0.0104663512600174,0.0086897750313797,0.163300183450806,0.0154871101670368,0.0009462199478613,0.0107463551221396,0.0119049917929902,0.0003379356956647,0.0035531524572752,0.0061600849666892,0.0008110456695954,0.0053490392970937,0.0083132181133532,0.001786231534228,0.0513082939075022,0.0018731292845418,0.0037848797914454,0.0163271217534035,1.93106111808439e-05
3119985,0.0196749242752055,0.148393552574643,0.0005544136737343,0.0248945261791432,0.155790242319342,0.0266929900475984,0.0001893119861531,1.35222847252272e-05,0.0011088273474686,0.0443530938987451,0.0082215491129381,0.0059633275638251,0.0096954781479878,0.0056387927304197,0.0840004327131112,0.0622565988749459,0.0063554738208567,0.0741697317178711,0.0462597360450022,0.0006896365209865,0.167933254002596,0.006368996105582,0.0026098009519688,0.008397338814366,0.0112640631761142,0.0016226741670272,0.0002974902639549,0.0007437256598874,0.0036374945910861,0.0219601903937689,0.0024204889658156
3119987,0.0013196867943341,0.177717821636998,0.0003079269186779,0.0468635443854658,0.315493122965483,0.0250007331593302,1.46631866037127e-05,8.79791196222763e-05,0.0002492741722631,0.0119065075222147,0.0022288043637643,0.0043989559811138,0.0001026423062259,0.0018475615120678,0.0196193436757676,0.0345464676383472,0.014956450335787,0.0172292442593624,0.0219801167189654,0.0001173054928297,0.0776415730666589,0.0011583917416933,8.79791196222763e-05,0.0053373999237514,0.0023607730431977,0.0014809818469749,0.007243614182234,4.39895598111382e-05,0.0003372532918853,0.0301328484706296,0.0213789260682131
3106651,0.0018276395332489,0.123857725291719,0.0,0.0059046815689582,0.628989174750457,0.0305075214396176,0.0002811753128075,0.0,0.0002811753128075,0.0099817236046675,0.000562350625615,0.004217629692113,0.0098411359482637,0.0004217629692113,0.0418951216083228,0.0061858568817657,0.0355686770701532,0.023618726275833,0.013918177983973,0.0,0.0109658371994939,0.0007029382820188,0.0,0.0052017432869394,0.0025305778152678,0.0,0.0021088148460565,0.0,0.0,0.0030929284408828,0.0146211162659918
3116926,0.28544274759127,0.0001638592121649,0.0,0.0,0.0001420113172095,0.0989928120425597,0.0006554368486596,0.0023595726551746,0.0012890258023639,0.0095366061479976,6.55436848659632e-05,1.09239474776605e-05,2.18478949553211e-05,0.003987240829346,0.0158943435799961,0.0,0.0240217605033755,0.0003714142142404,2.18478949553211e-05,0.107426099495314,0.0,0.0029822376614013,0.100500316794477,0.0001747831596425,0.0006226650062266,0.156365384195233,3.27718424329816e-05,0.035557449039785,0.094961875423303,0.0001201634222542,0.0
3116924,0.269260106788711,0.0003813882532418,5.44840361774e-05,0.0,0.0001634521085322,0.335785114961316,0.0004358722894192,0.0,0.0011441647597254,0.195379753732156,0.0049580472921434,0.0021248774109186,0.0021248774109186,0.0067560204859976,0.0355780756238422,5.44840361774e-05,0.0229922632668628,0.0009807126511932,0.0323090334531982,0.0227743271221532,0.0,0.0009807126511932,0.005993243979514,0.00544840361774,0.0163996948893974,0.0026152337365152,0.0,0.0010351966873706,0.0046856271112564,0.0003269042170644,0.0
3119973,0.0180361544782251,0.320638181320186,6.84743905779239e-05,6.84743905779239e-05,0.000164338537387,0.0858121062722542,0.0001506436592714,0.0051903588058066,0.0019583675705286,0.0399890440975075,0.0045740892906053,0.0140920295809367,0.0439742536291427,0.0117365105450561,0.052834839769926,0.0304847986852917,0.0351547521227061,0.173431936455766,0.0296220213640099,0.0303615447822514,0.0001369487811558,0.0036154478225143,0.0003423719528896,0.0161462612982744,0.0242262393864695,0.0131059983566146,0.0082854012599287,0.0003423719528896,0.0009997261024376,0.0002054231717337,0.0
