split_run,batch,set,subject_id
20260809_183835,batch_001,train,E002338
20260809_183835,batch_001,train,E002681
20260809_183835,batch_001,train,E004071
20260809_183835,batch_001,train,E004080
20260809_183835,batch_001,train,E004934
20260809_183835,batch_001,train,E006871
20260809_183835,batch_001,train,E007980
20260809_183835,batch_001,train,E008241
20260809_183835,batch_001,train,E008357
20260809_183835,batch_001,train,E008437
20260809_183835,batch_001,train,E008643
20260809_183835,batch_001,train,E009020
20260809_183835,batch_001,train,E009667
20260809_183835,batch_001,train,E011183
20260809_183835,batch_001,train,E012124
20260809_183835,batch_001,train,E012393
20260809_183835,batch_001,train,E012678
20260809_183835,batch_001,train,E014953
20260809_183835,batch_001,train,E015208
20260809_183835,batch_001,train,E016681
20260809_183835,batch_001,train,E016870
20260809_183835,batch_001,train,E017049
20260809_183835,batch_001,train,E017715
20260809_183835,batch_001,train,E018421
20260809_183835,batch_001,train,E018574
20260809_183835,batch_001,train,E019160
20260809_183835,batch_001,train,E019187
20260809_183835,batch_001,train,E019793
20260809_183835,batch_001,train,E020682
20260809_183835,batch_001,train,E020781
20260809_183835,batch_001,train,E020808
20260809_183835,batch_001,train,E022083
20260809_183835,batch_001,train,E023535
20260809_183835,batch_001,train,E023681
20260809_183835,batch_001,train,E023705
20260809_183835,batch_001,train,E023839
20260809_183835,batch_001,train,E024240
20260809_183835,batch_001,train,E025671
20260809_183835,batch_001,train,E025921
20260809_183835,batch_001,train,E026343
20260809_183835,batch_001,train,E029796
20260809_183835,batch_001,train,E030828
20260809_183835,batch_001,train,E030933
20260809_183835,batch_001,train,E031941
20260809_183835,batch_001,train,E032745
20260809_183835,batch_001,train,E033036
20260809_183835,batch_001,train,E034324
20260809_183835,batch_001,train,E034885
20260809_183835,batch_001,train,P000648
20260809_183835,batch_001,train,P000675
20260809_183835,batch_001,train,P000756
20260809_183835,batch_001,train,P001363
20260809_183835,batch_001,train,P003191
20260809_183835,batch_001,train,P004113
20260809_183835,batch_001,train,P005135
20260809_183835,batch_001,train,P005279
20260809_183835,batch_001,train,P005342
20260809_183835,batch_001,train,P005558
20260809_183835,batch_001,train,P006862
20260809_183835,batch_001,train,P007550
20260809_183835,batch_001,train,P007649
20260809_183835,batch_001,train,P008119
20260809_183835,batch_001,train,P008579
20260809_183835,batch_001,train,P008633
20260809_183835,batch_001,train,P008939
20260809_183835,batch_001,train,P009291
20260809_183835,batch_001,train,P009880
20260809_183835,batch_001,train,P010096
20260809_183835,batch_001,train,P010322
20260809_183835,batch_001,train,P010936
20260809_183835,batch_001,train,P011108
20260809_183835,batch_001,train,P011207
20260809_183835,batch_001,train,P013454
20260809_183835,batch_001,train,P013701
20260809_183835,batch_001,train,P013823
20260809_183835,batch_001,train,P013960
20260809_183835,batch_001,train,P014713
20260809_183835,batch_001,train,P014839
20260809_183835,batch_001,train,P015163
20260809_183835,batch_001,train,P016803
20260809_183835,batch_001,train,P017255
20260809_183835,batch_001,train,P017671
20260809_183835,batch_001,train,P018832
20260809_183835,batch_001,train,P019222
20260809_183835,batch_001,train,P019475
20260809_183835,batch_001,train,P019854
20260809_183835,batch_001,train,P019980
20260809_183835,batch_001,train,P020604
20260809_183835,batch_001,train,P020861
20260809_183835,batch_001,train,P021343
20260809_183835,batch_001,train,P021772
20260809_183835,batch_001,train,P022130
20260809_183835,batch_001,train,P022222
20260809_183835,batch_001,train,P022384
20260809_183835,batch_001,train,P023918
20260809_183835,batch_001,train,P026562
20260809_183835,batch_001,train,T000094
20260809_183835,batch_001,train,T000272
20260809_183835,batch_001,train,T002534
20260809_183835,batch_001,train,T003353
20260809_183835,batch_001,train,T003355
20260809_183835,batch_001,train,T003745
20260809_183835,batch_001,train,T003950
20260809_183835,batch_001,train,T004341
20260809_183835,batch_001,train,T005643
20260809_183835,batch_001,train,T006266
20260809_183835,batch_001,train,T006288
20260809_183835,batch_001,train,T007404
20260809_183835,batch_001,train,T007748
20260809_183835,batch_001,train,T007750
20260809_183835,batch_001,train,T008246
20260809_183835,batch_001,train,T008247
20260809_183835,batch_001,train,T008631
20260809_183835,batch_001,train,T009275
20260809_183835,batch_001,train,T009280
20260809_183835,batch_001,train,T009717
20260809_183835,batch_001,train,T010520
20260809_183835,batch_001,train,T010532
20260809_183835,batch_001,train,T011676
20260809_183835,batch_001,train,T012121
20260809_183835,batch_001,train,T012312
20260809_183835,batch_001,train,T012977
20260809_183835,batch_001,train,T013431
20260809_183835,batch_001,train,T013832
20260809_183835,batch_001,train,T014197
20260809_183835,batch_001,train,T014575
20260809_183835,batch_001,train,T014800
20260809_183835,batch_001,train,T014801
20260809_183835,batch_001,train,T016548
20260809_183835,batch_001,train,T016811
20260809_183835,batch_001,train,T016812
20260809_183835,batch_001,train,T016834
20260809_183835,batch_001,train,T018343
20260809_183835,batch_001,train,T019021
20260809_183835,batch_001,train,T019031
20260809_183835,batch_001,train,T019853
20260809_183835,batch_001,train,T020231
20260809_183835,batch_001,train,T021613
20260809_183835,batch_001,train,T022883
20260809_183835,batch_001,train,T023390
20260809_183835,batch_001,train,T023909
20260809_183835,batch_001,train,T024121
20260809_183835,batch_001,train,T025415
20260809_183835,batch_001,train,T028029
20260809_183835,batch_001,train,T028183
20260809_183835,batch_001,train,T029922
20260809_183835,batch_001,test,E002473
20260809_183835,batch_001,test,E003393
20260809_183835,batch_001,test,E004781
20260809_183835,batch_001,test,E005804
20260809_183835,batch_001,test,E007303
20260809_183835,batch_001,test,E007743
20260809_183835,batch_001,test,E009676
20260809_183835,batch_001,test,E011459
20260809_183835,batch_001,test,E012115
20260809_183835,batch_001,test,E012971
20260809_183835,batch_001,test,E013394
20260809_183835,batch_001,test,E015378
20260809_183835,batch_001,test,E015991
20260809_183835,batch_001,test,E016148
20260809_183835,batch_001,test,E016444
20260809_183835,batch_001,test,E019349
20260809_183835,batch_001,test,E022960
20260809_183835,batch_001,test,E024646
20260809_183835,batch_001,test,E025912
20260809_183835,batch_001,test,E029310
20260809_183835,batch_001,test,E033156
20260809_183835,batch_001,test,P001307
20260809_183835,batch_001,test,P003173
20260809_183835,batch_001,test,P003435
20260809_183835,batch_001,test,P003558
20260809_183835,batch_001,test,P004230
20260809_183835,batch_001,test,P004847
20260809_183835,batch_001,test,P004946
20260809_183835,batch_001,test,P006035
20260809_183835,batch_001,test,P007857
20260809_183835,batch_001,test,P008543
20260809_183835,batch_001,test,P008723
20260809_183835,batch_001,test,P009219
20260809_183835,batch_001,test,P009746
20260809_183835,batch_001,test,P010313
20260809_183835,batch_001,test,P014605
20260809_183835,batch_001,test,P015091
20260809_183835,batch_001,test,P016497
20260809_183835,batch_001,test,P016574
20260809_183835,batch_001,test,P017743
20260809_183835,batch_001,test,P020631
20260809_183835,batch_001,test,P020799
20260809_183835,batch_001,test,T000461
20260809_183835,batch_001,test,T005507
20260809_183835,batch_001,test,T005999
20260809_183835,batch_001,test,T008025
20260809_183835,batch_001,test,T009909
20260809_183835,batch_001,test,T011454
20260809_183835,batch_001,test,T012138
20260809_183835,batch_001,test,T012374
20260809_183835,batch_001,test,T012389
20260809_183835,batch_001,test,T012983
20260809_183835,batch_001,test,T013828
20260809_183835,batch_001,test,T014806
20260809_183835,batch_001,test,T014827
20260809_183835,batch_001,test,T016234
20260809_183835,batch_001,test,T017394
20260809_183835,batch_001,test,T017419
20260809_183835,batch_001,test,T019850
20260809_183835,batch_001,test,T019852
20260809_183835,batch_001,test,T021076
20260809_183835,batch_001,test,T026211
20260809_183835,batch_001,test,T029687
20260809_183835,batch_002,train,E002473
20260809_183835,batch_002,train,E004071
20260809_183835,batch_002,train,E004934
20260809_183835,batch_002,train,E005804
20260809_183835,batch_002,train,E007980
20260809_183835,batch_002,train,E008241
20260809_183835,batch_002,train,E008357
20260809_183835,batch_002,train,E008437
20260809_183835,batch_002,train,E008643
20260809_183835,batch_002,train,E009020
20260809_183835,batch_002,train,E009676
20260809_183835,batch_002,train,E011183
20260809_183835,batch_002,train,E011459
20260809_183835,batch_002,train,E012115
20260809_183835,batch_002,train,E012393
20260809_183835,batch_002,train,E012678
20260809_183835,batch_002,train,E012971
20260809_183835,batch_002,train,E013394
20260809_183835,batch_002,train,E015208
20260809_183835,batch_002,train,E015378
20260809_183835,batch_002,train,E015991
20260809_183835,batch_002,train,E016444
20260809_183835,batch_002,train,E016681
20260809_183835,batch_002,train,E017715
20260809_183835,batch_002,train,E018421
20260809_183835,batch_002,train,E018574
20260809_183835,batch_002,train,E019160
20260809_183835,batch_002,train,E019349
20260809_183835,batch_002,train,E019793
20260809_183835,batch_002,train,E020781
20260809_183835,batch_002,train,E020808
20260809_183835,batch_002,train,E022083
20260809_183835,batch_002,train,E022960
20260809_183835,batch_002,train,E023535
20260809_183835,batch_002,train,E023681
20260809_183835,batch_002,train,E023705
20260809_183835,batch_002,train,E023839
20260809_183835,batch_002,train,E024646
20260809_183835,batch_002,train,E025912
20260809_183835,batch_002,train,E026343
20260809_183835,batch_002,train,E029310
20260809_183835,batch_002,train,E029796
20260809_183835,batch_002,train,E030828
20260809_183835,batch_002,train,E030933
20260809_183835,batch_002,train,E031941
20260809_183835,batch_002,train,E032745
20260809_183835,batch_002,train,E033036
20260809_183835,batch_002,train,E033156
20260809_183835,batch_002,train,P000675
20260809_183835,batch_002,train,P000756
20260809_183835,batch_002,train,P001307
20260809_183835,batch_002,train,P001363
20260809_183835,batch_002,train,P003173
20260809_183835,batch_002,train,P003191
20260809_183835,batch_002,train,P003435
20260809_183835,batch_002,train,P003558
20260809_183835,batch_002,train,P004113
20260809_183835,batch_002,train,P004847
20260809_183835,batch_002,train,P005279
20260809_183835,batch_002,train,P005342
20260809_183835,batch_002,train,P005558
20260809_183835,batch_002,train,P006862
20260809_183835,batch_002,train,P007550
20260809_183835,batch_002,train,P007649
20260809_183835,batch_002,train,P007857
20260809_183835,batch_002,train,P008119
20260809_183835,batch_002,train,P008579
20260809_183835,batch_002,train,P008633
20260809_183835,batch_002,train,P008723
20260809_183835,batch_002,train,P008939
20260809_183835,batch_002,train,P009219
20260809_183835,batch_002,train,P009291
20260809_183835,batch_002,train,P009880
20260809_183835,batch_002,train,P010313
20260809_183835,batch_002,train,P010322
20260809_183835,batch_002,train,P010936
20260809_183835,batch_002,train,P011108
20260809_183835,batch_002,train,P013454
20260809_183835,batch_002,train,P013701
20260809_183835,batch_002,train,P013823
20260809_183835,batch_002,train,P013960
20260809_183835,batch_002,train,P014713
20260809_183835,batch_002,train,P014839
20260809_183835,batch_002,train,P015163
20260809_183835,batch_002,train,P016497
20260809_183835,batch_002,train,P016574
20260809_183835,batch_002,train,P017255
20260809_183835,batch_002,train,P017671
20260809_183835,batch_002,train,P018832
20260809_183835,batch_002,train,P019222
20260809_183835,batch_002,train,P019475
20260809_183835,batch_002,train,P020799
20260809_183835,batch_002,train,P021343
20260809_183835,batch_002,train,P022222
20260809_183835,batch_002,train,P023918
20260809_183835,batch_002,train,P026562
20260809_183835,batch_002,train,T000094
20260809_183835,batch_002,train,T000272
20260809_183835,batch_002,train,T003353
20260809_183835,batch_002,train,T003355
20260809_183835,batch_002,train,T003950
20260809_183835,batch_002,train,T004341
20260809_183835,batch_002,train,T005507
20260809_183835,batch_002,train,T005643
20260809_183835,batch_002,train,T005999
20260809_183835,batch_002,train,T006266
20260809_183835,batch_002,train,T006288
20260809_183835,batch_002,train,T007404
20260809_183835,batch_002,train,T007748
20260809_183835,batch_002,train,T007750
20260809_183835,batch_002,train,T008246
20260809_183835,batch_002,train,T008247
20260809_183835,batch_002,train,T008631
20260809_183835,batch_002,train,T009275
20260809_183835,batch_002,train,T009717
20260809_183835,batch_002,train,T009909
20260809_183835,batch_002,train,T010520
20260809_183835,batch_002,train,T010532
20260809_183835,batch_002,train,T011454
20260809_183835,batch_002,train,T011676
20260809_183835,batch_002,train,T012138
20260809_183835,batch_002,train,T012312
20260809_183835,batch_002,train,T012389
20260809_183835,batch_002,train,T012983
20260809_183835,batch_002,train,T013431
20260809_183835,batch_002,train,T013828
20260809_183835,batch_002,train,T014575
20260809_183835,batch_002,train,T014800
20260809_183835,batch_002,train,T014801
20260809_183835,batch_002,train,T016234
20260809_183835,batch_002,train,T016548
20260809_183835,batch_002,train,T016811
20260809_183835,batch_002,train,T016812
20260809_183835,batch_002,train,T016834
20260809_183835,batch_002,train,T018343
20260809_183835,batch_002,train,T019031
20260809_183835,batch_002,train,T019853
20260809_183835,batch_002,train,T020231
20260809_183835,batch_002,train,T021613
20260809_183835,batch_002,train,T022883
20260809_183835,batch_002,train,T023390
20260809_183835,batch_002,train,T023909
20260809_183835,batch_002,train,T025415
20260809_183835,batch_002,train,T026211
20260809_183835,batch_002,train,T028183
20260809_183835,batch_002,train,T029922
20260809_183835,batch_002,test,E002338
20260809_183835,batch_002,test,E002681
20260809_183835,batch_002,test,E003393
20260809_183835,batch_002,test,E004080
20260809_183835,batch_002,test,E004781
20260809_183835,batch_002,test,E006871
20260809_183835,batch_002,test,E007303
20260809_183835,batch_002,test,E007743
20260809_183835,batch_002,test,E009667
20260809_183835,batch_002,test,E012124
20260809_183835,batch_002,test,E014953
20260809_183835,batch_002,test,E016148
20260809_183835,batch_002,test,E016870
20260809_183835,batch_002,test,E017049
20260809_183835,batch_002,test,E019187
20260809_183835,batch_002,test,E020682
20260809_183835,batch_002,test,E024240
20260809_183835,batch_002,test,E025671
20260809_183835,batch_002,test,E025921
20260809_183835,batch_002,test,E034324
20260809_183835,batch_002,test,E034885
20260809_183835,batch_002,test,P000648
20260809_183835,batch_002,test,P004230
20260809_183835,batch_002,test,P004946
20260809_183835,batch_002,test,P005135
20260809_183835,batch_002,test,P006035
20260809_183835,batch_002,test,P008543
20260809_183835,batch_002,test,P009746
20260809_183835,batch_002,test,P010096
20260809_183835,batch_002,test,P011207
20260809_183835,batch_002,test,P014605
20260809_183835,batch_002,test,P015091
20260809_183835,batch_002,test,P016803
20260809_183835,batch_002,test,P017743
20260809_183835,batch_002,test,P019854
20260809_183835,batch_002,test,P019980
20260809_183835,batch_002,test,P020604
20260809_183835,batch_002,test,P020631
20260809_183835,batch_002,test,P020861
20260809_183835,batch_002,test,P021772
20260809_183835,batch_002,test,P022130
20260809_183835,batch_002,test,P022384
20260809_183835,batch_002,test,T000461
20260809_183835,batch_002,test,T002534
20260809_183835,batch_002,test,T003745
20260809_183835,batch_002,test,T008025
20260809_183835,batch_002,test,T009280
20260809_183835,batch_002,test,T012121
20260809_183835,batch_002,test,T012374
20260809_183835,batch_002,test,T012977
20260809_183835,batch_002,test,T013832
20260809_183835,batch_002,test,T014197
20260809_183835,batch_002,test,T014806
20260809_183835,batch_002,test,T014827
20260809_183835,batch_002,test,T017394
20260809_183835,batch_002,test,T017419
20260809_183835,batch_002,test,T019021
20260809_183835,batch_002,test,T019850
20260809_183835,batch_002,test,T019852
20260809_183835,batch_002,test,T021076
20260809_183835,batch_002,test,T024121
20260809_183835,batch_002,test,T028029
20260809_183835,batch_002,test,T029687
20260809_183835,batch_003,train,E002338
20260809_183835,batch_003,train,E002473
20260809_183835,batch_003,train,E003393
20260809_183835,batch_003,train,E005804
20260809_183835,batch_003,train,E006871
20260809_183835,batch_003,train,E007303
20260809_183835,batch_003,train,E007980
20260809_183835,batch_003,train,E008241
20260809_183835,batch_003,train,E008437
20260809_183835,batch_003,train,E008643
20260809_183835,batch_003,train,E009020
20260809_183835,batch_003,train,E009676
20260809_183835,batch_003,train,E011183
20260809_183835,batch_003,train,E012115
20260809_183835,batch_003,train,E012124
20260809_183835,batch_003,train,E012393
20260809_183835,batch_003,train,E012971
20260809_183835,batch_003,train,E013394
20260809_183835,batch_003,train,E014953
20260809_183835,batch_003,train,E015208
20260809_183835,batch_003,train,E015378
20260809_183835,batch_003,train,E016148
20260809_183835,batch_003,train,E016681
20260809_183835,batch_003,train,E016870
20260809_183835,batch_003,train,E017049
20260809_183835,batch_003,train,E017715
20260809_183835,batch_003,train,E018574
20260809_183835,batch_003,train,E019160
20260809_183835,batch_003,train,E019187
20260809_183835,batch_003,train,E019349
20260809_183835,batch_003,train,E020682
20260809_183835,batch_003,train,E020781
20260809_183835,batch_003,train,E020808
20260809_183835,batch_003,train,E022083
20260809_183835,batch_003,train,E023535
20260809_183835,batch_003,train,E023681
20260809_183835,batch_003,train,E024240
20260809_183835,batch_003,train,E025671
20260809_183835,batch_003,train,E025912
20260809_183835,batch_003,train,E025921
20260809_183835,batch_003,train,E029310
20260809_183835,batch_003,train,E030828
20260809_183835,batch_003,train,E030933
20260809_183835,batch_003,train,E031941
20260809_183835,batch_003,train,E032745
20260809_183835,batch_003,train,E033156
20260809_183835,batch_003,train,E034324
20260809_183835,batch_003,train,E034885
20260809_183835,batch_003,train,P000648
20260809_183835,batch_003,train,P000675
20260809_183835,batch_003,train,P000756
20260809_183835,batch_003,train,P001307
20260809_183835,batch_003,train,P001363
20260809_183835,batch_003,train,P003173
20260809_183835,batch_003,train,P003435
20260809_183835,batch_003,train,P003558
20260809_183835,batch_003,train,P004113
20260809_183835,batch_003,train,P004847
20260809_183835,batch_003,train,P004946
20260809_183835,batch_003,train,P005135
20260809_183835,batch_003,train,P005279
20260809_183835,batch_003,train,P005342
20260809_183835,batch_003,train,P005558
20260809_183835,batch_003,train,P006035
20260809_183835,batch_003,train,P007649
20260809_183835,batch_003,train,P007857
20260809_183835,batch_003,train,P008119
20260809_183835,batch_003,train,P008633
20260809_183835,batch_003,train,P008939
20260809_183835,batch_003,train,P009219
20260809_183835,batch_003,train,P009746
20260809_183835,batch_003,train,P010096
20260809_183835,batch_003,train,P010313
20260809_183835,batch_003,train,P010936
20260809_183835,batch_003,train,P011207
20260809_183835,batch_003,train,P013823
20260809_183835,batch_003,train,P013960
20260809_183835,batch_003,train,P014605
20260809_183835,batch_003,train,P014713
20260809_183835,batch_003,train,P015091
20260809_183835,batch_003,train,P015163
20260809_183835,batch_003,train,P016497
20260809_183835,batch_003,train,P016803
20260809_183835,batch_003,train,P017255
20260809_183835,batch_003,train,P017671
20260809_183835,batch_003,train,P018832
20260809_183835,batch_003,train,P019222
20260809_183835,batch_003,train,P019475
20260809_183835,batch_003,train,P019980
20260809_183835,batch_003,train,P020604
20260809_183835,batch_003,train,P020631
20260809_183835,batch_003,train,P020799
20260809_183835,batch_003,train,P021772
20260809_183835,batch_003,train,P022130
20260809_183835,batch_003,train,P022384
20260809_183835,batch_003,train,P023918
20260809_183835,batch_003,train,T000272
20260809_183835,batch_003,train,T000461
20260809_183835,batch_003,train,T003353
20260809_183835,batch_003,train,T003745
20260809_183835,batch_003,train,T004341
20260809_183835,batch_003,train,T005507
20260809_183835,batch_003,train,T005643
20260809_183835,batch_003,train,T005999
20260809_183835,batch_003,train,T006288
20260809_183835,batch_003,train,T007404
20260809_183835,batch_003,train,T007748
20260809_183835,batch_003,train,T008025
20260809_183835,batch_003,train,T008246
20260809_183835,batch_003,train,T008631
20260809_183835,batch_003,train,T009275
20260809_183835,batch_003,train,T009717
20260809_183835,batch_003,train,T009909
20260809_183835,batch_003,train,T010520
20260809_183835,batch_003,train,T010532
20260809_183835,batch_003,train,T011454
20260809_183835,batch_003,train,T011676
20260809_183835,batch_003,train,T012121
20260809_183835,batch_003,train,T012312
20260809_183835,batch_003,train,T012374
20260809_183835,batch_003,train,T012389
20260809_183835,batch_003,train,T012977
20260809_183835,batch_003,train,T012983
20260809_183835,batch_003,train,T013431
20260809_183835,batch_003,train,T013832
20260809_183835,batch_003,train,T014197
20260809_183835,batch_003,train,T014575
20260809_183835,batch_003,train,T014800
20260809_183835,batch_003,train,T014806
20260809_183835,batch_003,train,T016548
20260809_183835,batch_003,train,T016811
20260809_183835,batch_003,train,T016812
20260809_183835,batch_003,train,T016834
20260809_183835,batch_003,train,T017419
20260809_183835,batch_003,train,T019031
20260809_183835,batch_003,train,T019852
20260809_183835,batch_003,train,T019853
20260809_183835,batch_003,train,T021076
20260809_183835,batch_003,train,T022883
20260809_183835,batch_003,train,T023390
20260809_183835,batch_003,train,T023909
20260809_183835,batch_003,train,T024121
20260809_183835,batch_003,train,T025415
20260809_183835,batch_003,train,T026211
20260809_183835,batch_003,train,T028183
20260809_183835,batch_003,train,T029687
20260809_183835,batch_003,test,E002681
20260809_183835,batch_003,test,E004071
20260809_183835,batch_003,test,E004080
20260809_183835,batch_003,test,E004781
20260809_183835,batch_003,test,E004934
20260809_183835,batch_003,test,E007743
20260809_183835,batch_003,test,E008357
20260809_183835,batch_003,test,E009667
20260809_183835,batch_003,test,E011459
20260809_183835,batch_003,test,E012678
20260809_183835,batch_003,test,E015991
20260809_183835,batch_003,test,E016444
20260809_183835,batch_003,test,E018421
20260809_183835,batch_003,test,E019793
20260809_183835,batch_003,test,E022960
20260809_183835,batch_003,test,E023705
20260809_183835,batch_003,test,E023839
20260809_183835,batch_003,test,E024646
20260809_183835,batch_003,test,E026343
20260809_183835,batch_003,test,E029796
20260809_183835,batch_003,test,E033036
20260809_183835,batch_003,test,P003191
20260809_183835,batch_003,test,P004230
20260809_183835,batch_003,test,P006862
20260809_183835,batch_003,test,P007550
20260809_183835,batch_003,test,P008543
20260809_183835,batch_003,test,P008579
20260809_183835,batch_003,test,P008723
20260809_183835,batch_003,test,P009291
20260809_183835,batch_003,test,P009880
20260809_183835,batch_003,test,P010322
20260809_183835,batch_003,test,P011108
20260809_183835,batch_003,test,P013454
20260809_183835,batch_003,test,P013701
20260809_183835,batch_003,test,P014839
20260809_183835,batch_003,test,P016574
20260809_183835,batch_003,test,P017743
20260809_183835,batch_003,test,P019854
20260809_183835,batch_003,test,P020861
20260809_183835,batch_003,test,P021343
20260809_183835,batch_003,test,P022222
20260809_183835,batch_003,test,P026562
20260809_183835,batch_003,test,T000094
20260809_183835,batch_003,test,T002534
20260809_183835,batch_003,test,T003355
20260809_183835,batch_003,test,T003950
20260809_183835,batch_003,test,T006266
20260809_183835,batch_003,test,T007750
20260809_183835,batch_003,test,T008247
20260809_183835,batch_003,test,T009280
20260809_183835,batch_003,test,T012138
20260809_183835,batch_003,test,T013828
20260809_183835,batch_003,test,T014801
20260809_183835,batch_003,test,T014827
20260809_183835,batch_003,test,T016234
20260809_183835,batch_003,test,T017394
20260809_183835,batch_003,test,T018343
20260809_183835,batch_003,test,T019021
20260809_183835,batch_003,test,T019850
20260809_183835,batch_003,test,T020231
20260809_183835,batch_003,test,T021613
20260809_183835,batch_003,test,T028029
20260809_183835,batch_003,test,T029922
20260809_183835,batch_004,train,E002338
20260809_183835,batch_004,train,E002473
20260809_183835,batch_004,train,E002681
20260809_183835,batch_004,train,E003393
20260809_183835,batch_004,train,E004080
20260809_183835,batch_004,train,E004781
20260809_183835,batch_004,train,E005804
20260809_183835,batch_004,train,E007303
20260809_183835,batch_004,train,E007743
20260809_183835,batch_004,train,E008241
20260809_183835,batch_004,train,E008357
20260809_183835,batch_004,train,E008437
20260809_183835,batch_004,train,E008643
20260809_183835,batch_004,train,E009020
20260809_183835,batch_004,train,E009667
20260809_183835,batch_004,train,E009676
20260809_183835,batch_004,train,E011183
20260809_183835,batch_004,train,E012115
20260809_183835,batch_004,train,E012124
20260809_183835,batch_004,train,E012393
20260809_183835,batch_004,train,E012678
20260809_183835,batch_004,train,E015378
20260809_183835,batch_004,train,E015991
20260809_183835,batch_004,train,E016148
20260809_183835,batch_004,train,E016444
20260809_183835,batch_004,train,E016681
20260809_183835,batch_004,train,E017049
20260809_183835,batch_004,train,E017715
20260809_183835,batch_004,train,E018574
20260809_183835,batch_004,train,E019160
20260809_183835,batch_004,train,E019187
20260809_183835,batch_004,train,E019793
20260809_183835,batch_004,train,E020682
20260809_183835,batch_004,train,E020781
20260809_183835,batch_004,train,E020808
20260809_183835,batch_004,train,E022083
20260809_183835,batch_004,train,E022960
20260809_183835,batch_004,train,E023535
20260809_183835,batch_004,train,E023839
20260809_183835,batch_004,train,E024240
20260809_183835,batch_004,train,E024646
20260809_183835,batch_004,train,E025912
20260809_183835,batch_004,train,E025921
20260809_183835,batch_004,train,E026343
20260809_183835,batch_004,train,E030828
20260809_183835,batch_004,train,E032745
20260809_183835,batch_004,train,E033036
20260809_183835,batch_004,train,E034324
20260809_183835,batch_004,train,P000756
20260809_183835,batch_004,train,P001307
20260809_183835,batch_004,train,P003173
20260809_183835,batch_004,train,P003191
20260809_183835,batch_004,train,P003435
20260809_183835,batch_004,train,P003558
20260809_183835,batch_004,train,P004230
20260809_183835,batch_004,train,P005135
20260809_183835,batch_004,train,P005342
20260809_183835,batch_004,train,P005558
20260809_183835,batch_004,train,P006862
20260809_183835,batch_004,train,P007550
20260809_183835,batch_004,train,P007857
20260809_183835,batch_004,train,P008119
20260809_183835,batch_004,train,P008543
20260809_183835,batch_004,train,P008579
20260809_183835,batch_004,train,P008633
20260809_183835,batch_004,train,P008723
20260809_183835,batch_004,train,P008939
20260809_183835,batch_004,train,P009291
20260809_183835,batch_004,train,P009880
20260809_183835,batch_004,train,P010313
20260809_183835,batch_004,train,P011108
20260809_183835,batch_004,train,P011207
20260809_183835,batch_004,train,P013454
20260809_183835,batch_004,train,P013701
20260809_183835,batch_004,train,P013823
20260809_183835,batch_004,train,P013960
20260809_183835,batch_004,train,P014605
20260809_183835,batch_004,train,P014839
20260809_183835,batch_004,train,P015091
20260809_183835,batch_004,train,P016497
20260809_183835,batch_004,train,P016574
20260809_183835,batch_004,train,P016803
20260809_183835,batch_004,train,P017255
20260809_183835,batch_004,train,P017671
20260809_183835,batch_004,train,P018832
20260809_183835,batch_004,train,P019475
20260809_183835,batch_004,train,P019854
20260809_183835,batch_004,train,P019980
20260809_183835,batch_004,train,P020604
20260809_183835,batch_004,train,P020799
20260809_183835,batch_004,train,P020861
20260809_183835,batch_004,train,P021343
20260809_183835,batch_004,train,P021772
20260809_183835,batch_004,train,P022130
20260809_183835,batch_004,train,P022222
20260809_183835,batch_004,train,P026562
20260809_183835,batch_004,train,T000272
20260809_183835,batch_004,train,T002534
20260809_183835,batch_004,train,T003353
20260809_183835,batch_004,train,T003745
20260809_183835,batch_004,train,T003950
20260809_183835,batch_004,train,T004341
20260809_183835,batch_004,train,T005643
20260809_183835,batch_004,train,T005999
20260809_183835,batch_004,train,T006266
20260809_183835,batch_004,train,T006288
20260809_183835,batch_004,train,T007404
20260809_183835,batch_004,train,T007748
20260809_183835,batch_004,train,T007750
20260809_183835,batch_004,train,T008025
20260809_183835,batch_004,train,T008246
20260809_183835,batch_004,train,T008247
20260809_183835,batch_004,train,T008631
20260809_183835,batch_004,train,T009275
20260809_183835,batch_004,train,T009280
20260809_183835,batch_004,train,T009717
20260809_183835,batch_004,train,T010520
20260809_183835,batch_004,train,T012138
20260809_183835,batch_004,train,T012374
20260809_183835,batch_004,train,T012389
20260809_183835,batch_004,train,T012983
20260809_183835,batch_004,train,T013431
20260809_183835,batch_004,train,T013832
20260809_183835,batch_004,train,T014197
20260809_183835,batch_004,train,T014801
20260809_183835,batch_004,train,T014806
20260809_183835,batch_004,train,T016234
20260809_183835,batch_004,train,T016548
20260809_183835,batch_004,train,T016812
20260809_183835,batch_004,train,T016834
20260809_183835,batch_004,train,T017394
20260809_183835,batch_004,train,T017419
20260809_183835,batch_004,train,T018343
20260809_183835,batch_004,train,T019021
20260809_183835,batch_004,train,T019031
20260809_183835,batch_004,train,T019852
20260809_183835,batch_004,train,T020231
20260809_183835,batch_004,train,T021076
20260809_183835,batch_004,train,T021613
20260809_183835,batch_004,train,T022883
20260809_183835,batch_004,train,T023390
20260809_183835,batch_004,train,T024121
20260809_183835,batch_004,train,T025415
20260809_183835,batch_004,train,T028029
20260809_183835,batch_004,train,T029687
20260809_183835,batch_004,train,T029922
20260809_183835,batch_004,test,E004071
20260809_183835,batch_004,test,E004934
20260809_183835,batch_004,test,E006871
20260809_183835,batch_004,test,E007980
20260809_183835,batch_004,test,E011459
20260809_183835,batch_004,test,E012971
20260809_183835,batch_004,test,E013394
20260809_183835,batch_004,test,E014953
20260809_183835,batch_004,test,E015208
20260809_183835,batch_004,test,E016870
20260809_183835,batch_004,test,E018421
20260809_183835,batch_004,test,E019349
20260809_183835,batch_004,test,E023681
20260809_183835,batch_004,test,E023705
20260809_183835,batch_004,test,E025671
20260809_183835,batch_004,test,E029310
20260809_183835,batch_004,test,E029796
20260809_183835,batch_004,test,E030933
20260809_183835,batch_004,test,E031941
20260809_183835,batch_004,test,E033156
20260809_183835,batch_004,test,E034885
20260809_183835,batch_004,test,P000648
20260809_183835,batch_004,test,P000675
20260809_183835,batch_004,test,P001363
20260809_183835,batch_004,test,P004113
20260809_183835,batch_004,test,P004847
20260809_183835,batch_004,test,P004946
20260809_183835,batch_004,test,P005279
20260809_183835,batch_004,test,P006035
20260809_183835,batch_004,test,P007649
20260809_183835,batch_004,test,P009219
20260809_183835,batch_004,test,P009746
20260809_183835,batch_004,test,P010096
20260809_183835,batch_004,test,P010322
20260809_183835,batch_004,test,P010936
20260809_183835,batch_004,test,P014713
20260809_183835,batch_004,test,P015163
20260809_183835,batch_004,test,P017743
20260809_183835,batch_004,test,P019222
20260809_183835,batch_004,test,P020631
20260809_183835,batch_004,test,P022384
20260809_183835,batch_004,test,P023918
20260809_183835,batch_004,test,T000094
20260809_183835,batch_004,test,T000461
20260809_183835,batch_004,test,T003355
20260809_183835,batch_004,test,T005507
20260809_183835,batch_004,test,T009909
20260809_183835,batch_004,test,T010532
20260809_183835,batch_004,test,T011454
20260809_183835,batch_004,test,T011676
20260809_183835,batch_004,test,T012121
20260809_183835,batch_004,test,T012312
20260809_183835,batch_004,test,T012977
20260809_183835,batch_004,test,T013828
20260809_183835,batch_004,test,T014575
20260809_183835,batch_004,test,T014800
20260809_183835,batch_004,test,T014827
20260809_183835,batch_004,test,T016811
20260809_183835,batch_004,test,T019850
20260809_183835,batch_004,test,T019853
20260809_183835,batch_004,test,T023909
20260809_183835,batch_004,test,T026211
20260809_183835,batch_004,test,T028183
20260809_183835,batch_005,train,E002338
20260809_183835,batch_005,train,E002473
20260809_183835,batch_005,train,E002681
20260809_183835,batch_005,train,E003393
20260809_183835,batch_005,train,E004071
20260809_183835,batch_005,train,E004080
20260809_183835,batch_005,train,E004934
20260809_183835,batch_005,train,E005804
20260809_183835,batch_005,train,E006871
20260809_183835,batch_005,train,E007303
20260809_183835,batch_005,train,E007743
20260809_183835,batch_005,train,E007980
20260809_183835,batch_005,train,E008241
20260809_183835,batch_005,train,E008357
20260809_183835,batch_005,train,E008643
20260809_183835,batch_005,train,E009676
20260809_183835,batch_005,train,E011183
20260809_183835,batch_005,train,E012393
20260809_183835,batch_005,train,E012678
20260809_183835,batch_005,train,E012971
20260809_183835,batch_005,train,E013394
20260809_183835,batch_005,train,E014953
20260809_183835,batch_005,train,E015378
20260809_183835,batch_005,train,E016148
20260809_183835,batch_005,train,E016444
20260809_183835,batch_005,train,E016681
20260809_183835,batch_005,train,E017049
20260809_183835,batch_005,train,E017715
20260809_183835,batch_005,train,E018574
20260809_183835,batch_005,train,E019160
20260809_183835,batch_005,train,E019349
20260809_183835,batch_005,train,E019793
20260809_183835,batch_005,train,E020682
20260809_183835,batch_005,train,E020781
20260809_183835,batch_005,train,E020808
20260809_183835,batch_005,train,E022083
20260809_183835,batch_005,train,E022960
20260809_183835,batch_005,train,E023535
20260809_183835,batch_005,train,E024646
20260809_183835,batch_005,train,E025912
20260809_183835,batch_005,train,E025921
20260809_183835,batch_005,train,E026343
20260809_183835,batch_005,train,E029796
20260809_183835,batch_005,train,E030828
20260809_183835,batch_005,train,E030933
20260809_183835,batch_005,train,E033036
20260809_183835,batch_005,train,E033156
20260809_183835,batch_005,train,E034324
20260809_183835,batch_005,train,P000648
20260809_183835,batch_005,train,P000756
20260809_183835,batch_005,train,P001363
20260809_183835,batch_005,train,P003173
20260809_183835,batch_005,train,P003191
20260809_183835,batch_005,train,P004230
20260809_183835,batch_005,train,P004946
20260809_183835,batch_005,train,P005135
20260809_183835,batch_005,train,P005279
20260809_183835,batch_005,train,P005342
20260809_183835,batch_005,train,P006035
20260809_183835,batch_005,train,P006862
20260809_183835,batch_005,train,P007649
20260809_183835,batch_005,train,P007857
20260809_183835,batch_005,train,P008119
20260809_183835,batch_005,train,P008543
20260809_183835,batch_005,train,P008579
20260809_183835,batch_005,train,P008633
20260809_183835,batch_005,train,P008723
20260809_183835,batch_005,train,P008939
20260809_183835,batch_005,train,P009219
20260809_183835,batch_005,train,P009291
20260809_183835,batch_005,train,P009880
20260809_183835,batch_005,train,P010096
20260809_183835,batch_005,train,P010313
20260809_183835,batch_005,train,P010322
20260809_183835,batch_005,train,P010936
20260809_183835,batch_005,train,P013454
20260809_183835,batch_005,train,P013960
20260809_183835,batch_005,train,P014713
20260809_183835,batch_005,train,P015163
20260809_183835,batch_005,train,P016497
20260809_183835,batch_005,train,P016574
20260809_183835,batch_005,train,P016803
20260809_183835,batch_005,train,P017255
20260809_183835,batch_005,train,P018832
20260809_183835,batch_005,train,P019222
20260809_183835,batch_005,train,P019475
20260809_183835,batch_005,train,P019854
20260809_183835,batch_005,train,P019980
20260809_183835,batch_005,train,P020604
20260809_183835,batch_005,train,P020631
20260809_183835,batch_005,train,P020799
20260809_183835,batch_005,train,P020861
20260809_183835,batch_005,train,P021772
20260809_183835,batch_005,train,P022222
20260809_183835,batch_005,train,P022384
20260809_183835,batch_005,train,P023918
20260809_183835,batch_005,train,T000094
20260809_183835,batch_005,train,T000272
20260809_183835,batch_005,train,T003353
20260809_183835,batch_005,train,T003355
20260809_183835,batch_005,train,T003950
20260809_183835,batch_005,train,T004341
20260809_183835,batch_005,train,T005643
20260809_183835,batch_005,train,T005999
20260809_183835,batch_005,train,T006288
20260809_183835,batch_005,train,T007748
20260809_183835,batch_005,train,T008246
20260809_183835,batch_005,train,T008247
20260809_183835,batch_005,train,T009275
20260809_183835,batch_005,train,T009280
20260809_183835,batch_005,train,T009909
20260809_183835,batch_005,train,T010520
20260809_183835,batch_005,train,T011454
20260809_183835,batch_005,train,T011676
20260809_183835,batch_005,train,T012121
20260809_183835,batch_005,train,T012138
20260809_183835,batch_005,train,T012312
20260809_183835,batch_005,train,T012374
20260809_183835,batch_005,train,T012977
20260809_183835,batch_005,train,T012983
20260809_183835,batch_005,train,T013431
20260809_183835,batch_005,train,T013828
20260809_183835,batch_005,train,T013832
20260809_183835,batch_005,train,T014197
20260809_183835,batch_005,train,T014575
20260809_183835,batch_005,train,T014800
20260809_183835,batch_005,train,T014827
20260809_183835,batch_005,train,T016234
20260809_183835,batch_005,train,T016548
20260809_183835,batch_005,train,T016811
20260809_183835,batch_005,train,T016834
20260809_183835,batch_005,train,T017394
20260809_183835,batch_005,train,T017419
20260809_183835,batch_005,train,T018343
20260809_183835,batch_005,train,T019021
20260809_183835,batch_005,train,T019031
20260809_183835,batch_005,train,T019850
20260809_183835,batch_005,train,T019852
20260809_183835,batch_005,train,T019853
20260809_183835,batch_005,train,T020231
20260809_183835,batch_005,train,T021613
20260809_183835,batch_005,train,T022883
20260809_183835,batch_005,train,T025415
20260809_183835,batch_005,train,T028029
20260809_183835,batch_005,train,T028183
20260809_183835,batch_005,train,T029922
20260809_183835,batch_005,test,E004781
20260809_183835,batch_005,test,E008437
20260809_183835,batch_005,test,E009020
20260809_183835,batch_005,test,E009667
20260809_183835,batch_005,test,E011459
20260809_183835,batch_005,test,E012115
20260809_183835,batch_005,test,E012124
20260809_183835,batch_005,test,E015208
20260809_183835,batch_005,test,E015991
20260809_183835,batch_005,test,E016870
20260809_183835,batch_005,test,E018421
20260809_183835,batch_005,test,E019187
20260809_183835,batch_005,test,E023681
20260809_183835,batch_005,test,E023705
20260809_183835,batch_005,test,E023839
20260809_183835,batch_005,test,E024240
20260809_183835,batch_005,test,E025671
20260809_183835,batch_005,test,E029310
20260809_183835,batch_005,test,E031941
20260809_183835,batch_005,test,E032745
20260809_183835,batch_005,test,E034885
20260809_183835,batch_005,test,P000675
20260809_183835,batch_005,test,P001307
20260809_183835,batch_005,test,P003435
20260809_183835,batch_005,test,P003558
20260809_183835,batch_005,test,P004113
20260809_183835,batch_005,test,P004847
20260809_183835,batch_005,test,P005558
20260809_183835,batch_005,test,P007550
20260809_183835,batch_005,test,P009746
20260809_183835,batch_005,test,P011108
20260809_183835,batch_005,test,P011207
20260809_183835,batch_005,test,P013701
20260809_183835,batch_005,test,P013823
20260809_183835,batch_005,test,P014605
20260809_183835,batch_005,test,P014839
20260809_183835,batch_005,test,P015091
20260809_183835,batch_005,test,P017671
20260809_183835,batch_005,test,P017743
20260809_183835,batch_005,test,P021343
20260809_183835,batch_005,test,P022130
20260809_183835,batch_005,test,P026562
20260809_183835,batch_005,test,T000461
20260809_183835,batch_005,test,T002534
20260809_183835,batch_005,test,T003745
20260809_183835,batch_005,test,T005507
20260809_183835,batch_005,test,T006266
20260809_183835,batch_005,test,T007404
20260809_183835,batch_005,test,T007750
20260809_183835,batch_005,test,T008025
20260809_183835,batch_005,test,T008631
20260809_183835,batch_005,test,T009717
20260809_183835,batch_005,test,T010532
20260809_183835,batch_005,test,T012389
20260809_183835,batch_005,test,T014801
20260809_183835,batch_005,test,T014806
20260809_183835,batch_005,test,T016812
20260809_183835,batch_005,test,T021076
20260809_183835,batch_005,test,T023390
20260809_183835,batch_005,test,T023909
20260809_183835,batch_005,test,T024121
20260809_183835,batch_005,test,T026211
20260809_183835,batch_005,test,T029687
20260809_183835,batch_006,train,E002473
20260809_183835,batch_006,train,E002681
20260809_183835,batch_006,train,E003393
20260809_183835,batch_006,train,E004071
20260809_183835,batch_006,train,E004080
20260809_183835,batch_006,train,E004781
20260809_183835,batch_006,train,E004934
20260809_183835,batch_006,train,E005804
20260809_183835,batch_006,train,E006871
20260809_183835,batch_006,train,E007743
20260809_183835,batch_006,train,E007980
20260809_183835,batch_006,train,E008241
20260809_183835,batch_006,train,E008357
20260809_183835,batch_006,train,E008437
20260809_183835,batch_006,train,E008643
20260809_183835,batch_006,train,E009020
20260809_183835,batch_006,train,E009667
20260809_183835,batch_006,train,E009676
20260809_183835,batch_006,train,E011459
20260809_183835,batch_006,train,E012115
20260809_183835,batch_006,train,E012393
20260809_183835,batch_006,train,E012678
20260809_183835,batch_006,train,E012971
20260809_183835,batch_006,train,E014953
20260809_183835,batch_006,train,E015208
20260809_183835,batch_006,train,E015378
20260809_183835,batch_006,train,E016148
20260809_183835,batch_006,train,E016444
20260809_183835,batch_006,train,E016681
20260809_183835,batch_006,train,E016870
20260809_183835,batch_006,train,E017049
20260809_183835,batch_006,train,E017715
20260809_183835,batch_006,train,E019187
20260809_183835,batch_006,train,E019793
20260809_183835,batch_006,train,E020682
20260809_183835,batch_006,train,E020781
20260809_183835,batch_006,train,E022083
20260809_183835,batch_006,train,E022960
20260809_183835,batch_006,train,E023535
20260809_183835,batch_006,train,E023681
20260809_183835,batch_006,train,E023705
20260809_183835,batch_006,train,E023839
20260809_183835,batch_006,train,E024646
20260809_183835,batch_006,train,E025921
20260809_183835,batch_006,train,E029796
20260809_183835,batch_006,train,E030828
20260809_183835,batch_006,train,E031941
20260809_183835,batch_006,train,E033156
20260809_183835,batch_006,train,P000675
20260809_183835,batch_006,train,P000756
20260809_183835,batch_006,train,P001307
20260809_183835,batch_006,train,P001363
20260809_183835,batch_006,train,P003173
20260809_183835,batch_006,train,P003191
20260809_183835,batch_006,train,P003558
20260809_183835,batch_006,train,P004113
20260809_183835,batch_006,train,P004230
20260809_183835,batch_006,train,P004847
20260809_183835,batch_006,train,P005558
20260809_183835,batch_006,train,P006035
20260809_183835,batch_006,train,P006862
20260809_183835,batch_006,train,P007550
20260809_183835,batch_006,train,P008119
20260809_183835,batch_006,train,P008543
20260809_183835,batch_006,train,P008579
20260809_183835,batch_006,train,P008633
20260809_183835,batch_006,train,P008723
20260809_183835,batch_006,train,P008939
20260809_183835,batch_006,train,P009746
20260809_183835,batch_006,train,P009880
20260809_183835,batch_006,train,P010096
20260809_183835,batch_006,train,P010313
20260809_183835,batch_006,train,P010322
20260809_183835,batch_006,train,P010936
20260809_183835,batch_006,train,P011108
20260809_183835,batch_006,train,P011207
20260809_183835,batch_006,train,P013701
20260809_183835,batch_006,train,P013823
20260809_183835,batch_006,train,P014605
20260809_183835,batch_006,train,P014713
20260809_183835,batch_006,train,P014839
20260809_183835,batch_006,train,P015091
20260809_183835,batch_006,train,P016574
20260809_183835,batch_006,train,P017255
20260809_183835,batch_006,train,P018832
20260809_183835,batch_006,train,P019222
20260809_183835,batch_006,train,P019475
20260809_183835,batch_006,train,P019854
20260809_183835,batch_006,train,P019980
20260809_183835,batch_006,train,P020604
20260809_183835,batch_006,train,P020799
20260809_183835,batch_006,train,P020861
20260809_183835,batch_006,train,P021772
20260809_183835,batch_006,train,P022222
20260809_183835,batch_006,train,P023918
20260809_183835,batch_006,train,P026562
20260809_183835,batch_006,train,T000094
20260809_183835,batch_006,train,T000272
20260809_183835,batch_006,train,T000461
20260809_183835,batch_006,train,T002534
20260809_183835,batch_006,train,T003353
20260809_183835,batch_006,train,T003355
20260809_183835,batch_006,train,T003950
20260809_183835,batch_006,train,T005507
20260809_183835,batch_006,train,T005643
20260809_183835,batch_006,train,T005999
20260809_183835,batch_006,train,T006266
20260809_183835,batch_006,train,T007748
20260809_183835,batch_006,train,T007750
20260809_183835,batch_006,train,T008025
20260809_183835,batch_006,train,T008247
20260809_183835,batch_006,train,T008631
20260809_183835,batch_006,train,T009275
20260809_183835,batch_006,train,T009909
20260809_183835,batch_006,train,T010520
20260809_183835,batch_006,train,T010532
20260809_183835,batch_006,train,T011676
20260809_183835,batch_006,train,T012121
20260809_183835,batch_006,train,T012138
20260809_183835,batch_006,train,T012312
20260809_183835,batch_006,train,T012374
20260809_183835,batch_006,train,T012977
20260809_183835,batch_006,train,T014197
20260809_183835,batch_006,train,T014800
20260809_183835,batch_006,train,T014801
20260809_183835,batch_006,train,T014806
20260809_183835,batch_006,train,T014827
20260809_183835,batch_006,train,T016234
20260809_183835,batch_006,train,T016548
20260809_183835,batch_006,train,T016811
20260809_183835,batch_006,train,T016812
20260809_183835,batch_006,train,T016834
20260809_183835,batch_006,train,T017394
20260809_183835,batch_006,train,T017419
20260809_183835,batch_006,train,T018343
20260809_183835,batch_006,train,T019021
20260809_183835,batch_006,train,T019031
20260809_183835,batch_006,train,T019853
20260809_183835,batch_006,train,T021613
20260809_183835,batch_006,train,T022883
20260809_183835,batch_006,train,T023909
20260809_183835,batch_006,train,T024121
20260809_183835,batch_006,train,T025415
20260809_183835,batch_006,train,T028029
20260809_183835,batch_006,train,T028183
20260809_183835,batch_006,train,T029922
20260809_183835,batch_006,test,E002338
20260809_183835,batch_006,test,E007303
20260809_183835,batch_006,test,E011183
20260809_183835,batch_006,test,E012124
20260809_183835,batch_006,test,E013394
20260809_183835,batch_006,test,E015991
20260809_183835,batch_006,test,E018421
20260809_183835,batch_006,test,E018574
20260809_183835,batch_006,test,E019160
20260809_183835,batch_006,test,E019349
20260809_183835,batch_006,test,E020808
20260809_183835,batch_006,test,E024240
20260809_183835,batch_006,test,E025671
20260809_183835,batch_006,test,E025912
20260809_183835,batch_006,test,E026343
20260809_183835,batch_006,test,E029310
20260809_183835,batch_006,test,E030933
20260809_183835,batch_006,test,E032745
20260809_183835,batch_006,test,E033036
20260809_183835,batch_006,test,E034324
20260809_183835,batch_006,test,E034885
20260809_183835,batch_006,test,P000648
20260809_183835,batch_006,test,P003435
20260809_183835,batch_006,test,P004946
20260809_183835,batch_006,test,P005135
20260809_183835,batch_006,test,P005279
20260809_183835,batch_006,test,P005342
20260809_183835,batch_006,test,P007649
20260809_183835,batch_006,test,P007857
20260809_183835,batch_006,test,P009219
20260809_183835,batch_006,test,P009291
20260809_183835,batch_006,test,P013454
20260809_183835,batch_006,test,P013960
20260809_183835,batch_006,test,P015163
20260809_183835,batch_006,test,P016497
20260809_183835,batch_006,test,P016803
20260809_183835,batch_006,test,P017671
20260809_183835,batch_006,test,P017743
20260809_183835,batch_006,test,P020631
20260809_183835,batch_006,test,P021343
20260809_183835,batch_006,test,P022130
20260809_183835,batch_006,test,P022384
20260809_183835,batch_006,test,T003745
20260809_183835,batch_006,test,T004341
20260809_183835,batch_006,test,T006288
20260809_183835,batch_006,test,T007404
20260809_183835,batch_006,test,T008246
20260809_183835,batch_006,test,T009280
20260809_183835,batch_006,test,T009717
20260809_183835,batch_006,test,T011454
20260809_183835,batch_006,test,T012389
20260809_183835,batch_006,test,T012983
20260809_183835,batch_006,test,T013431
20260809_183835,batch_006,test,T013828
20260809_183835,batch_006,test,T013832
20260809_183835,batch_006,test,T014575
20260809_183835,batch_006,test,T019850
20260809_183835,batch_006,test,T019852
20260809_183835,batch_006,test,T020231
20260809_183835,batch_006,test,T021076
20260809_183835,batch_006,test,T023390
20260809_183835,batch_006,test,T026211
20260809_183835,batch_006,test,T029687
20260809_183835,batch_007,train,E002338
20260809_183835,batch_007,train,E002473
20260809_183835,batch_007,train,E003393
20260809_183835,batch_007,train,E004071
20260809_183835,batch_007,train,E004080
20260809_183835,batch_007,train,E004781
20260809_183835,batch_007,train,E004934
20260809_183835,batch_007,train,E006871
20260809_183835,batch_007,train,E007303
20260809_183835,batch_007,train,E007980
20260809_183835,batch_007,train,E008241
20260809_183835,batch_007,train,E008357
20260809_183835,batch_007,train,E008643
20260809_183835,batch_007,train,E009020
20260809_183835,batch_007,train,E009676
20260809_183835,batch_007,train,E011183
20260809_183835,batch_007,train,E011459
20260809_183835,batch_007,train,E012115
20260809_183835,batch_007,train,E012124
20260809_183835,batch_007,train,E012678
20260809_183835,batch_007,train,E012971
20260809_183835,batch_007,train,E013394
20260809_183835,batch_007,train,E015208
20260809_183835,batch_007,train,E015991
20260809_183835,batch_007,train,E016148
20260809_183835,batch_007,train,E016681
20260809_183835,batch_007,train,E017049
20260809_183835,batch_007,train,E017715
20260809_183835,batch_007,train,E018574
20260809_183835,batch_007,train,E019349
20260809_183835,batch_007,train,E019793
20260809_183835,batch_007,train,E020682
20260809_183835,batch_007,train,E020781
20260809_183835,batch_007,train,E020808
20260809_183835,batch_007,train,E022083
20260809_183835,batch_007,train,E022960
20260809_183835,batch_007,train,E023535
20260809_183835,batch_007,train,E023681
20260809_183835,batch_007,train,E023705
20260809_183835,batch_007,train,E024240
20260809_183835,batch_007,train,E025921
20260809_183835,batch_007,train,E029310
20260809_183835,batch_007,train,E030933
20260809_183835,batch_007,train,E031941
20260809_183835,batch_007,train,E032745
20260809_183835,batch_007,train,E033036
20260809_183835,batch_007,train,E033156
20260809_183835,batch_007,train,E034885
20260809_183835,batch_007,train,P000648
20260809_183835,batch_007,train,P000675
20260809_183835,batch_007,train,P000756
20260809_183835,batch_007,train,P001363
20260809_183835,batch_007,train,P003173
20260809_183835,batch_007,train,P003191
20260809_183835,batch_007,train,P004113
20260809_183835,batch_007,train,P004847
20260809_183835,batch_007,train,P004946
20260809_183835,batch_007,train,P005279
20260809_183835,batch_007,train,P006862
20260809_183835,batch_007,train,P007649
20260809_183835,batch_007,train,P007857
20260809_183835,batch_007,train,P008119
20260809_183835,batch_007,train,P008543
20260809_183835,batch_007,train,P008633
20260809_183835,batch_007,train,P009219
20260809_183835,batch_007,train,P009291
20260809_183835,batch_007,train,P009880
20260809_183835,batch_007,train,P010096
20260809_183835,batch_007,train,P010322
20260809_183835,batch_007,train,P010936
20260809_183835,batch_007,train,P011207
20260809_183835,batch_007,train,P013454
20260809_183835,batch_007,train,P013701
20260809_183835,batch_007,train,P013960
20260809_183835,batch_007,train,P014605
20260809_183835,batch_007,train,P014713
20260809_183835,batch_007,train,P015163
20260809_183835,batch_007,train,P016497
20260809_183835,batch_007,train,P016574
20260809_183835,batch_007,train,P016803
20260809_183835,batch_007,train,P017255
20260809_183835,batch_007,train,P017671
20260809_183835,batch_007,train,P017743
20260809_183835,batch_007,train,P018832
20260809_183835,batch_007,train,P019222
20260809_183835,batch_007,train,P019475
20260809_183835,batch_007,train,P019854
20260809_183835,batch_007,train,P019980
20260809_183835,batch_007,train,P020799
20260809_183835,batch_007,train,P020861
20260809_183835,batch_007,train,P021343
20260809_183835,batch_007,train,P021772
20260809_183835,batch_007,train,P022130
20260809_183835,batch_007,train,P022384
20260809_183835,batch_007,train,P023918
20260809_183835,batch_007,train,P026562
20260809_183835,batch_007,train,T000094
20260809_183835,batch_007,train,T000272
20260809_183835,batch_007,train,T003353
20260809_183835,batch_007,train,T003355
20260809_183835,batch_007,train,T003745
20260809_183835,batch_007,train,T003950
20260809_183835,batch_007,train,T004341
20260809_183835,batch_007,train,T005507
20260809_183835,batch_007,train,T005999
20260809_183835,batch_007,train,T006288
20260809_183835,batch_007,train,T007404
20260809_183835,batch_007,train,T007748
20260809_183835,batch_007,train,T007750
20260809_183835,batch_007,train,T008246
20260809_183835,batch_007,train,T009275
20260809_183835,batch_007,train,T009280
20260809_183835,batch_007,train,T009717
20260809_183835,batch_007,train,T009909
20260809_183835,batch_007,train,T011454
20260809_183835,batch_007,train,T011676
20260809_183835,batch_007,train,T012121
20260809_183835,batch_007,train,T012138
20260809_183835,batch_007,train,T012312
20260809_183835,batch_007,train,T012374
20260809_183835,batch_007,train,T012389
20260809_183835,batch_007,train,T012977
20260809_183835,batch_007,train,T013431
20260809_183835,batch_007,train,T013828
20260809_183835,batch_007,train,T013832
20260809_183835,batch_007,train,T014575
20260809_183835,batch_007,train,T014806
20260809_183835,batch_007,train,T014827
20260809_183835,batch_007,train,T016548
20260809_183835,batch_007,train,T016811
20260809_183835,batch_007,train,T016812
20260809_183835,batch_007,train,T016834
20260809_183835,batch_007,train,T017419
20260809_183835,batch_007,train,T019021
20260809_183835,batch_007,train,T019850
20260809_183835,batch_007,train,T019852
20260809_183835,batch_007,train,T020231
20260809_183835,batch_007,train,T021076
20260809_183835,batch_007,train,T021613
20260809_183835,batch_007,train,T022883
20260809_183835,batch_007,train,T023909
20260809_183835,batch_007,train,T024121
20260809_183835,batch_007,train,T025415
20260809_183835,batch_007,train,T028183
20260809_183835,batch_007,train,T029687
20260809_183835,batch_007,train,T029922
20260809_183835,batch_007,test,E002681
20260809_183835,batch_007,test,E005804
20260809_183835,batch_007,test,E007743
20260809_183835,batch_007,test,E008437
20260809_183835,batch_007,test,E009667
20260809_183835,batch_007,test,E012393
20260809_183835,batch_007,test,E014953
20260809_183835,batch_007,test,E015378
20260809_183835,batch_007,test,E016444
20260809_183835,batch_007,test,E016870
20260809_183835,batch_007,test,E018421
20260809_183835,batch_007,test,E019160
20260809_183835,batch_007,test,E019187
20260809_183835,batch_007,test,E023839
20260809_183835,batch_007,test,E024646
20260809_183835,batch_007,test,E025671
20260809_183835,batch_007,test,E025912
20260809_183835,batch_007,test,E026343
20260809_183835,batch_007,test,E029796
20260809_183835,batch_007,test,E030828
20260809_183835,batch_007,test,E034324
20260809_183835,batch_007,test,P001307
20260809_183835,batch_007,test,P003435
20260809_183835,batch_007,test,P003558
20260809_183835,batch_007,test,P004230
20260809_183835,batch_007,test,P005135
20260809_183835,batch_007,test,P005342
20260809_183835,batch_007,test,P005558
20260809_183835,batch_007,test,P006035
20260809_183835,batch_007,test,P007550
20260809_183835,batch_007,test,P008579
20260809_183835,batch_007,test,P008723
20260809_183835,batch_007,test,P008939
20260809_183835,batch_007,test,P009746
20260809_183835,batch_007,test,P010313
20260809_183835,batch_007,test,P011108
20260809_183835,batch_007,test,P013823
20260809_183835,batch_007,test,P014839
20260809_183835,batch_007,test,P015091
20260809_183835,batch_007,test,P020604
20260809_183835,batch_007,test,P020631
20260809_183835,batch_007,test,P022222
20260809_183835,batch_007,test,T000461
20260809_183835,batch_007,test,T002534
20260809_183835,batch_007,test,T005643
20260809_183835,batch_007,test,T006266
20260809_183835,batch_007,test,T008025
20260809_183835,batch_007,test,T008247
20260809_183835,batch_007,test,T008631
20260809_183835,batch_007,test,T010520
20260809_183835,batch_007,test,T010532
20260809_183835,batch_007,test,T012983
20260809_183835,batch_007,test,T014197
20260809_183835,batch_007,test,T014800
20260809_183835,batch_007,test,T014801
20260809_183835,batch_007,test,T016234
20260809_183835,batch_007,test,T017394
20260809_183835,batch_007,test,T018343
20260809_183835,batch_007,test,T019031
20260809_183835,batch_007,test,T019853
20260809_183835,batch_007,test,T023390
20260809_183835,batch_007,test,T026211
20260809_183835,batch_007,test,T028029
20260809_183835,batch_008,train,E002338
20260809_183835,batch_008,train,E002473
20260809_183835,batch_008,train,E002681
20260809_183835,batch_008,train,E003393
20260809_183835,batch_008,train,E004080
20260809_183835,batch_008,train,E004781
20260809_183835,batch_008,train,E005804
20260809_183835,batch_008,train,E006871
20260809_183835,batch_008,train,E007743
20260809_183835,batch_008,train,E008241
20260809_183835,batch_008,train,E008357
20260809_183835,batch_008,train,E008643
20260809_183835,batch_008,train,E009676
20260809_183835,batch_008,train,E011183
20260809_183835,batch_008,train,E012115
20260809_183835,batch_008,train,E012124
20260809_183835,batch_008,train,E012393
20260809_183835,batch_008,train,E012678
20260809_183835,batch_008,train,E012971
20260809_183835,batch_008,train,E013394
20260809_183835,batch_008,train,E014953
20260809_183835,batch_008,train,E015208
20260809_183835,batch_008,train,E015378
20260809_183835,batch_008,train,E016148
20260809_183835,batch_008,train,E016444
20260809_183835,batch_008,train,E016681
20260809_183835,batch_008,train,E016870
20260809_183835,batch_008,train,E017049
20260809_183835,batch_008,train,E018421
20260809_183835,batch_008,train,E019187
20260809_183835,batch_008,train,E019349
20260809_183835,batch_008,train,E019793
20260809_183835,batch_008,train,E020781
20260809_183835,batch_008,train,E020808
20260809_183835,batch_008,train,E022083
20260809_183835,batch_008,train,E022960
20260809_183835,batch_008,train,E024240
20260809_183835,batch_008,train,E024646
20260809_183835,batch_008,train,E025912
20260809_183835,batch_008,train,E025921
20260809_183835,batch_008,train,E026343
20260809_183835,batch_008,train,E029310
20260809_183835,batch_008,train,E030828
20260809_183835,batch_008,train,E030933
20260809_183835,batch_008,train,E033036
20260809_183835,batch_008,train,E033156
20260809_183835,batch_008,train,E034324
20260809_183835,batch_008,train,E034885
20260809_183835,batch_008,train,P000648
20260809_183835,batch_008,train,P000675
20260809_183835,batch_008,train,P000756
20260809_183835,batch_008,train,P001307
20260809_183835,batch_008,train,P001363
20260809_183835,batch_008,train,P003173
20260809_183835,batch_008,train,P003191
20260809_183835,batch_008,train,P003435
20260809_183835,batch_008,train,P003558
20260809_183835,batch_008,train,P004230
20260809_183835,batch_008,train,P005135
20260809_183835,batch_008,train,P005279
20260809_183835,batch_008,train,P005558
20260809_183835,batch_008,train,P006862
20260809_183835,batch_008,train,P008119
20260809_183835,batch_008,train,P008543
20260809_183835,batch_008,train,P008579
20260809_183835,batch_008,train,P008633
20260809_183835,batch_008,train,P008723
20260809_183835,batch_008,train,P009219
20260809_183835,batch_008,train,P009291
20260809_183835,batch_008,train,P009880
20260809_183835,batch_008,train,P010313
20260809_183835,batch_008,train,P010322
20260809_183835,batch_008,train,P010936
20260809_183835,batch_008,train,P011108
20260809_183835,batch_008,train,P011207
20260809_183835,batch_008,train,P013701
20260809_183835,batch_008,train,P013960
20260809_183835,batch_008,train,P014713
20260809_183835,batch_008,train,P014839
20260809_183835,batch_008,train,P015091
20260809_183835,batch_008,train,P015163
20260809_183835,batch_008,train,P016574
20260809_183835,batch_008,train,P016803
20260809_183835,batch_008,train,P017671
20260809_183835,batch_008,train,P017743
20260809_183835,batch_008,train,P019854
20260809_183835,batch_008,train,P019980
20260809_183835,batch_008,train,P020604
20260809_183835,batch_008,train,P020799
20260809_183835,batch_008,train,P020861
20260809_183835,batch_008,train,P021343
20260809_183835,batch_008,train,P021772
20260809_183835,batch_008,train,P022222
20260809_183835,batch_008,train,P022384
20260809_183835,batch_008,train,P023918
20260809_183835,batch_008,train,P026562
20260809_183835,batch_008,train,T000094
20260809_183835,batch_008,train,T000272
20260809_183835,batch_008,train,T000461
20260809_183835,batch_008,train,T003745
20260809_183835,batch_008,train,T005507
20260809_183835,batch_008,train,T005643
20260809_183835,batch_008,train,T005999
20260809_183835,batch_008,train,T006266
20260809_183835,batch_008,train,T007404
20260809_183835,batch_008,train,T007748
20260809_183835,batch_008,train,T008025
20260809_183835,batch_008,train,T008246
20260809_183835,batch_008,train,T008631
20260809_183835,batch_008,train,T009275
20260809_183835,batch_008,train,T009280
20260809_183835,batch_008,train,T009717
20260809_183835,batch_008,train,T009909
20260809_183835,batch_008,train,T010520
20260809_183835,batch_008,train,T010532
20260809_183835,batch_008,train,T011454
20260809_183835,batch_008,train,T011676
20260809_183835,batch_008,train,T012121
20260809_183835,batch_008,train,T012138
20260809_183835,batch_008,train,T012312
20260809_183835,batch_008,train,T012374
20260809_183835,batch_008,train,T012389
20260809_183835,batch_008,train,T012983
20260809_183835,batch_008,train,T013832
20260809_183835,batch_008,train,T014575
20260809_183835,batch_008,train,T014800
20260809_183835,batch_008,train,T014801
20260809_183835,batch_008,train,T014806
20260809_183835,batch_008,train,T014827
20260809_183835,batch_008,train,T016234
20260809_183835,batch_008,train,T016548
20260809_183835,batch_008,train,T016811
20260809_183835,batch_008,train,T016812
20260809_183835,batch_008,train,T016834
20260809_183835,batch_008,train,T018343
20260809_183835,batch_008,train,T019850
20260809_183835,batch_008,train,T019852
20260809_183835,batch_008,train,T019853
20260809_183835,batch_008,train,T020231
20260809_183835,batch_008,train,T021076
20260809_183835,batch_008,train,T021613
20260809_183835,batch_008,train,T022883
20260809_183835,batch_008,train,T023390
20260809_183835,batch_008,train,T023909
20260809_183835,batch_008,train,T024121
20260809_183835,batch_008,train,T025415
20260809_183835,batch_008,test,E004071
20260809_183835,batch_008,test,E004934
20260809_183835,batch_008,test,E007303
20260809_183835,batch_008,test,E007980
20260809_183835,batch_008,test,E008437
20260809_183835,batch_008,test,E009020
20260809_183835,batch_008,test,E009667
20260809_183835,batch_008,test,E011459
20260809_183835,batch_008,test,E015991
20260809_183835,batch_008,test,E017715
20260809_183835,batch_008,test,E018574
20260809_183835,batch_008,test,E019160
20260809_183835,batch_008,test,E020682
20260809_183835,batch_008,test,E023535
20260809_183835,batch_008,test,E023681
20260809_183835,batch_008,test,E023705
20260809_183835,batch_008,test,E023839
20260809_183835,batch_008,test,E025671
20260809_183835,batch_008,test,E029796
20260809_183835,batch_008,test,E031941
20260809_183835,batch_008,test,E032745
20260809_183835,batch_008,test,P004113
20260809_183835,batch_008,test,P004847
20260809_183835,batch_008,test,P004946
20260809_183835,batch_008,test,P005342
20260809_183835,batch_008,test,P006035
20260809_183835,batch_008,test,P007550
20260809_183835,batch_008,test,P007649
20260809_183835,batch_008,test,P007857
20260809_183835,batch_008,test,P008939
20260809_183835,batch_008,test,P009746
20260809_183835,batch_008,test,P010096
20260809_183835,batch_008,test,P013454
20260809_183835,batch_008,test,P013823
20260809_183835,batch_008,test,P014605
20260809_183835,batch_008,test,P016497
20260809_183835,batch_008,test,P017255
20260809_183835,batch_008,test,P018832
20260809_183835,batch_008,test,P019222
20260809_183835,batch_008,test,P019475
20260809_183835,batch_008,test,P020631
20260809_183835,batch_008,test,P022130
20260809_183835,batch_008,test,T002534
20260809_183835,batch_008,test,T003353
20260809_183835,batch_008,test,T003355
20260809_183835,batch_008,test,T003950
20260809_183835,batch_008,test,T004341
20260809_183835,batch_008,test,T006288
20260809_183835,batch_008,test,T007750
20260809_183835,batch_008,test,T008247
20260809_183835,batch_008,test,T012977
20260809_183835,batch_008,test,T013431
20260809_183835,batch_008,test,T013828
20260809_183835,batch_008,test,T014197
20260809_183835,batch_008,test,T017394
20260809_183835,batch_008,test,T017419
20260809_183835,batch_008,test,T019021
20260809_183835,batch_008,test,T019031
20260809_183835,batch_008,test,T026211
20260809_183835,batch_008,test,T028029
20260809_183835,batch_008,test,T028183
20260809_183835,batch_008,test,T029687
20260809_183835,batch_008,test,T029922
20260809_183835,batch_009,train,E002338
20260809_183835,batch_009,train,E002473
20260809_183835,batch_009,train,E002681
20260809_183835,batch_009,train,E003393
20260809_183835,batch_009,train,E004071
20260809_183835,batch_009,train,E004080
20260809_183835,batch_009,train,E004781
20260809_183835,batch_009,train,E004934
20260809_183835,batch_009,train,E006871
20260809_183835,batch_009,train,E007303
20260809_183835,batch_009,train,E007743
20260809_183835,batch_009,train,E007980
20260809_183835,batch_009,train,E008241
20260809_183835,batch_009,train,E008437
20260809_183835,batch_009,train,E008643
20260809_183835,batch_009,train,E009020
20260809_183835,batch_009,train,E009667
20260809_183835,batch_009,train,E009676
20260809_183835,batch_009,train,E012115
20260809_183835,batch_009,train,E012393
20260809_183835,batch_009,train,E012678
20260809_183835,batch_009,train,E012971
20260809_183835,batch_009,train,E013394
20260809_183835,batch_009,train,E014953
20260809_183835,batch_009,train,E015208
20260809_183835,batch_009,train,E016444
20260809_183835,batch_009,train,E016681
20260809_183835,batch_009,train,E016870
20260809_183835,batch_009,train,E017049
20260809_183835,batch_009,train,E017715
20260809_183835,batch_009,train,E018421
20260809_183835,batch_009,train,E019160
20260809_183835,batch_009,train,E019187
20260809_183835,batch_009,train,E020682
20260809_183835,batch_009,train,E020781
20260809_183835,batch_009,train,E022083
20260809_183835,batch_009,train,E023681
20260809_183835,batch_009,train,E023705
20260809_183835,batch_009,train,E023839
20260809_183835,batch_009,train,E024646
20260809_183835,batch_009,train,E025912
20260809_183835,batch_009,train,E025921
20260809_183835,batch_009,train,E029310
20260809_183835,batch_009,train,E030828
20260809_183835,batch_009,train,E030933
20260809_183835,batch_009,train,E032745
20260809_183835,batch_009,train,E033036
20260809_183835,batch_009,train,E034324
20260809_183835,batch_009,train,P000648
20260809_183835,batch_009,train,P000675
20260809_183835,batch_009,train,P000756
20260809_183835,batch_009,train,P001307
20260809_183835,batch_009,train,P001363
20260809_183835,batch_009,train,P003191
20260809_183835,batch_009,train,P003435
20260809_183835,batch_009,train,P003558
20260809_183835,batch_009,train,P004113
20260809_183835,batch_009,train,P004230
20260809_183835,batch_009,train,P004847
20260809_183835,batch_009,train,P004946
20260809_183835,batch_009,train,P005135
20260809_183835,batch_009,train,P005279
20260809_183835,batch_009,train,P005558
20260809_183835,batch_009,train,P006035
20260809_183835,batch_009,train,P006862
20260809_183835,batch_009,train,P007649
20260809_183835,batch_009,train,P007857
20260809_183835,batch_009,train,P008119
20260809_183835,batch_009,train,P008543
20260809_183835,batch_009,train,P008579
20260809_183835,batch_009,train,P008633
20260809_183835,batch_009,train,P008939
20260809_183835,batch_009,train,P009291
20260809_183835,batch_009,train,P009746
20260809_183835,batch_009,train,P009880
20260809_183835,batch_009,train,P010313
20260809_183835,batch_009,train,P010936
20260809_183835,batch_009,train,P011108
20260809_183835,batch_009,train,P011207
20260809_183835,batch_009,train,P013960
20260809_183835,batch_009,train,P014605
20260809_183835,batch_009,train,P014839
20260809_183835,batch_009,train,P015163
20260809_183835,batch_009,train,P016497
20260809_183835,batch_009,train,P016574
20260809_183835,batch_009,train,P016803
20260809_183835,batch_009,train,P017255
20260809_183835,batch_009,train,P017743
20260809_183835,batch_009,train,P019475
20260809_183835,batch_009,train,P019854
20260809_183835,batch_009,train,P020604
20260809_183835,batch_009,train,P020799
20260809_183835,batch_009,train,P020861
20260809_183835,batch_009,train,P021343
20260809_183835,batch_009,train,P022384
20260809_183835,batch_009,train,P026562
20260809_183835,batch_009,train,T000094
20260809_183835,batch_009,train,T002534
20260809_183835,batch_009,train,T003353
20260809_183835,batch_009,train,T003355
20260809_183835,batch_009,train,T003745
20260809_183835,batch_009,train,T003950
20260809_183835,batch_009,train,T004341
20260809_183835,batch_009,train,T005507
20260809_183835,batch_009,train,T005643
20260809_183835,batch_009,train,T005999
20260809_183835,batch_009,train,T006266
20260809_183835,batch_009,train,T006288
20260809_183835,batch_009,train,T007748
20260809_183835,batch_009,train,T007750
20260809_183835,batch_009,train,T008025
20260809_183835,batch_009,train,T008246
20260809_183835,batch_009,train,T008247
20260809_183835,batch_009,train,T008631
20260809_183835,batch_009,train,T009275
20260809_183835,batch_009,train,T009280
20260809_183835,batch_009,train,T009717
20260809_183835,batch_009,train,T009909
20260809_183835,batch_009,train,T010520
20260809_183835,batch_009,train,T010532
20260809_183835,batch_009,train,T011676
20260809_183835,batch_009,train,T012121
20260809_183835,batch_009,train,T012138
20260809_183835,batch_009,train,T012312
20260809_183835,batch_009,train,T012374
20260809_183835,batch_009,train,T012389
20260809_183835,batch_009,train,T012977
20260809_183835,batch_009,train,T013828
20260809_183835,batch_009,train,T013832
20260809_183835,batch_009,train,T014197
20260809_183835,batch_009,train,T014575
20260809_183835,batch_009,train,T014806
20260809_183835,batch_009,train,T014827
20260809_183835,batch_009,train,T016234
20260809_183835,batch_009,train,T016548
20260809_183835,batch_009,train,T016812
20260809_183835,batch_009,train,T017394
20260809_183835,batch_009,train,T017419
20260809_183835,batch_009,train,T018343
20260809_183835,batch_009,train,T019031
20260809_183835,batch_009,train,T019852
20260809_183835,batch_009,train,T019853
20260809_183835,batch_009,train,T021613
20260809_183835,batch_009,train,T023390
20260809_183835,batch_009,train,T028183
20260809_183835,batch_009,train,T029922
20260809_183835,batch_009,test,E005804
20260809_183835,batch_009,test,E008357
20260809_183835,batch_009,test,E011183
20260809_183835,batch_009,test,E011459
20260809_183835,batch_009,test,E012124
20260809_183835,batch_009,test,E015378
20260809_183835,batch_009,test,E015991
20260809_183835,batch_009,test,E016148
20260809_183835,batch_009,test,E018574
20260809_183835,batch_009,test,E019349
20260809_183835,batch_009,test,E019793
20260809_183835,batch_009,test,E020808
20260809_183835,batch_009,test,E022960
20260809_183835,batch_009,test,E023535
20260809_183835,batch_009,test,E024240
20260809_183835,batch_009,test,E025671
20260809_183835,batch_009,test,E026343
20260809_183835,batch_009,test,E029796
20260809_183835,batch_009,test,E031941
20260809_183835,batch_009,test,E033156
20260809_183835,batch_009,test,E034885
20260809_183835,batch_009,test,P003173
20260809_183835,batch_009,test,P005342
20260809_183835,batch_009,test,P007550
20260809_183835,batch_009,test,P008723
20260809_183835,batch_009,test,P009219
20260809_183835,batch_009,test,P010096
20260809_183835,batch_009,test,P010322
20260809_183835,batch_009,test,P013454
20260809_183835,batch_009,test,P013701
20260809_183835,batch_009,test,P013823
20260809_183835,batch_009,test,P014713
20260809_183835,batch_009,test,P015091
20260809_183835,batch_009,test,P017671
20260809_183835,batch_009,test,P018832
20260809_183835,batch_009,test,P019222
20260809_183835,batch_009,test,P019980
20260809_183835,batch_009,test,P020631
20260809_183835,batch_009,test,P021772
20260809_183835,batch_009,test,P022130
20260809_183835,batch_009,test,P022222
20260809_183835,batch_009,test,P023918
20260809_183835,batch_009,test,T000272
20260809_183835,batch_009,test,T000461
20260809_183835,batch_009,test,T007404
20260809_183835,batch_009,test,T011454
20260809_183835,batch_009,test,T012983
20260809_183835,batch_009,test,T013431
20260809_183835,batch_009,test,T014800
20260809_183835,batch_009,test,T014801
20260809_183835,batch_009,test,T016811
20260809_183835,batch_009,test,T016834
20260809_183835,batch_009,test,T019021
20260809_183835,batch_009,test,T019850
20260809_183835,batch_009,test,T020231
20260809_183835,batch_009,test,T021076
20260809_183835,batch_009,test,T022883
20260809_183835,batch_009,test,T023909
20260809_183835,batch_009,test,T024121
20260809_183835,batch_009,test,T025415
20260809_183835,batch_009,test,T026211
20260809_183835,batch_009,test,T028029
20260809_183835,batch_009,test,T029687
20260809_183835,batch_010,train,E002338
20260809_183835,batch_010,train,E002473
20260809_183835,batch_010,train,E002681
20260809_183835,batch_010,train,E003393
20260809_183835,batch_010,train,E004071
20260809_183835,batch_010,train,E004080
20260809_183835,batch_010,train,E004781
20260809_183835,batch_010,train,E004934
20260809_183835,batch_010,train,E006871
20260809_183835,batch_010,train,E007303
20260809_183835,batch_010,train,E007743
20260809_183835,batch_010,train,E008241
20260809_183835,batch_010,train,E008437
20260809_183835,batch_010,train,E008643
20260809_183835,batch_010,train,E009020
20260809_183835,batch_010,train,E009667
20260809_183835,batch_010,train,E011459
20260809_183835,batch_010,train,E012124
20260809_183835,batch_010,train,E012678
20260809_183835,batch_010,train,E012971
20260809_183835,batch_010,train,E013394
20260809_183835,batch_010,train,E015208
20260809_183835,batch_010,train,E015378
20260809_183835,batch_010,train,E015991
20260809_183835,batch_010,train,E016444
20260809_183835,batch_010,train,E016681
20260809_183835,batch_010,train,E016870
20260809_183835,batch_010,train,E017049
20260809_183835,batch_010,train,E018421
20260809_183835,batch_010,train,E019187
20260809_183835,batch_010,train,E019349
20260809_183835,batch_010,train,E019793
20260809_183835,batch_010,train,E020682
20260809_183835,batch_010,train,E022083
20260809_183835,batch_010,train,E023839
20260809_183835,batch_010,train,E024646
20260809_183835,batch_010,train,E025912
20260809_183835,batch_010,train,E025921
20260809_183835,batch_010,train,E026343
20260809_183835,batch_010,train,E029310
20260809_183835,batch_010,train,E030828
20260809_183835,batch_010,train,E030933
20260809_183835,batch_010,train,E031941
20260809_183835,batch_010,train,E032745
20260809_183835,batch_010,train,E033036
20260809_183835,batch_010,train,E033156
20260809_183835,batch_010,train,E034324
20260809_183835,batch_010,train,E034885
20260809_183835,batch_010,train,P000648
20260809_183835,batch_010,train,P000675
20260809_183835,batch_010,train,P000756
20260809_183835,batch_010,train,P001307
20260809_183835,batch_010,train,P001363
20260809_183835,batch_010,train,P003191
20260809_183835,batch_010,train,P003435
20260809_183835,batch_010,train,P003558
20260809_183835,batch_010,train,P004113
20260809_183835,batch_010,train,P004847
20260809_183835,batch_010,train,P004946
20260809_183835,batch_010,train,P005279
20260809_183835,batch_010,train,P005342
20260809_183835,batch_010,train,P005558
20260809_183835,batch_010,train,P006035
20260809_183835,batch_010,train,P006862
20260809_183835,batch_010,train,P007550
20260809_183835,batch_010,train,P007857
20260809_183835,batch_010,train,P008543
20260809_183835,batch_010,train,P008579
20260809_183835,batch_010,train,P008723
20260809_183835,batch_010,train,P009746
20260809_183835,batch_010,train,P009880
20260809_183835,batch_010,train,P010096
20260809_183835,batch_010,train,P010313
20260809_183835,batch_010,train,P010322
20260809_183835,batch_010,train,P010936
20260809_183835,batch_010,train,P011207
20260809_183835,batch_010,train,P013823
20260809_183835,batch_010,train,P014605
20260809_183835,batch_010,train,P014839
20260809_183835,batch_010,train,P015091
20260809_183835,batch_010,train,P015163
20260809_183835,batch_010,train,P016497
20260809_183835,batch_010,train,P016803
20260809_183835,batch_010,train,P017255
20260809_183835,batch_010,train,P017671
20260809_183835,batch_010,train,P017743
20260809_183835,batch_010,train,P018832
20260809_183835,batch_010,train,P019475
20260809_183835,batch_010,train,P019854
20260809_183835,batch_010,train,P019980
20260809_183835,batch_010,train,P020861
20260809_183835,batch_010,train,P021772
20260809_183835,batch_010,train,P022130
20260809_183835,batch_010,train,P022222
20260809_183835,batch_010,train,P022384
20260809_183835,batch_010,train,P026562
20260809_183835,batch_010,train,T000094
20260809_183835,batch_010,train,T002534
20260809_183835,batch_010,train,T003353
20260809_183835,batch_010,train,T003355
20260809_183835,batch_010,train,T003745
20260809_183835,batch_010,train,T004341
20260809_183835,batch_010,train,T005507
20260809_183835,batch_010,train,T005643
20260809_183835,batch_010,train,T006266
20260809_183835,batch_010,train,T006288
20260809_183835,batch_010,train,T007750
20260809_183835,batch_010,train,T008246
20260809_183835,batch_010,train,T008247
20260809_183835,batch_010,train,T008631
20260809_183835,batch_010,train,T009275
20260809_183835,batch_010,train,T009280
20260809_183835,batch_010,train,T009717
20260809_183835,batch_010,train,T010520
20260809_183835,batch_010,train,T010532
20260809_183835,batch_010,train,T011454
20260809_183835,batch_010,train,T012138
20260809_183835,batch_010,train,T012374
20260809_183835,batch_010,train,T012389
20260809_183835,batch_010,train,T012977
20260809_183835,batch_010,train,T013431
20260809_183835,batch_010,train,T013828
20260809_183835,batch_010,train,T014575
20260809_183835,batch_010,train,T014800
20260809_183835,batch_010,train,T014806
20260809_183835,batch_010,train,T014827
20260809_183835,batch_010,train,T016548
20260809_183835,batch_010,train,T016834
20260809_183835,batch_010,train,T017394
20260809_183835,batch_010,train,T017419
20260809_183835,batch_010,train,T019021
20260809_183835,batch_010,train,T019850
20260809_183835,batch_010,train,T019852
20260809_183835,batch_010,train,T019853
20260809_183835,batch_010,train,T020231
20260809_183835,batch_010,train,T021076
20260809_183835,batch_010,train,T021613
20260809_183835,batch_010,train,T022883
20260809_183835,batch_010,train,T023909
20260809_183835,batch_010,train,T024121
20260809_183835,batch_010,train,T025415
20260809_183835,batch_010,train,T026211
20260809_183835,batch_010,train,T028029
20260809_183835,batch_010,train,T028183
20260809_183835,batch_010,train,T029687
20260809_183835,batch_010,train,T029922
20260809_183835,batch_010,test,E005804
20260809_183835,batch_010,test,E007980
20260809_183835,batch_010,test,E008357
20260809_183835,batch_010,test,E009676
20260809_183835,batch_010,test,E011183
20260809_183835,batch_010,test,E012115
20260809_183835,batch_010,test,E012393
20260809_183835,batch_010,test,E014953
20260809_183835,batch_010,test,E016148
20260809_183835,batch_010,test,E017715
20260809_183835,batch_010,test,E018574
20260809_183835,batch_010,test,E019160
20260809_183835,batch_010,test,E020781
20260809_183835,batch_010,test,E020808
20260809_183835,batch_010,test,E022960
20260809_183835,batch_010,test,E023535
20260809_183835,batch_010,test,E023681
20260809_183835,batch_010,test,E023705
20260809_183835,batch_010,test,E024240
20260809_183835,batch_010,test,E025671
20260809_183835,batch_010,test,E029796
20260809_183835,batch_010,test,P003173
20260809_183835,batch_010,test,P004230
20260809_183835,batch_010,test,P005135
20260809_183835,batch_010,test,P007649
20260809_183835,batch_010,test,P008119
20260809_183835,batch_010,test,P008633
20260809_183835,batch_010,test,P008939
20260809_183835,batch_010,test,P009219
20260809_183835,batch_010,test,P009291
20260809_183835,batch_010,test,P011108
20260809_183835,batch_010,test,P013454
20260809_183835,batch_010,test,P013701
20260809_183835,batch_010,test,P013960
20260809_183835,batch_010,test,P014713
20260809_183835,batch_010,test,P016574
20260809_183835,batch_010,test,P019222
20260809_183835,batch_010,test,P020604
20260809_183835,batch_010,test,P020631
20260809_183835,batch_010,test,P020799
20260809_183835,batch_010,test,P021343
20260809_183835,batch_010,test,P023918
20260809_183835,batch_010,test,T000272
20260809_183835,batch_010,test,T000461
20260809_183835,batch_010,test,T003950
20260809_183835,batch_010,test,T005999
20260809_183835,batch_010,test,T007404
20260809_183835,batch_010,test,T007748
20260809_183835,batch_010,test,T008025
20260809_183835,batch_010,test,T009909
20260809_183835,batch_010,test,T011676
20260809_183835,batch_010,test,T012121
20260809_183835,batch_010,test,T012312
20260809_183835,batch_010,test,T012983
20260809_183835,batch_010,test,T013832
20260809_183835,batch_010,test,T014197
20260809_183835,batch_010,test,T014801
20260809_183835,batch_010,test,T016234
20260809_183835,batch_010,test,T016811
20260809_183835,batch_010,test,T016812
20260809_183835,batch_010,test,T018343
20260809_183835,batch_010,test,T019031
20260809_183835,batch_010,test,T023390
20260809_183835,batch_011,train,E002338
20260809_183835,batch_011,train,E002473
20260809_183835,batch_011,train,E004071
20260809_183835,batch_011,train,E004080
20260809_183835,batch_011,train,E004781
20260809_183835,batch_011,train,E004934
20260809_183835,batch_011,train,E006871
20260809_183835,batch_011,train,E007303
20260809_183835,batch_011,train,E007743
20260809_183835,batch_011,train,E007980
20260809_183835,batch_011,train,E008357
20260809_183835,batch_011,train,E008437
20260809_183835,batch_011,train,E008643
20260809_183835,batch_011,train,E009020
20260809_183835,batch_011,train,E009676
20260809_183835,batch_011,train,E011183
20260809_183835,batch_011,train,E012115
20260809_183835,batch_011,train,E012124
20260809_183835,batch_011,train,E012393
20260809_183835,batch_011,train,E012678
20260809_183835,batch_011,train,E014953
20260809_183835,batch_011,train,E015208
20260809_183835,batch_011,train,E015378
20260809_183835,batch_011,train,E015991
20260809_183835,batch_011,train,E016148
20260809_183835,batch_011,train,E016444
20260809_183835,batch_011,train,E016681
20260809_183835,batch_011,train,E018574
20260809_183835,batch_011,train,E019160
20260809_183835,batch_011,train,E019187
20260809_183835,batch_011,train,E019349
20260809_183835,batch_011,train,E019793
20260809_183835,batch_011,train,E020781
20260809_183835,batch_011,train,E022083
20260809_183835,batch_011,train,E022960
20260809_183835,batch_011,train,E023535
20260809_183835,batch_011,train,E023681
20260809_183835,batch_011,train,E023705
20260809_183835,batch_011,train,E023839
20260809_183835,batch_011,train,E024240
20260809_183835,batch_011,train,E024646
20260809_183835,batch_011,train,E025671
20260809_183835,batch_011,train,E026343
20260809_183835,batch_011,train,E029796
20260809_183835,batch_011,train,E030828
20260809_183835,batch_011,train,E032745
20260809_183835,batch_011,train,E033036
20260809_183835,batch_011,train,E034324
20260809_183835,batch_011,train,P000648
20260809_183835,batch_011,train,P000675
20260809_183835,batch_011,train,P000756
20260809_183835,batch_011,train,P001307
20260809_183835,batch_011,train,P001363
20260809_183835,batch_011,train,P003173
20260809_183835,batch_011,train,P003191
20260809_183835,batch_011,train,P003435
20260809_183835,batch_011,train,P003558
20260809_183835,batch_011,train,P004113
20260809_183835,batch_011,train,P004847
20260809_183835,batch_011,train,P004946
20260809_183835,batch_011,train,P005342
20260809_183835,batch_011,train,P005558
20260809_183835,batch_011,train,P006035
20260809_183835,batch_011,train,P006862
20260809_183835,batch_011,train,P007550
20260809_183835,batch_011,train,P007649
20260809_183835,batch_011,train,P007857
20260809_183835,batch_011,train,P008119
20260809_183835,batch_011,train,P008543
20260809_183835,batch_011,train,P008579
20260809_183835,batch_011,train,P008723
20260809_183835,batch_011,train,P008939
20260809_183835,batch_011,train,P009219
20260809_183835,batch_011,train,P009746
20260809_183835,batch_011,train,P010313
20260809_183835,batch_011,train,P011108
20260809_183835,batch_011,train,P013701
20260809_183835,batch_011,train,P013823
20260809_183835,batch_011,train,P014605
20260809_183835,batch_011,train,P014839
20260809_183835,batch_011,train,P015163
20260809_183835,batch_011,train,P016497
20260809_183835,batch_011,train,P016574
20260809_183835,batch_011,train,P016803
20260809_183835,batch_011,train,P017255
20260809_183835,batch_011,train,P017671
20260809_183835,batch_011,train,P018832
20260809_183835,batch_011,train,P019222
20260809_183835,batch_011,train,P019475
20260809_183835,batch_011,train,P019980
20260809_183835,batch_011,train,P020604
20260809_183835,batch_011,train,P020631
20260809_183835,batch_011,train,P020799
20260809_183835,batch_011,train,P021772
20260809_183835,batch_011,train,P022130
20260809_183835,batch_011,train,P022222
20260809_183835,batch_011,train,T000094
20260809_183835,batch_011,train,T000461
20260809_183835,batch_011,train,T002534
20260809_183835,batch_011,train,T003353
20260809_183835,batch_011,train,T003950
20260809_183835,batch_011,train,T004341
20260809_183835,batch_011,train,T005507
20260809_183835,batch_011,train,T005643
20260809_183835,batch_011,train,T005999
20260809_183835,batch_011,train,T006288
20260809_183835,batch_011,train,T007404
20260809_183835,batch_011,train,T007750
20260809_183835,batch_011,train,T008025
20260809_183835,batch_011,train,T008247
20260809_183835,batch_011,train,T008631
20260809_183835,batch_011,train,T009275
20260809_183835,batch_011,train,T009280
20260809_183835,batch_011,train,T009717
20260809_183835,batch_011,train,T009909
20260809_183835,batch_011,train,T010520
20260809_183835,batch_011,train,T010532
20260809_183835,batch_011,train,T012121
20260809_183835,batch_011,train,T012138
20260809_183835,batch_011,train,T012312
20260809_183835,batch_011,train,T012374
20260809_183835,batch_011,train,T012389
20260809_183835,batch_011,train,T012977
20260809_183835,batch_011,train,T013431
20260809_183835,batch_011,train,T013828
20260809_183835,batch_011,train,T013832
20260809_183835,batch_011,train,T014575
20260809_183835,batch_011,train,T014800
20260809_183835,batch_011,train,T014801
20260809_183835,batch_011,train,T014806
20260809_183835,batch_011,train,T016812
20260809_183835,batch_011,train,T016834
20260809_183835,batch_011,train,T019021
20260809_183835,batch_011,train,T019850
20260809_183835,batch_011,train,T019852
20260809_183835,batch_011,train,T019853
20260809_183835,batch_011,train,T020231
20260809_183835,batch_011,train,T021613
20260809_183835,batch_011,train,T022883
20260809_183835,batch_011,train,T023390
20260809_183835,batch_011,train,T024121
20260809_183835,batch_011,train,T026211
20260809_183835,batch_011,train,T028029
20260809_183835,batch_011,train,T028183
20260809_183835,batch_011,train,T029687
20260809_183835,batch_011,train,T029922
20260809_183835,batch_011,test,E002681
20260809_183835,batch_011,test,E003393
20260809_183835,batch_011,test,E005804
20260809_183835,batch_011,test,E008241
20260809_183835,batch_011,test,E009667
20260809_183835,batch_011,test,E011459
20260809_183835,batch_011,test,E012971
20260809_183835,batch_011,test,E013394
20260809_183835,batch_011,test,E016870
20260809_183835,batch_011,test,E017049
20260809_183835,batch_011,test,E017715
20260809_183835,batch_011,test,E018421
20260809_183835,batch_011,test,E020682
20260809_183835,batch_011,test,E020808
20260809_183835,batch_011,test,E025912
20260809_183835,batch_011,test,E025921
20260809_183835,batch_011,test,E029310
20260809_183835,batch_011,test,E030933
20260809_183835,batch_011,test,E031941
20260809_183835,batch_011,test,E033156
20260809_183835,batch_011,test,E034885
20260809_183835,batch_011,test,P004230
20260809_183835,batch_011,test,P005135
20260809_183835,batch_011,test,P005279
20260809_183835,batch_011,test,P008633
20260809_183835,batch_011,test,P009291
20260809_183835,batch_011,test,P009880
20260809_183835,batch_011,test,P010096
20260809_183835,batch_011,test,P010322
20260809_183835,batch_011,test,P010936
20260809_183835,batch_011,test,P011207
20260809_183835,batch_011,test,P013454
20260809_183835,batch_011,test,P013960
20260809_183835,batch_011,test,P014713
20260809_183835,batch_011,test,P015091
20260809_183835,batch_011,test,P017743
20260809_183835,batch_011,test,P019854
20260809_183835,batch_011,test,P020861
20260809_183835,batch_011,test,P021343
20260809_183835,batch_011,test,P022384
20260809_183835,batch_011,test,P023918
20260809_183835,batch_011,test,P026562
20260809_183835,batch_011,test,T000272
20260809_183835,batch_011,test,T003355
20260809_183835,batch_011,test,T003745
20260809_183835,batch_011,test,T006266
20260809_183835,batch_011,test,T007748
20260809_183835,batch_011,test,T008246
20260809_183835,batch_011,test,T011454
20260809_183835,batch_011,test,T011676
20260809_183835,batch_011,test,T012983
20260809_183835,batch_011,test,T014197
20260809_183835,batch_011,test,T014827
20260809_183835,batch_011,test,T016234
20260809_183835,batch_011,test,T016548
20260809_183835,batch_011,test,T016811
20260809_183835,batch_011,test,T017394
20260809_183835,batch_011,test,T017419
20260809_183835,batch_011,test,T018343
20260809_183835,batch_011,test,T019031
20260809_183835,batch_011,test,T021076
20260809_183835,batch_011,test,T023909
20260809_183835,batch_011,test,T025415
20260809_183835,batch_012,train,E002338
20260809_183835,batch_012,train,E002473
20260809_183835,batch_012,train,E004071
20260809_183835,batch_012,train,E004080
20260809_183835,batch_012,train,E004781
20260809_183835,batch_012,train,E004934
20260809_183835,batch_012,train,E005804
20260809_183835,batch_012,train,E006871
20260809_183835,batch_012,train,E007743
20260809_183835,batch_012,train,E007980
20260809_183835,batch_012,train,E008437
20260809_183835,batch_012,train,E009020
20260809_183835,batch_012,train,E009667
20260809_183835,batch_012,train,E009676
20260809_183835,batch_012,train,E012115
20260809_183835,batch_012,train,E012124
20260809_183835,batch_012,train,E012393
20260809_183835,batch_012,train,E012678
20260809_183835,batch_012,train,E012971
20260809_183835,batch_012,train,E013394
20260809_183835,batch_012,train,E015378
20260809_183835,batch_012,train,E015991
20260809_183835,batch_012,train,E016681
20260809_183835,batch_012,train,E016870
20260809_183835,batch_012,train,E017049
20260809_183835,batch_012,train,E018421
20260809_183835,batch_012,train,E018574
20260809_183835,batch_012,train,E019160
20260809_183835,batch_012,train,E019349
20260809_183835,batch_012,train,E019793
20260809_183835,batch_012,train,E020781
20260809_183835,batch_012,train,E020808
20260809_183835,batch_012,train,E022960
20260809_183835,batch_012,train,E023681
20260809_183835,batch_012,train,E023839
20260809_183835,batch_012,train,E024646
20260809_183835,batch_012,train,E025671
20260809_183835,batch_012,train,E025912
20260809_183835,batch_012,train,E025921
20260809_183835,batch_012,train,E026343
20260809_183835,batch_012,train,E029310
20260809_183835,batch_012,train,E029796
20260809_183835,batch_012,train,E030828
20260809_183835,batch_012,train,E031941
20260809_183835,batch_012,train,E032745
20260809_183835,batch_012,train,E033036
20260809_183835,batch_012,train,E034324
20260809_183835,batch_012,train,E034885
20260809_183835,batch_012,train,P000756
20260809_183835,batch_012,train,P001307
20260809_183835,batch_012,train,P001363
20260809_183835,batch_012,train,P003173
20260809_183835,batch_012,train,P003435
20260809_183835,batch_012,train,P003558
20260809_183835,batch_012,train,P004113
20260809_183835,batch_012,train,P005135
20260809_183835,batch_012,train,P005279
20260809_183835,batch_012,train,P005342
20260809_183835,batch_012,train,P005558
20260809_183835,batch_012,train,P006035
20260809_183835,batch_012,train,P007649
20260809_183835,batch_012,train,P007857
20260809_183835,batch_012,train,P008119
20260809_183835,batch_012,train,P008543
20260809_183835,batch_012,train,P008579
20260809_183835,batch_012,train,P008939
20260809_183835,batch_012,train,P009219
20260809_183835,batch_012,train,P009291
20260809_183835,batch_012,train,P009746
20260809_183835,batch_012,train,P010096
20260809_183835,batch_012,train,P010322
20260809_183835,batch_012,train,P010936
20260809_183835,batch_012,train,P011108
20260809_183835,batch_012,train,P011207
20260809_183835,batch_012,train,P013454
20260809_183835,batch_012,train,P013823
20260809_183835,batch_012,train,P013960
20260809_183835,batch_012,train,P014605
20260809_183835,batch_012,train,P014713
20260809_183835,batch_012,train,P014839
20260809_183835,batch_012,train,P015091
20260809_183835,batch_012,train,P016497
20260809_183835,batch_012,train,P017255
20260809_183835,batch_012,train,P017671
20260809_183835,batch_012,train,P017743
20260809_183835,batch_012,train,P019222
20260809_183835,batch_012,train,P019475
20260809_183835,batch_012,train,P019854
20260809_183835,batch_012,train,P019980
20260809_183835,batch_012,train,P020799
20260809_183835,batch_012,train,P021343
20260809_183835,batch_012,train,P022130
20260809_183835,batch_012,train,P022222
20260809_183835,batch_012,train,P022384
20260809_183835,batch_012,train,P023918
20260809_183835,batch_012,train,P026562
20260809_183835,batch_012,train,T000094
20260809_183835,batch_012,train,T000272
20260809_183835,batch_012,train,T000461
20260809_183835,batch_012,train,T003745
20260809_183835,batch_012,train,T003950
20260809_183835,batch_012,train,T005507
20260809_183835,batch_012,train,T005643
20260809_183835,batch_012,train,T006266
20260809_183835,batch_012,train,T006288
20260809_183835,batch_012,train,T007404
20260809_183835,batch_012,train,T007748
20260809_183835,batch_012,train,T008246
20260809_183835,batch_012,train,T008247
20260809_183835,batch_012,train,T009275
20260809_183835,batch_012,train,T009717
20260809_183835,batch_012,train,T009909
20260809_183835,batch_012,train,T010520
20260809_183835,batch_012,train,T010532
20260809_183835,batch_012,train,T011454
20260809_183835,batch_012,train,T011676
20260809_183835,batch_012,train,T012121
20260809_183835,batch_012,train,T012138
20260809_183835,batch_012,train,T012312
20260809_183835,batch_012,train,T012374
20260809_183835,batch_012,train,T012977
20260809_183835,batch_012,train,T013828
20260809_183835,batch_012,train,T013832
20260809_183835,batch_012,train,T014197
20260809_183835,batch_012,train,T014575
20260809_183835,batch_012,train,T014800
20260809_183835,batch_012,train,T014801
20260809_183835,batch_012,train,T014827
20260809_183835,batch_012,train,T016234
20260809_183835,batch_012,train,T016812
20260809_183835,batch_012,train,T016834
20260809_183835,batch_012,train,T017394
20260809_183835,batch_012,train,T017419
20260809_183835,batch_012,train,T018343
20260809_183835,batch_012,train,T019031
20260809_183835,batch_012,train,T019852
20260809_183835,batch_012,train,T020231
20260809_183835,batch_012,train,T022883
20260809_183835,batch_012,train,T023909
20260809_183835,batch_012,train,T024121
20260809_183835,batch_012,train,T025415
20260809_183835,batch_012,train,T026211
20260809_183835,batch_012,train,T028029
20260809_183835,batch_012,train,T028183
20260809_183835,batch_012,train,T029687
20260809_183835,batch_012,train,T029922
20260809_183835,batch_012,test,E002681
20260809_183835,batch_012,test,E003393
20260809_183835,batch_012,test,E007303
20260809_183835,batch_012,test,E008241
20260809_183835,batch_012,test,E008357
20260809_183835,batch_012,test,E008643
20260809_183835,batch_012,test,E011183
20260809_183835,batch_012,test,E011459
20260809_183835,batch_012,test,E014953
20260809_183835,batch_012,test,E015208
20260809_183835,batch_012,test,E016148
20260809_183835,batch_012,test,E016444
20260809_183835,batch_012,test,E017715
20260809_183835,batch_012,test,E019187
20260809_183835,batch_012,test,E020682
20260809_183835,batch_012,test,E022083
20260809_183835,batch_012,test,E023535
20260809_183835,batch_012,test,E023705
20260809_183835,batch_012,test,E024240
20260809_183835,batch_012,test,E030933
20260809_183835,batch_012,test,E033156
20260809_183835,batch_012,test,P000648
20260809_183835,batch_012,test,P000675
20260809_183835,batch_012,test,P003191
20260809_183835,batch_012,test,P004230
20260809_183835,batch_012,test,P004847
20260809_183835,batch_012,test,P004946
20260809_183835,batch_012,test,P006862
20260809_183835,batch_012,test,P007550
20260809_183835,batch_012,test,P008633
20260809_183835,batch_012,test,P008723
20260809_183835,batch_012,test,P009880
20260809_183835,batch_012,test,P010313
20260809_183835,batch_012,test,P013701
20260809_183835,batch_012,test,P015163
20260809_183835,batch_012,test,P016574
20260809_183835,batch_012,test,P016803
20260809_183835,batch_012,test,P018832
20260809_183835,batch_012,test,P020604
20260809_183835,batch_012,test,P020631
20260809_183835,batch_012,test,P020861
20260809_183835,batch_012,test,P021772
20260809_183835,batch_012,test,T002534
20260809_183835,batch_012,test,T003353
20260809_183835,batch_012,test,T003355
20260809_183835,batch_012,test,T004341
20260809_183835,batch_012,test,T005999
20260809_183835,batch_012,test,T007750
20260809_183835,batch_012,test,T008025
20260809_183835,batch_012,test,T008631
20260809_183835,batch_012,test,T009280
20260809_183835,batch_012,test,T012389
20260809_183835,batch_012,test,T012983
20260809_183835,batch_012,test,T013431
20260809_183835,batch_012,test,T014806
20260809_183835,batch_012,test,T016548
20260809_183835,batch_012,test,T016811
20260809_183835,batch_012,test,T019021
20260809_183835,batch_012,test,T019850
20260809_183835,batch_012,test,T019853
20260809_183835,batch_012,test,T021076
20260809_183835,batch_012,test,T021613
20260809_183835,batch_012,test,T023390
20260809_183835,batch_013,train,E002338
20260809_183835,batch_013,train,E002473
20260809_183835,batch_013,train,E002681
20260809_183835,batch_013,train,E004071
20260809_183835,batch_013,train,E004080
20260809_183835,batch_013,train,E004781
20260809_183835,batch_013,train,E004934
20260809_183835,batch_013,train,E006871
20260809_183835,batch_013,train,E007303
20260809_183835,batch_013,train,E007980
20260809_183835,batch_013,train,E008241
20260809_183835,batch_013,train,E009020
20260809_183835,batch_013,train,E009676
20260809_183835,batch_013,train,E011183
20260809_183835,batch_013,train,E011459
20260809_183835,batch_013,train,E012124
20260809_183835,batch_013,train,E012393
20260809_183835,batch_013,train,E012971
20260809_183835,batch_013,train,E014953
20260809_183835,batch_013,train,E015208
20260809_183835,batch_013,train,E015991
20260809_183835,batch_013,train,E016148
20260809_183835,batch_013,train,E016870
20260809_183835,batch_013,train,E017049
20260809_183835,batch_013,train,E017715
20260809_183835,batch_013,train,E018421
20260809_183835,batch_013,train,E018574
20260809_183835,batch_013,train,E019160
20260809_183835,batch_013,train,E019187
20260809_183835,batch_013,train,E019349
20260809_183835,batch_013,train,E019793
20260809_183835,batch_013,train,E020781
20260809_183835,batch_013,train,E020808
20260809_183835,batch_013,train,E022083
20260809_183835,batch_013,train,E022960
20260809_183835,batch_013,train,E023535
20260809_183835,batch_013,train,E023705
20260809_183835,batch_013,train,E023839
20260809_183835,batch_013,train,E024240
20260809_183835,batch_013,train,E025671
20260809_183835,batch_013,train,E029310
20260809_183835,batch_013,train,E030828
20260809_183835,batch_013,train,E030933
20260809_183835,batch_013,train,E031941
20260809_183835,batch_013,train,E032745
20260809_183835,batch_013,train,E033036
20260809_183835,batch_013,train,E033156
20260809_183835,batch_013,train,E034885
20260809_183835,batch_013,train,P000648
20260809_183835,batch_013,train,P000675
20260809_183835,batch_013,train,P000756
20260809_183835,batch_013,train,P001307
20260809_183835,batch_013,train,P001363
20260809_183835,batch_013,train,P003191
20260809_183835,batch_013,train,P003435
20260809_183835,batch_013,train,P003558
20260809_183835,batch_013,train,P004113
20260809_183835,batch_013,train,P004230
20260809_183835,batch_013,train,P005135
20260809_183835,batch_013,train,P005279
20260809_183835,batch_013,train,P005342
20260809_183835,batch_013,train,P007649
20260809_183835,batch_013,train,P008119
20260809_183835,batch_013,train,P008543
20260809_183835,batch_013,train,P008723
20260809_183835,batch_013,train,P008939
20260809_183835,batch_013,train,P009746
20260809_183835,batch_013,train,P010096
20260809_183835,batch_013,train,P010313
20260809_183835,batch_013,train,P010936
20260809_183835,batch_013,train,P011108
20260809_183835,batch_013,train,P011207
20260809_183835,batch_013,train,P013454
20260809_183835,batch_013,train,P013823
20260809_183835,batch_013,train,P013960
20260809_183835,batch_013,train,P014605
20260809_183835,batch_013,train,P014713
20260809_183835,batch_013,train,P014839
20260809_183835,batch_013,train,P015091
20260809_183835,batch_013,train,P015163
20260809_183835,batch_013,train,P016497
20260809_183835,batch_013,train,P016574
20260809_183835,batch_013,train,P017255
20260809_183835,batch_013,train,P017671
20260809_183835,batch_013,train,P017743
20260809_183835,batch_013,train,P019222
20260809_183835,batch_013,train,P019475
20260809_183835,batch_013,train,P019854
20260809_183835,batch_013,train,P020604
20260809_183835,batch_013,train,P020631
20260809_183835,batch_013,train,P021343
20260809_183835,batch_013,train,P021772
20260809_183835,batch_013,train,P022130
20260809_183835,batch_013,train,P022222
20260809_183835,batch_013,train,P022384
20260809_183835,batch_013,train,P026562
20260809_183835,batch_013,train,T000094
20260809_183835,batch_013,train,T000272
20260809_183835,batch_013,train,T000461
20260809_183835,batch_013,train,T002534
20260809_183835,batch_013,train,T003353
20260809_183835,batch_013,train,T003745
20260809_183835,batch_013,train,T004341
20260809_183835,batch_013,train,T005507
20260809_183835,batch_013,train,T005643
20260809_183835,batch_013,train,T005999
20260809_183835,batch_013,train,T006266
20260809_183835,batch_013,train,T006288
20260809_183835,batch_013,train,T007404
20260809_183835,batch_013,train,T007748
20260809_183835,batch_013,train,T008025
20260809_183835,batch_013,train,T008247
20260809_183835,batch_013,train,T008631
20260809_183835,batch_013,train,T009280
20260809_183835,batch_013,train,T009909
20260809_183835,batch_013,train,T010520
20260809_183835,batch_013,train,T010532
20260809_183835,batch_013,train,T011676
20260809_183835,batch_013,train,T012121
20260809_183835,batch_013,train,T012138
20260809_183835,batch_013,train,T012312
20260809_183835,batch_013,train,T012374
20260809_183835,batch_013,train,T012389
20260809_183835,batch_013,train,T012977
20260809_183835,batch_013,train,T012983
20260809_183835,batch_013,train,T013431
20260809_183835,batch_013,train,T013828
20260809_183835,batch_013,train,T014197
20260809_183835,batch_013,train,T014575
20260809_183835,batch_013,train,T014800
20260809_183835,batch_013,train,T014801
20260809_183835,batch_013,train,T014806
20260809_183835,batch_013,train,T016812
20260809_183835,batch_013,train,T016834
20260809_183835,batch_013,train,T017394
20260809_183835,batch_013,train,T019021
20260809_183835,batch_013,train,T019031
20260809_183835,batch_013,train,T019850
20260809_183835,batch_013,train,T019852
20260809_183835,batch_013,train,T019853
20260809_183835,batch_013,train,T020231
20260809_183835,batch_013,train,T021076
20260809_183835,batch_013,train,T021613
20260809_183835,batch_013,train,T022883
20260809_183835,batch_013,train,T028183
20260809_183835,batch_013,train,T029687
20260809_183835,batch_013,test,E003393
20260809_183835,batch_013,test,E005804
20260809_183835,batch_013,test,E007743
20260809_183835,batch_013,test,E008357
20260809_183835,batch_013,test,E008437
20260809_183835,batch_013,test,E008643
20260809_183835,batch_013,test,E009667
20260809_183835,batch_013,test,E012115
20260809_183835,batch_013,test,E012678
20260809_183835,batch_013,test,E013394
20260809_183835,batch_013,test,E015378
20260809_183835,batch_013,test,E016444
20260809_183835,batch_013,test,E016681
20260809_183835,batch_013,test,E020682
20260809_183835,batch_013,test,E023681
20260809_183835,batch_013,test,E024646
20260809_183835,batch_013,test,E025912
20260809_183835,batch_013,test,E025921
20260809_183835,batch_013,test,E026343
20260809_183835,batch_013,test,E029796
20260809_183835,batch_013,test,E034324
20260809_183835,batch_013,test,P003173
20260809_183835,batch_013,test,P004847
20260809_183835,batch_013,test,P004946
20260809_183835,batch_013,test,P005558
20260809_183835,batch_013,test,P006035
20260809_183835,batch_013,test,P006862
20260809_183835,batch_013,test,P007550
20260809_183835,batch_013,test,P007857
20260809_183835,batch_013,test,P008579
20260809_183835,batch_013,test,P008633
20260809_183835,batch_013,test,P009219
20260809_183835,batch_013,test,P009291
20260809_183835,batch_013,test,P009880
20260809_183835,batch_013,test,P010322
20260809_183835,batch_013,test,P013701
20260809_183835,batch_013,test,P016803
20260809_183835,batch_013,test,P018832
20260809_183835,batch_013,test,P019980
20260809_183835,batch_013,test,P020799
20260809_183835,batch_013,test,P020861
20260809_183835,batch_013,test,P023918
20260809_183835,batch_013,test,T003355
20260809_183835,batch_013,test,T003950
20260809_183835,batch_013,test,T007750
20260809_183835,batch_013,test,T008246
20260809_183835,batch_013,test,T009275
20260809_183835,batch_013,test,T009717
20260809_183835,batch_013,test,T011454
20260809_183835,batch_013,test,T013832
20260809_183835,batch_013,test,T014827
20260809_183835,batch_013,test,T016234
20260809_183835,batch_013,test,T016548
20260809_183835,batch_013,test,T016811
20260809_183835,batch_013,test,T017419
20260809_183835,batch_013,test,T018343
20260809_183835,batch_013,test,T023390
20260809_183835,batch_013,test,T023909
20260809_183835,batch_013,test,T024121
20260809_183835,batch_013,test,T025415
20260809_183835,batch_013,test,T026211
20260809_183835,batch_013,test,T028029
20260809_183835,batch_013,test,T029922
20260809_183835,batch_014,train,E002338
20260809_183835,batch_014,train,E002681
20260809_183835,batch_014,train,E003393
20260809_183835,batch_014,train,E004071
20260809_183835,batch_014,train,E004080
20260809_183835,batch_014,train,E004781
20260809_183835,batch_014,train,E004934
20260809_183835,batch_014,train,E005804
20260809_183835,batch_014,train,E007743
20260809_183835,batch_014,train,E007980
20260809_183835,batch_014,train,E008241
20260809_183835,batch_014,train,E008357
20260809_183835,batch_014,train,E008437
20260809_183835,batch_014,train,E008643
20260809_183835,batch_014,train,E009020
20260809_183835,batch_014,train,E011183
20260809_183835,batch_014,train,E011459
20260809_183835,batch_014,train,E012124
20260809_183835,batch_014,train,E012678
20260809_183835,batch_014,train,E012971
20260809_183835,batch_014,train,E013394
20260809_183835,batch_014,train,E014953
20260809_183835,batch_014,train,E015208
20260809_183835,batch_014,train,E016148
20260809_183835,batch_014,train,E016681
20260809_183835,batch_014,train,E016870
20260809_183835,batch_014,train,E017715
20260809_183835,batch_014,train,E018421
20260809_183835,batch_014,train,E018574
20260809_183835,batch_014,train,E019160
20260809_183835,batch_014,train,E019187
20260809_183835,batch_014,train,E019349
20260809_183835,batch_014,train,E020682
20260809_183835,batch_014,train,E022083
20260809_183835,batch_014,train,E022960
20260809_183835,batch_014,train,E023535
20260809_183835,batch_014,train,E023681
20260809_183835,batch_014,train,E024240
20260809_183835,batch_014,train,E025671
20260809_183835,batch_014,train,E025912
20260809_183835,batch_014,train,E025921
20260809_183835,batch_014,train,E026343
20260809_183835,batch_014,train,E029310
20260809_183835,batch_014,train,E029796
20260809_183835,batch_014,train,E030933
20260809_183835,batch_014,train,E031941
20260809_183835,batch_014,train,E032745
20260809_183835,batch_014,train,E034324
20260809_183835,batch_014,train,P000675
20260809_183835,batch_014,train,P000756
20260809_183835,batch_014,train,P003173
20260809_183835,batch_014,train,P003191
20260809_183835,batch_014,train,P003435
20260809_183835,batch_014,train,P003558
20260809_183835,batch_014,train,P004113
20260809_183835,batch_014,train,P004230
20260809_183835,batch_014,train,P004847
20260809_183835,batch_014,train,P004946
20260809_183835,batch_014,train,P005279
20260809_183835,batch_014,train,P005342
20260809_183835,batch_014,train,P005558
20260809_183835,batch_014,train,P006035
20260809_183835,batch_014,train,P006862
20260809_183835,batch_014,train,P007550
20260809_183835,batch_014,train,P007649
20260809_183835,batch_014,train,P007857
20260809_183835,batch_014,train,P008543
20260809_183835,batch_014,train,P008579
20260809_183835,batch_014,train,P008633
20260809_183835,batch_014,train,P008723
20260809_183835,batch_014,train,P009219
20260809_183835,batch_014,train,P009746
20260809_183835,batch_014,train,P009880
20260809_183835,batch_014,train,P010096
20260809_183835,batch_014,train,P010313
20260809_183835,batch_014,train,P010936
20260809_183835,batch_014,train,P011108
20260809_183835,batch_014,train,P013701
20260809_183835,batch_014,train,P014605
20260809_183835,batch_014,train,P015091
20260809_183835,batch_014,train,P016497
20260809_183835,batch_014,train,P016803
20260809_183835,batch_014,train,P017255
20260809_183835,batch_014,train,P017671
20260809_183835,batch_014,train,P017743
20260809_183835,batch_014,train,P018832
20260809_183835,batch_014,train,P019222
20260809_183835,batch_014,train,P020799
20260809_183835,batch_014,train,P020861
20260809_183835,batch_014,train,P021343
20260809_183835,batch_014,train,P021772
20260809_183835,batch_014,train,P022130
20260809_183835,batch_014,train,P022222
20260809_183835,batch_014,train,P022384
20260809_183835,batch_014,train,P023918
20260809_183835,batch_014,train,P026562
20260809_183835,batch_014,train,T000094
20260809_183835,batch_014,train,T000461
20260809_183835,batch_014,train,T002534
20260809_183835,batch_014,train,T003353
20260809_183835,batch_014,train,T003355
20260809_183835,batch_014,train,T003950
20260809_183835,batch_014,train,T004341
20260809_183835,batch_014,train,T005507
20260809_183835,batch_014,train,T005999
20260809_183835,batch_014,train,T006266
20260809_183835,batch_014,train,T006288
20260809_183835,batch_014,train,T007404
20260809_183835,batch_014,train,T007748
20260809_183835,batch_014,train,T008025
20260809_183835,batch_014,train,T008246
20260809_183835,batch_014,train,T008247
20260809_183835,batch_014,train,T008631
20260809_183835,batch_014,train,T009275
20260809_183835,batch_014,train,T009280
20260809_183835,batch_014,train,T009717
20260809_183835,batch_014,train,T010520
20260809_183835,batch_014,train,T010532
20260809_183835,batch_014,train,T011454
20260809_183835,batch_014,train,T011676
20260809_183835,batch_014,train,T012121
20260809_183835,batch_014,train,T012312
20260809_183835,batch_014,train,T012374
20260809_183835,batch_014,train,T012389
20260809_183835,batch_014,train,T012977
20260809_183835,batch_014,train,T012983
20260809_183835,batch_014,train,T013431
20260809_183835,batch_014,train,T013828
20260809_183835,batch_014,train,T013832
20260809_183835,batch_014,train,T014800
20260809_183835,batch_014,train,T014806
20260809_183835,batch_014,train,T014827
20260809_183835,batch_014,train,T016548
20260809_183835,batch_014,train,T019021
20260809_183835,batch_014,train,T019031
20260809_183835,batch_014,train,T019850
20260809_183835,batch_014,train,T019852
20260809_183835,batch_014,train,T020231
20260809_183835,batch_014,train,T021076
20260809_183835,batch_014,train,T021613
20260809_183835,batch_014,train,T023390
20260809_183835,batch_014,train,T024121
20260809_183835,batch_014,train,T026211
20260809_183835,batch_014,train,T028029
20260809_183835,batch_014,train,T029687
20260809_183835,batch_014,train,T029922
20260809_183835,batch_014,test,E002473
20260809_183835,batch_014,test,E006871
20260809_183835,batch_014,test,E007303
20260809_183835,batch_014,test,E009667
20260809_183835,batch_014,test,E009676
20260809_183835,batch_014,test,E012115
20260809_183835,batch_014,test,E012393
20260809_183835,batch_014,test,E015378
20260809_183835,batch_014,test,E015991
20260809_183835,batch_014,test,E016444
20260809_183835,batch_014,test,E017049
20260809_183835,batch_014,test,E019793
20260809_183835,batch_014,test,E020781
20260809_183835,batch_014,test,E020808
20260809_183835,batch_014,test,E023705
20260809_183835,batch_014,test,E023839
20260809_183835,batch_014,test,E024646
20260809_183835,batch_014,test,E030828
20260809_183835,batch_014,test,E033036
20260809_183835,batch_014,test,E033156
20260809_183835,batch_014,test,E034885
20260809_183835,batch_014,test,P000648
20260809_183835,batch_014,test,P001307
20260809_183835,batch_014,test,P001363
20260809_183835,batch_014,test,P005135
20260809_183835,batch_014,test,P008119
20260809_183835,batch_014,test,P008939
20260809_183835,batch_014,test,P009291
20260809_183835,batch_014,test,P010322
20260809_183835,batch_014,test,P011207
20260809_183835,batch_014,test,P013454
20260809_183835,batch_014,test,P013823
20260809_183835,batch_014,test,P013960
20260809_183835,batch_014,test,P014713
20260809_183835,batch_014,test,P014839
20260809_183835,batch_014,test,P015163
20260809_183835,batch_014,test,P016574
20260809_183835,batch_014,test,P019475
20260809_183835,batch_014,test,P019854
20260809_183835,batch_014,test,P019980
20260809_183835,batch_014,test,P020604
20260809_183835,batch_014,test,P020631
20260809_183835,batch_014,test,T000272
20260809_183835,batch_014,test,T003745
20260809_183835,batch_014,test,T005643
20260809_183835,batch_014,test,T007750
20260809_183835,batch_014,test,T009909
20260809_183835,batch_014,test,T012138
20260809_183835,batch_014,test,T014197
20260809_183835,batch_014,test,T014575
20260809_183835,batch_014,test,T014801
20260809_183835,batch_014,test,T016234
20260809_183835,batch_014,test,T016811
20260809_183835,batch_014,test,T016812
20260809_183835,batch_014,test,T016834
20260809_183835,batch_014,test,T017394
20260809_183835,batch_014,test,T017419
20260809_183835,batch_014,test,T018343
20260809_183835,batch_014,test,T019853
20260809_183835,batch_014,test,T022883
20260809_183835,batch_014,test,T023909
20260809_183835,batch_014,test,T025415
20260809_183835,batch_014,test,T028183
20260809_183835,batch_015,train,E002338
20260809_183835,batch_015,train,E002473
20260809_183835,batch_015,train,E002681
20260809_183835,batch_015,train,E003393
20260809_183835,batch_015,train,E004071
20260809_183835,batch_015,train,E004781
20260809_183835,batch_015,train,E004934
20260809_183835,batch_015,train,E005804
20260809_183835,batch_015,train,E006871
20260809_183835,batch_015,train,E007303
20260809_183835,batch_015,train,E007980
20260809_183835,batch_015,train,E008241
20260809_183835,batch_015,train,E008643
20260809_183835,batch_015,train,E009020
20260809_183835,batch_015,train,E009667
20260809_183835,batch_015,train,E012115
20260809_183835,batch_015,train,E012124
20260809_183835,batch_015,train,E012971
20260809_183835,batch_015,train,E013394
20260809_183835,batch_015,train,E015378
20260809_183835,batch_015,train,E015991
20260809_183835,batch_015,train,E016148
20260809_183835,batch_015,train,E016444
20260809_183835,batch_015,train,E016870
20260809_183835,batch_015,train,E017715
20260809_183835,batch_015,train,E018421
20260809_183835,batch_015,train,E019160
20260809_183835,batch_015,train,E019187
20260809_183835,batch_015,train,E019349
20260809_183835,batch_015,train,E020781
20260809_183835,batch_015,train,E020808
20260809_183835,batch_015,train,E022960
20260809_183835,batch_015,train,E023535
20260809_183835,batch_015,train,E023681
20260809_183835,batch_015,train,E023705
20260809_183835,batch_015,train,E023839
20260809_183835,batch_015,train,E024240
20260809_183835,batch_015,train,E025671
20260809_183835,batch_015,train,E025912
20260809_183835,batch_015,train,E026343
20260809_183835,batch_015,train,E029310
20260809_183835,batch_015,train,E029796
20260809_183835,batch_015,train,E030828
20260809_183835,batch_015,train,E031941
20260809_183835,batch_015,train,E033036
20260809_183835,batch_015,train,E033156
20260809_183835,batch_015,train,E034324
20260809_183835,batch_015,train,E034885
20260809_183835,batch_015,train,P000756
20260809_183835,batch_015,train,P001307
20260809_183835,batch_015,train,P001363
20260809_183835,batch_015,train,P003173
20260809_183835,batch_015,train,P003191
20260809_183835,batch_015,train,P003435
20260809_183835,batch_015,train,P003558
20260809_183835,batch_015,train,P004113
20260809_183835,batch_015,train,P004230
20260809_183835,batch_015,train,P004946
20260809_183835,batch_015,train,P005135
20260809_183835,batch_015,train,P005558
20260809_183835,batch_015,train,P006035
20260809_183835,batch_015,train,P006862
20260809_183835,batch_015,train,P007550
20260809_183835,batch_015,train,P007649
20260809_183835,batch_015,train,P007857
20260809_183835,batch_015,train,P008119
20260809_183835,batch_015,train,P008543
20260809_183835,batch_015,train,P008579
20260809_183835,batch_015,train,P008633
20260809_183835,batch_015,train,P008939
20260809_183835,batch_015,train,P009219
20260809_183835,batch_015,train,P009746
20260809_183835,batch_015,train,P010096
20260809_183835,batch_015,train,P010313
20260809_183835,batch_015,train,P010322
20260809_183835,batch_015,train,P010936
20260809_183835,batch_015,train,P011108
20260809_183835,batch_015,train,P011207
20260809_183835,batch_015,train,P013454
20260809_183835,batch_015,train,P013701
20260809_183835,batch_015,train,P014605
20260809_183835,batch_015,train,P016497
20260809_183835,batch_015,train,P016574
20260809_183835,batch_015,train,P016803
20260809_183835,batch_015,train,P017671
20260809_183835,batch_015,train,P017743
20260809_183835,batch_015,train,P019222
20260809_183835,batch_015,train,P019854
20260809_183835,batch_015,train,P020604
20260809_183835,batch_015,train,P020631
20260809_183835,batch_015,train,P020861
20260809_183835,batch_015,train,P021343
20260809_183835,batch_015,train,P022130
20260809_183835,batch_015,train,P022222
20260809_183835,batch_015,train,P023918
20260809_183835,batch_015,train,P026562
20260809_183835,batch_015,train,T000094
20260809_183835,batch_015,train,T000272
20260809_183835,batch_015,train,T003353
20260809_183835,batch_015,train,T003355
20260809_183835,batch_015,train,T003950
20260809_183835,batch_015,train,T004341
20260809_183835,batch_015,train,T005507
20260809_183835,batch_015,train,T006266
20260809_183835,batch_015,train,T006288
20260809_183835,batch_015,train,T007404
20260809_183835,batch_015,train,T007750
20260809_183835,batch_015,train,T008025
20260809_183835,batch_015,train,T008246
20260809_183835,batch_015,train,T008247
20260809_183835,batch_015,train,T008631
20260809_183835,batch_015,train,T010520
20260809_183835,batch_015,train,T010532
20260809_183835,batch_015,train,T011676
20260809_183835,batch_015,train,T012138
20260809_183835,batch_015,train,T012312
20260809_183835,batch_015,train,T012374
20260809_183835,batch_015,train,T012389
20260809_183835,batch_015,train,T012977
20260809_183835,batch_015,train,T012983
20260809_183835,batch_015,train,T013431
20260809_183835,batch_015,train,T013832
20260809_183835,batch_015,train,T014197
20260809_183835,batch_015,train,T014575
20260809_183835,batch_015,train,T014801
20260809_183835,batch_015,train,T014806
20260809_183835,batch_015,train,T016234
20260809_183835,batch_015,train,T016812
20260809_183835,batch_015,train,T016834
20260809_183835,batch_015,train,T017419
20260809_183835,batch_015,train,T018343
20260809_183835,batch_015,train,T019021
20260809_183835,batch_015,train,T019031
20260809_183835,batch_015,train,T019850
20260809_183835,batch_015,train,T019852
20260809_183835,batch_015,train,T019853
20260809_183835,batch_015,train,T021076
20260809_183835,batch_015,train,T021613
20260809_183835,batch_015,train,T022883
20260809_183835,batch_015,train,T023390
20260809_183835,batch_015,train,T023909
20260809_183835,batch_015,train,T024121
20260809_183835,batch_015,train,T025415
20260809_183835,batch_015,train,T026211
20260809_183835,batch_015,train,T028029
20260809_183835,batch_015,train,T029922
20260809_183835,batch_015,test,E004080
20260809_183835,batch_015,test,E007743
20260809_183835,batch_015,test,E008357
20260809_183835,batch_015,test,E008437
20260809_183835,batch_015,test,E009676
20260809_183835,batch_015,test,E011183
20260809_183835,batch_015,test,E011459
20260809_183835,batch_015,test,E012393
20260809_183835,batch_015,test,E012678
20260809_183835,batch_015,test,E014953
20260809_183835,batch_015,test,E015208
20260809_183835,batch_015,test,E016681
20260809_183835,batch_015,test,E017049
20260809_183835,batch_015,test,E018574
20260809_183835,batch_015,test,E019793
20260809_183835,batch_015,test,E020682
20260809_183835,batch_015,test,E022083
20260809_183835,batch_015,test,E024646
20260809_183835,batch_015,test,E025921
20260809_183835,batch_015,test,E030933
20260809_183835,batch_015,test,E032745
20260809_183835,batch_015,test,P000648
20260809_183835,batch_015,test,P000675
20260809_183835,batch_015,test,P004847
20260809_183835,batch_015,test,P005279
20260809_183835,batch_015,test,P005342
20260809_183835,batch_015,test,P008723
20260809_183835,batch_015,test,P009291
20260809_183835,batch_015,test,P009880
20260809_183835,batch_015,test,P013823
20260809_183835,batch_015,test,P013960
20260809_183835,batch_015,test,P014713
20260809_183835,batch_015,test,P014839
20260809_183835,batch_015,test,P015091
20260809_183835,batch_015,test,P015163
20260809_183835,batch_015,test,P017255
20260809_183835,batch_015,test,P018832
20260809_183835,batch_015,test,P019475
20260809_183835,batch_015,test,P019980
20260809_183835,batch_015,test,P020799
20260809_183835,batch_015,test,P021772
20260809_183835,batch_015,test,P022384
20260809_183835,batch_015,test,T000461
20260809_183835,batch_015,test,T002534
20260809_183835,batch_015,test,T003745
20260809_183835,batch_015,test,T005643
20260809_183835,batch_015,test,T005999
20260809_183835,batch_015,test,T007748
20260809_183835,batch_015,test,T009275
20260809_183835,batch_015,test,T009280
20260809_183835,batch_015,test,T009717
20260809_183835,batch_015,test,T009909
20260809_183835,batch_015,test,T011454
20260809_183835,batch_015,test,T012121
20260809_183835,batch_015,test,T013828
20260809_183835,batch_015,test,T014800
20260809_183835,batch_015,test,T014827
20260809_183835,batch_015,test,T016548
20260809_183835,batch_015,test,T016811
20260809_183835,batch_015,test,T017394
20260809_183835,batch_015,test,T020231
20260809_183835,batch_015,test,T028183
20260809_183835,batch_015,test,T029687
20260809_183835,batch_016,train,E002473
20260809_183835,batch_016,train,E002681
20260809_183835,batch_016,train,E003393
20260809_183835,batch_016,train,E004071
20260809_183835,batch_016,train,E004080
20260809_183835,batch_016,train,E004781
20260809_183835,batch_016,train,E004934
20260809_183835,batch_016,train,E007743
20260809_183835,batch_016,train,E007980
20260809_183835,batch_016,train,E008241
20260809_183835,batch_016,train,E008437
20260809_183835,batch_016,train,E008643
20260809_183835,batch_016,train,E009020
20260809_183835,batch_016,train,E011183
20260809_183835,batch_016,train,E011459
20260809_183835,batch_016,train,E012124
20260809_183835,batch_016,train,E012678
20260809_183835,batch_016,train,E012971
20260809_183835,batch_016,train,E013394
20260809_183835,batch_016,train,E014953
20260809_183835,batch_016,train,E016148
20260809_183835,batch_016,train,E016444
20260809_183835,batch_016,train,E016681
20260809_183835,batch_016,train,E016870
20260809_183835,batch_016,train,E018421
20260809_183835,batch_016,train,E018574
20260809_183835,batch_016,train,E019160
20260809_183835,batch_016,train,E019349
20260809_183835,batch_016,train,E019793
20260809_183835,batch_016,train,E020682
20260809_183835,batch_016,train,E020781
20260809_183835,batch_016,train,E020808
20260809_183835,batch_016,train,E022083
20260809_183835,batch_016,train,E022960
20260809_183835,batch_016,train,E023535
20260809_183835,batch_016,train,E023681
20260809_183835,batch_016,train,E023839
20260809_183835,batch_016,train,E024240
20260809_183835,batch_016,train,E025671
20260809_183835,batch_016,train,E025921
20260809_183835,batch_016,train,E026343
20260809_183835,batch_016,train,E029310
20260809_183835,batch_016,train,E030828
20260809_183835,batch_016,train,E030933
20260809_183835,batch_016,train,E032745
20260809_183835,batch_016,train,E033036
20260809_183835,batch_016,train,E034324
20260809_183835,batch_016,train,E034885
20260809_183835,batch_016,train,P000648
20260809_183835,batch_016,train,P000675
20260809_183835,batch_016,train,P000756
20260809_183835,batch_016,train,P001307
20260809_183835,batch_016,train,P001363
20260809_183835,batch_016,train,P003191
20260809_183835,batch_016,train,P003558
20260809_183835,batch_016,train,P004113
20260809_183835,batch_016,train,P004230
20260809_183835,batch_016,train,P004946
20260809_183835,batch_016,train,P005135
20260809_183835,batch_016,train,P005342
20260809_183835,batch_016,train,P005558
20260809_183835,batch_016,train,P006035
20260809_183835,batch_016,train,P006862
20260809_183835,batch_016,train,P007857
20260809_183835,batch_016,train,P008119
20260809_183835,batch_016,train,P008579
20260809_183835,batch_016,train,P008633
20260809_183835,batch_016,train,P008723
20260809_183835,batch_016,train,P008939
20260809_183835,batch_016,train,P009219
20260809_183835,batch_016,train,P009291
20260809_183835,batch_016,train,P009746
20260809_183835,batch_016,train,P010936
20260809_183835,batch_016,train,P011108
20260809_183835,batch_016,train,P011207
20260809_183835,batch_016,train,P013454
20260809_183835,batch_016,train,P013701
20260809_183835,batch_016,train,P013823
20260809_183835,batch_016,train,P013960
20260809_183835,batch_016,train,P014605
20260809_183835,batch_016,train,P014839
20260809_183835,batch_016,train,P016497
20260809_183835,batch_016,train,P016574
20260809_183835,batch_016,train,P016803
20260809_183835,batch_016,train,P017255
20260809_183835,batch_016,train,P017671
20260809_183835,batch_016,train,P018832
20260809_183835,batch_016,train,P019222
20260809_183835,batch_016,train,P020604
20260809_183835,batch_016,train,P020631
20260809_183835,batch_016,train,P020861
20260809_183835,batch_016,train,P021343
20260809_183835,batch_016,train,P021772
20260809_183835,batch_016,train,P022222
20260809_183835,batch_016,train,P023918
20260809_183835,batch_016,train,P026562
20260809_183835,batch_016,train,T000461
20260809_183835,batch_016,train,T003353
20260809_183835,batch_016,train,T003355
20260809_183835,batch_016,train,T003745
20260809_183835,batch_016,train,T003950
20260809_183835,batch_016,train,T005507
20260809_183835,batch_016,train,T005643
20260809_183835,batch_016,train,T006266
20260809_183835,batch_016,train,T006288
20260809_183835,batch_016,train,T007404
20260809_183835,batch_016,train,T007750
20260809_183835,batch_016,train,T008025
20260809_183835,batch_016,train,T008247
20260809_183835,batch_016,train,T009280
20260809_183835,batch_016,train,T009909
20260809_183835,batch_016,train,T010520
20260809_183835,batch_016,train,T011454
20260809_183835,batch_016,train,T011676
20260809_183835,batch_016,train,T012121
20260809_183835,batch_016,train,T012138
20260809_183835,batch_016,train,T012977
20260809_183835,batch_016,train,T012983
20260809_183835,batch_016,train,T013431
20260809_183835,batch_016,train,T013828
20260809_183835,batch_016,train,T013832
20260809_183835,batch_016,train,T014197
20260809_183835,batch_016,train,T014575
20260809_183835,batch_016,train,T014800
20260809_183835,batch_016,train,T014801
20260809_183835,batch_016,train,T014827
20260809_183835,batch_016,train,T016234
20260809_183835,batch_016,train,T016811
20260809_183835,batch_016,train,T016834
20260809_183835,batch_016,train,T017394
20260809_183835,batch_016,train,T017419
20260809_183835,batch_016,train,T018343
20260809_183835,batch_016,train,T019021
20260809_183835,batch_016,train,T019031
20260809_183835,batch_016,train,T019850
20260809_183835,batch_016,train,T019852
20260809_183835,batch_016,train,T020231
20260809_183835,batch_016,train,T021076
20260809_183835,batch_016,train,T021613
20260809_183835,batch_016,train,T023390
20260809_183835,batch_016,train,T023909
20260809_183835,batch_016,train,T024121
20260809_183835,batch_016,train,T025415
20260809_183835,batch_016,train,T026211
20260809_183835,batch_016,train,T028029
20260809_183835,batch_016,train,T029922
20260809_183835,batch_016,test,E002338
20260809_183835,batch_016,test,E005804
20260809_183835,batch_016,test,E006871
20260809_183835,batch_016,test,E007303
20260809_183835,batch_016,test,E008357
20260809_183835,batch_016,test,E009667
20260809_183835,batch_016,test,E009676
20260809_183835,batch_016,test,E012115
20260809_183835,batch_016,test,E012393
20260809_183835,batch_016,test,E015208
20260809_183835,batch_016,test,E015378
20260809_183835,batch_016,test,E015991
20260809_183835,batch_016,test,E017049
20260809_183835,batch_016,test,E017715
20260809_183835,batch_016,test,E019187
20260809_183835,batch_016,test,E023705
20260809_183835,batch_016,test,E024646
20260809_183835,batch_016,test,E025912
20260809_183835,batch_016,test,E029796
20260809_183835,batch_016,test,E031941
20260809_183835,batch_016,test,E033156
20260809_183835,batch_016,test,P003173
20260809_183835,batch_016,test,P003435
20260809_183835,batch_016,test,P004847
20260809_183835,batch_016,test,P005279
20260809_183835,batch_016,test,P007550
20260809_183835,batch_016,test,P007649
20260809_183835,batch_016,test,P008543
20260809_183835,batch_016,test,P009880
20260809_183835,batch_016,test,P010096
20260809_183835,batch_016,test,P010313
20260809_183835,batch_016,test,P010322
20260809_183835,batch_016,test,P014713
20260809_183835,batch_016,test,P015091
20260809_183835,batch_016,test,P015163
20260809_183835,batch_016,test,P017743
20260809_183835,batch_016,test,P019475
20260809_183835,batch_016,test,P019854
20260809_183835,batch_016,test,P019980
20260809_183835,batch_016,test,P020799
20260809_183835,batch_016,test,P022130
20260809_183835,batch_016,test,P022384
20260809_183835,batch_016,test,T000094
20260809_183835,batch_016,test,T000272
20260809_183835,batch_016,test,T002534
20260809_183835,batch_016,test,T004341
20260809_183835,batch_016,test,T005999
20260809_183835,batch_016,test,T007748
20260809_183835,batch_016,test,T008246
20260809_183835,batch_016,test,T008631
20260809_183835,batch_016,test,T009275
20260809_183835,batch_016,test,T009717
20260809_183835,batch_016,test,T010532
20260809_183835,batch_016,test,T012312
20260809_183835,batch_016,test,T012374
20260809_183835,batch_016,test,T012389
20260809_183835,batch_016,test,T014806
20260809_183835,batch_016,test,T016548
20260809_183835,batch_016,test,T016812
20260809_183835,batch_016,test,T019853
20260809_183835,batch_016,test,T022883
20260809_183835,batch_016,test,T028183
20260809_183835,batch_016,test,T029687
20260809_183835,batch_017,train,E002338
20260809_183835,batch_017,train,E002681
20260809_183835,batch_017,train,E004080
20260809_183835,batch_017,train,E004781
20260809_183835,batch_017,train,E004934
20260809_183835,batch_017,train,E005804
20260809_183835,batch_017,train,E006871
20260809_183835,batch_017,train,E007980
20260809_183835,batch_017,train,E008241
20260809_183835,batch_017,train,E008357
20260809_183835,batch_017,train,E008437
20260809_183835,batch_017,train,E008643
20260809_183835,batch_017,train,E009020
20260809_183835,batch_017,train,E009676
20260809_183835,batch_017,train,E011183
20260809_183835,batch_017,train,E011459
20260809_183835,batch_017,train,E012393
20260809_183835,batch_017,train,E012971
20260809_183835,batch_017,train,E013394
20260809_183835,batch_017,train,E014953
20260809_183835,batch_017,train,E015378
20260809_183835,batch_017,train,E016148
20260809_183835,batch_017,train,E016681
20260809_183835,batch_017,train,E016870
20260809_183835,batch_017,train,E017715
20260809_183835,batch_017,train,E018421
20260809_183835,batch_017,train,E018574
20260809_183835,batch_017,train,E019160
20260809_183835,batch_017,train,E019187
20260809_183835,batch_017,train,E020682
20260809_183835,batch_017,train,E020781
20260809_183835,batch_017,train,E020808
20260809_183835,batch_017,train,E022083
20260809_183835,batch_017,train,E022960
20260809_183835,batch_017,train,E023535
20260809_183835,batch_017,train,E023705
20260809_183835,batch_017,train,E024240
20260809_183835,batch_017,train,E024646
20260809_183835,batch_017,train,E025671
20260809_183835,batch_017,train,E025921
20260809_183835,batch_017,train,E026343
20260809_183835,batch_017,train,E029310
20260809_183835,batch_017,train,E029796
20260809_183835,batch_017,train,E030933
20260809_183835,batch_017,train,E031941
20260809_183835,batch_017,train,E032745
20260809_183835,batch_017,train,E033156
20260809_183835,batch_017,train,E034324
20260809_183835,batch_017,train,P000648
20260809_183835,batch_017,train,P000675
20260809_183835,batch_017,train,P000756
20260809_183835,batch_017,train,P003191
20260809_183835,batch_017,train,P003435
20260809_183835,batch_017,train,P004113
20260809_183835,batch_017,train,P004847
20260809_183835,batch_017,train,P004946
20260809_183835,batch_017,train,P005279
20260809_183835,batch_017,train,P005342
20260809_183835,batch_017,train,P005558
20260809_183835,batch_017,train,P006862
20260809_183835,batch_017,train,P007550
20260809_183835,batch_017,train,P007857
20260809_183835,batch_017,train,P008119
20260809_183835,batch_017,train,P008543
20260809_183835,batch_017,train,P008579
20260809_183835,batch_017,train,P008633
20260809_183835,batch_017,train,P008723
20260809_183835,batch_017,train,P008939
20260809_183835,batch_017,train,P009219
20260809_183835,batch_017,train,P009291
20260809_183835,batch_017,train,P009746
20260809_183835,batch_017,train,P009880
20260809_183835,batch_017,train,P010096
20260809_183835,batch_017,train,P010313
20260809_183835,batch_017,train,P011108
20260809_183835,batch_017,train,P013823
20260809_183835,batch_017,train,P014605
20260809_183835,batch_017,train,P014713
20260809_183835,batch_017,train,P015091
20260809_183835,batch_017,train,P015163
20260809_183835,batch_017,train,P016497
20260809_183835,batch_017,train,P016803
20260809_183835,batch_017,train,P017671
20260809_183835,batch_017,train,P018832
20260809_183835,batch_017,train,P019222
20260809_183835,batch_017,train,P019475
20260809_183835,batch_017,train,P019854
20260809_183835,batch_017,train,P020604
20260809_183835,batch_017,train,P020799
20260809_183835,batch_017,train,P020861
20260809_183835,batch_017,train,P021772
20260809_183835,batch_017,train,P022130
20260809_183835,batch_017,train,P022222
20260809_183835,batch_017,train,P022384
20260809_183835,batch_017,train,P023918
20260809_183835,batch_017,train,P026562
20260809_183835,batch_017,train,T000272
20260809_183835,batch_017,train,T000461
20260809_183835,batch_017,train,T002534
20260809_183835,batch_017,train,T003355
20260809_183835,batch_017,train,T003745
20260809_183835,batch_017,train,T003950
20260809_183835,batch_017,train,T004341
20260809_183835,batch_017,train,T005643
20260809_183835,batch_017,train,T005999
20260809_183835,batch_017,train,T006266
20260809_183835,batch_017,train,T006288
20260809_183835,batch_017,train,T007748
20260809_183835,batch_017,train,T008246
20260809_183835,batch_017,train,T008631
20260809_183835,batch_017,train,T009717
20260809_183835,batch_017,train,T010520
20260809_183835,batch_017,train,T010532
20260809_183835,batch_017,train,T011454
20260809_183835,batch_017,train,T011676
20260809_183835,batch_017,train,T012121
20260809_183835,batch_017,train,T012138
20260809_183835,batch_017,train,T012312
20260809_183835,batch_017,train,T012374
20260809_183835,batch_017,train,T012977
20260809_183835,batch_017,train,T012983
20260809_183835,batch_017,train,T013431
20260809_183835,batch_017,train,T013828
20260809_183835,batch_017,train,T013832
20260809_183835,batch_017,train,T014197
20260809_183835,batch_017,train,T014575
20260809_183835,batch_017,train,T014800
20260809_183835,batch_017,train,T014801
20260809_183835,batch_017,train,T014806
20260809_183835,batch_017,train,T016234
20260809_183835,batch_017,train,T016548
20260809_183835,batch_017,train,T016811
20260809_183835,batch_017,train,T016812
20260809_183835,batch_017,train,T016834
20260809_183835,batch_017,train,T019021
20260809_183835,batch_017,train,T019031
20260809_183835,batch_017,train,T019850
20260809_183835,batch_017,train,T019852
20260809_183835,batch_017,train,T021076
20260809_183835,batch_017,train,T021613
20260809_183835,batch_017,train,T023909
20260809_183835,batch_017,train,T024121
20260809_183835,batch_017,train,T026211
20260809_183835,batch_017,train,T028029
20260809_183835,batch_017,train,T028183
20260809_183835,batch_017,train,T029687
20260809_183835,batch_017,test,E002473
20260809_183835,batch_017,test,E003393
20260809_183835,batch_017,test,E004071
20260809_183835,batch_017,test,E007303
20260809_183835,batch_017,test,E007743
20260809_183835,batch_017,test,E009667
20260809_183835,batch_017,test,E012115
20260809_183835,batch_017,test,E012124
20260809_183835,batch_017,test,E012678
20260809_183835,batch_017,test,E015208
20260809_183835,batch_017,test,E015991
20260809_183835,batch_017,test,E016444
20260809_183835,batch_017,test,E017049
20260809_183835,batch_017,test,E019349
20260809_183835,batch_017,test,E019793
20260809_183835,batch_017,test,E023681
20260809_183835,batch_017,test,E023839
20260809_183835,batch_017,test,E025912
20260809_183835,batch_017,test,E030828
20260809_183835,batch_017,test,E033036
20260809_183835,batch_017,test,E034885
20260809_183835,batch_017,test,P001307
20260809_183835,batch_017,test,P001363
20260809_183835,batch_017,test,P003173
20260809_183835,batch_017,test,P003558
20260809_183835,batch_017,test,P004230
20260809_183835,batch_017,test,P005135
20260809_183835,batch_017,test,P006035
20260809_183835,batch_017,test,P007649
20260809_183835,batch_017,test,P010322
20260809_183835,batch_017,test,P010936
20260809_183835,batch_017,test,P011207
20260809_183835,batch_017,test,P013454
20260809_183835,batch_017,test,P013701
20260809_183835,batch_017,test,P013960
20260809_183835,batch_017,test,P014839
20260809_183835,batch_017,test,P016574
20260809_183835,batch_017,test,P017255
20260809_183835,batch_017,test,P017743
20260809_183835,batch_017,test,P019980
20260809_183835,batch_017,test,P020631
20260809_183835,batch_017,test,P021343
20260809_183835,batch_017,test,T000094
20260809_183835,batch_017,test,T003353
20260809_183835,batch_017,test,T005507
20260809_183835,batch_017,test,T007404
20260809_183835,batch_017,test,T007750
20260809_183835,batch_017,test,T008025
20260809_183835,batch_017,test,T008247
20260809_183835,batch_017,test,T009275
20260809_183835,batch_017,test,T009280
20260809_183835,batch_017,test,T009909
20260809_183835,batch_017,test,T012389
20260809_183835,batch_017,test,T014827
20260809_183835,batch_017,test,T017394
20260809_183835,batch_017,test,T017419
20260809_183835,batch_017,test,T018343
20260809_183835,batch_017,test,T019853
20260809_183835,batch_017,test,T020231
20260809_183835,batch_017,test,T022883
20260809_183835,batch_017,test,T023390
20260809_183835,batch_017,test,T025415
20260809_183835,batch_017,test,T029922
20260809_183835,batch_018,train,E002338
20260809_183835,batch_018,train,E002473
20260809_183835,batch_018,train,E002681
20260809_183835,batch_018,train,E003393
20260809_183835,batch_018,train,E004080
20260809_183835,batch_018,train,E005804
20260809_183835,batch_018,train,E007743
20260809_183835,batch_018,train,E008357
20260809_183835,batch_018,train,E008643
20260809_183835,batch_018,train,E009667
20260809_183835,batch_018,train,E009676
20260809_183835,batch_018,train,E011183
20260809_183835,batch_018,train,E011459
20260809_183835,batch_018,train,E012115
20260809_183835,batch_018,train,E012124
20260809_183835,batch_018,train,E012393
20260809_183835,batch_018,train,E014953
20260809_183835,batch_018,train,E015208
20260809_183835,batch_018,train,E015378
20260809_183835,batch_018,train,E016148
20260809_183835,batch_018,train,E016444
20260809_183835,batch_018,train,E016681
20260809_183835,batch_018,train,E016870
20260809_183835,batch_018,train,E017049
20260809_183835,batch_018,train,E017715
20260809_183835,batch_018,train,E018421
20260809_183835,batch_018,train,E019187
20260809_183835,batch_018,train,E019349
20260809_183835,batch_018,train,E019793
20260809_183835,batch_018,train,E020682
20260809_183835,batch_018,train,E020781
20260809_183835,batch_018,train,E022083
20260809_183835,batch_018,train,E022960
20260809_183835,batch_018,train,E023535
20260809_183835,batch_018,train,E023681
20260809_183835,batch_018,train,E023705
20260809_183835,batch_018,train,E023839
20260809_183835,batch_018,train,E024240
20260809_183835,batch_018,train,E024646
20260809_183835,batch_018,train,E025671
20260809_183835,batch_018,train,E025912
20260809_183835,batch_018,train,E025921
20260809_183835,batch_018,train,E029310
20260809_183835,batch_018,train,E030933
20260809_183835,batch_018,train,E031941
20260809_183835,batch_018,train,E032745
20260809_183835,batch_018,train,E033036
20260809_183835,batch_018,train,E033156
20260809_183835,batch_018,train,P000675
20260809_183835,batch_018,train,P001307
20260809_183835,batch_018,train,P003173
20260809_183835,batch_018,train,P003191
20260809_183835,batch_018,train,P003435
20260809_183835,batch_018,train,P003558
20260809_183835,batch_018,train,P004113
20260809_183835,batch_018,train,P005279
20260809_183835,batch_018,train,P005558
20260809_183835,batch_018,train,P006035
20260809_183835,batch_018,train,P006862
20260809_183835,batch_018,train,P007550
20260809_183835,batch_018,train,P008119
20260809_183835,batch_018,train,P008543
20260809_183835,batch_018,train,P008633
20260809_183835,batch_018,train,P008723
20260809_183835,batch_018,train,P008939
20260809_183835,batch_018,train,P009219
20260809_183835,batch_018,train,P009291
20260809_183835,batch_018,train,P009746
20260809_183835,batch_018,train,P009880
20260809_183835,batch_018,train,P010096
20260809_183835,batch_018,train,P010313
20260809_183835,batch_018,train,P010322
20260809_183835,batch_018,train,P010936
20260809_183835,batch_018,train,P011207
20260809_183835,batch_018,train,P013454
20260809_183835,batch_018,train,P013701
20260809_183835,batch_018,train,P013823
20260809_183835,batch_018,train,P014605
20260809_183835,batch_018,train,P014839
20260809_183835,batch_018,train,P015091
20260809_183835,batch_018,train,P015163
20260809_183835,batch_018,train,P016803
20260809_183835,batch_018,train,P017255
20260809_183835,batch_018,train,P017743
20260809_183835,batch_018,train,P018832
20260809_183835,batch_018,train,P019475
20260809_183835,batch_018,train,P019980
20260809_183835,batch_018,train,P020604
20260809_183835,batch_018,train,P020631
20260809_183835,batch_018,train,P021343
20260809_183835,batch_018,train,P021772
20260809_183835,batch_018,train,P022130
20260809_183835,batch_018,train,P022222
20260809_183835,batch_018,train,P022384
20260809_183835,batch_018,train,P023918
20260809_183835,batch_018,train,P026562
20260809_183835,batch_018,train,T000272
20260809_183835,batch_018,train,T000461
20260809_183835,batch_018,train,T002534
20260809_183835,batch_018,train,T003355
20260809_183835,batch_018,train,T003745
20260809_183835,batch_018,train,T003950
20260809_183835,batch_018,train,T004341
20260809_183835,batch_018,train,T005507
20260809_183835,batch_018,train,T005643
20260809_183835,batch_018,train,T005999
20260809_183835,batch_018,train,T006288
20260809_183835,batch_018,train,T007404
20260809_183835,batch_018,train,T007748
20260809_183835,batch_018,train,T007750
20260809_183835,batch_018,train,T008246
20260809_183835,batch_018,train,T008247
20260809_183835,batch_018,train,T008631
20260809_183835,batch_018,train,T009280
20260809_183835,batch_018,train,T009909
20260809_183835,batch_018,train,T010532
20260809_183835,batch_018,train,T011454
20260809_183835,batch_018,train,T011676
20260809_183835,batch_018,train,T012312
20260809_183835,batch_018,train,T012983
20260809_183835,batch_018,train,T013431
20260809_183835,batch_018,train,T013828
20260809_183835,batch_018,train,T013832
20260809_183835,batch_018,train,T014197
20260809_183835,batch_018,train,T014575
20260809_183835,batch_018,train,T014800
20260809_183835,batch_018,train,T014801
20260809_183835,batch_018,train,T016234
20260809_183835,batch_018,train,T016548
20260809_183835,batch_018,train,T017419
20260809_183835,batch_018,train,T018343
20260809_183835,batch_018,train,T019021
20260809_183835,batch_018,train,T019031
20260809_183835,batch_018,train,T019850
20260809_183835,batch_018,train,T019852
20260809_183835,batch_018,train,T020231
20260809_183835,batch_018,train,T021076
20260809_183835,batch_018,train,T022883
20260809_183835,batch_018,train,T023390
20260809_183835,batch_018,train,T023909
20260809_183835,batch_018,train,T024121
20260809_183835,batch_018,train,T025415
20260809_183835,batch_018,train,T026211
20260809_183835,batch_018,train,T028029
20260809_183835,batch_018,train,T029687
20260809_183835,batch_018,train,T029922
20260809_183835,batch_018,test,E004071
20260809_183835,batch_018,test,E004781
20260809_183835,batch_018,test,E004934
20260809_183835,batch_018,test,E006871
20260809_183835,batch_018,test,E007303
20260809_183835,batch_018,test,E007980
20260809_183835,batch_018,test,E008241
20260809_183835,batch_018,test,E008437
20260809_183835,batch_018,test,E009020
20260809_183835,batch_018,test,E012678
20260809_183835,batch_018,test,E012971
20260809_183835,batch_018,test,E013394
20260809_183835,batch_018,test,E015991
20260809_183835,batch_018,test,E018574
20260809_183835,batch_018,test,E019160
20260809_183835,batch_018,test,E020808
20260809_183835,batch_018,test,E026343
20260809_183835,batch_018,test,E029796
20260809_183835,batch_018,test,E030828
20260809_183835,batch_018,test,E034324
20260809_183835,batch_018,test,E034885
20260809_183835,batch_018,test,P000648
20260809_183835,batch_018,test,P000756
20260809_183835,batch_018,test,P001363
20260809_183835,batch_018,test,P004230
20260809_183835,batch_018,test,P004847
20260809_183835,batch_018,test,P004946
20260809_183835,batch_018,test,P005135
20260809_183835,batch_018,test,P005342
20260809_183835,batch_018,test,P007649
20260809_183835,batch_018,test,P007857
20260809_183835,batch_018,test,P008579
20260809_183835,batch_018,test,P011108
20260809_183835,batch_018,test,P013960
20260809_183835,batch_018,test,P014713
20260809_183835,batch_018,test,P016497
20260809_183835,batch_018,test,P016574
20260809_183835,batch_018,test,P017671
20260809_183835,batch_018,test,P019222
20260809_183835,batch_018,test,P019854
20260809_183835,batch_018,test,P020799
20260809_183835,batch_018,test,P020861
20260809_183835,batch_018,test,T000094
20260809_183835,batch_018,test,T003353
20260809_183835,batch_018,test,T006266
20260809_183835,batch_018,test,T008025
20260809_183835,batch_018,test,T009275
20260809_183835,batch_018,test,T009717
20260809_183835,batch_018,test,T010520
20260809_183835,batch_018,test,T012121
20260809_183835,batch_018,test,T012138
20260809_183835,batch_018,test,T012374
20260809_183835,batch_018,test,T012389
20260809_183835,batch_018,test,T012977
20260809_183835,batch_018,test,T014806
20260809_183835,batch_018,test,T014827
20260809_183835,batch_018,test,T016811
20260809_183835,batch_018,test,T016812
20260809_183835,batch_018,test,T016834
20260809_183835,batch_018,test,T017394
20260809_183835,batch_018,test,T019853
20260809_183835,batch_018,test,T021613
20260809_183835,batch_018,test,T028183
20260809_183835,batch_019,train,E002338
20260809_183835,batch_019,train,E002473
20260809_183835,batch_019,train,E002681
20260809_183835,batch_019,train,E003393
20260809_183835,batch_019,train,E004071
20260809_183835,batch_019,train,E004080
20260809_183835,batch_019,train,E004934
20260809_183835,batch_019,train,E005804
20260809_183835,batch_019,train,E006871
20260809_183835,batch_019,train,E007303
20260809_183835,batch_019,train,E007980
20260809_183835,batch_019,train,E008357
20260809_183835,batch_019,train,E008437
20260809_183835,batch_019,train,E009020
20260809_183835,batch_019,train,E009667
20260809_183835,batch_019,train,E011183
20260809_183835,batch_019,train,E012393
20260809_183835,batch_019,train,E012678
20260809_183835,batch_019,train,E012971
20260809_183835,batch_019,train,E013394
20260809_183835,batch_019,train,E015208
20260809_183835,batch_019,train,E015378
20260809_183835,batch_019,train,E016870
20260809_183835,batch_019,train,E017049
20260809_183835,batch_019,train,E017715
20260809_183835,batch_019,train,E018421
20260809_183835,batch_019,train,E018574
20260809_183835,batch_019,train,E019187
20260809_183835,batch_019,train,E019793
20260809_183835,batch_019,train,E020682
20260809_183835,batch_019,train,E020781
20260809_183835,batch_019,train,E020808
20260809_183835,batch_019,train,E022960
20260809_183835,batch_019,train,E023681
20260809_183835,batch_019,train,E023705
20260809_183835,batch_019,train,E023839
20260809_183835,batch_019,train,E024646
20260809_183835,batch_019,train,E025671
20260809_183835,batch_019,train,E025912
20260809_183835,batch_019,train,E025921
20260809_183835,batch_019,train,E026343
20260809_183835,batch_019,train,E029310
20260809_183835,batch_019,train,E030828
20260809_183835,batch_019,train,E030933
20260809_183835,batch_019,train,E032745
20260809_183835,batch_019,train,E033036
20260809_183835,batch_019,train,E034324
20260809_183835,batch_019,train,E034885
20260809_183835,batch_019,train,P000648
20260809_183835,batch_019,train,P000756
20260809_183835,batch_019,train,P003191
20260809_183835,batch_019,train,P003558
20260809_183835,batch_019,train,P004946
20260809_183835,batch_019,train,P005279
20260809_183835,batch_019,train,P005342
20260809_183835,batch_019,train,P005558
20260809_183835,batch_019,train,P006035
20260809_183835,batch_019,train,P006862
20260809_183835,batch_019,train,P007550
20260809_183835,batch_019,train,P007649
20260809_183835,batch_019,train,P008119
20260809_183835,batch_019,train,P008543
20260809_183835,batch_019,train,P008579
20260809_183835,batch_019,train,P008633
20260809_183835,batch_019,train,P008723
20260809_183835,batch_019,train,P008939
20260809_183835,batch_019,train,P009291
20260809_183835,batch_019,train,P009746
20260809_183835,batch_019,train,P009880
20260809_183835,batch_019,train,P010096
20260809_183835,batch_019,train,P010313
20260809_183835,batch_019,train,P010322
20260809_183835,batch_019,train,P010936
20260809_183835,batch_019,train,P011108
20260809_183835,batch_019,train,P013454
20260809_183835,batch_019,train,P013701
20260809_183835,batch_019,train,P014839
20260809_183835,batch_019,train,P015091
20260809_183835,batch_019,train,P016497
20260809_183835,batch_019,train,P016574
20260809_183835,batch_019,train,P017255
20260809_183835,batch_019,train,P017671
20260809_183835,batch_019,train,P017743
20260809_183835,batch_019,train,P018832
20260809_183835,batch_019,train,P019222
20260809_183835,batch_019,train,P019475
20260809_183835,batch_019,train,P019854
20260809_183835,batch_019,train,P019980
20260809_183835,batch_019,train,P020631
20260809_183835,batch_019,train,P020799
20260809_183835,batch_019,train,P021772
20260809_183835,batch_019,train,P022130
20260809_183835,batch_019,train,P022222
20260809_183835,batch_019,train,P022384
20260809_183835,batch_019,train,P023918
20260809_183835,batch_019,train,P026562
20260809_183835,batch_019,train,T000272
20260809_183835,batch_019,train,T000461
20260809_183835,batch_019,train,T002534
20260809_183835,batch_019,train,T003353
20260809_183835,batch_019,train,T003355
20260809_183835,batch_019,train,T003745
20260809_183835,batch_019,train,T003950
20260809_183835,batch_019,train,T004341
20260809_183835,batch_019,train,T005643
20260809_183835,batch_019,train,T005999
20260809_183835,batch_019,train,T006266
20260809_183835,batch_019,train,T006288
20260809_183835,batch_019,train,T007748
20260809_183835,batch_019,train,T008025
20260809_183835,batch_019,train,T008247
20260809_183835,batch_019,train,T008631
20260809_183835,batch_019,train,T009275
20260809_183835,batch_019,train,T009280
20260809_183835,batch_019,train,T009717
20260809_183835,batch_019,train,T009909
20260809_183835,batch_019,train,T011454
20260809_183835,batch_019,train,T011676
20260809_183835,batch_019,train,T012121
20260809_183835,batch_019,train,T012138
20260809_183835,batch_019,train,T012312
20260809_183835,batch_019,train,T012374
20260809_183835,batch_019,train,T012983
20260809_183835,batch_019,train,T013431
20260809_183835,batch_019,train,T013828
20260809_183835,batch_019,train,T014575
20260809_183835,batch_019,train,T014800
20260809_183835,batch_019,train,T014806
20260809_183835,batch_019,train,T016548
20260809_183835,batch_019,train,T016811
20260809_183835,batch_019,train,T016812
20260809_183835,batch_019,train,T016834
20260809_183835,batch_019,train,T017394
20260809_183835,batch_019,train,T017419
20260809_183835,batch_019,train,T018343
20260809_183835,batch_019,train,T019021
20260809_183835,batch_019,train,T019852
20260809_183835,batch_019,train,T019853
20260809_183835,batch_019,train,T020231
20260809_183835,batch_019,train,T021613
20260809_183835,batch_019,train,T022883
20260809_183835,batch_019,train,T023390
20260809_183835,batch_019,train,T023909
20260809_183835,batch_019,train,T026211
20260809_183835,batch_019,train,T028029
20260809_183835,batch_019,train,T029687
20260809_183835,batch_019,test,E004781
20260809_183835,batch_019,test,E007743
20260809_183835,batch_019,test,E008241
20260809_183835,batch_019,test,E008643
20260809_183835,batch_019,test,E009676
20260809_183835,batch_019,test,E011459
20260809_183835,batch_019,test,E012115
20260809_183835,batch_019,test,E012124
20260809_183835,batch_019,test,E014953
20260809_183835,batch_019,test,E015991
20260809_183835,batch_019,test,E016148
20260809_183835,batch_019,test,E016444
20260809_183835,batch_019,test,E016681
20260809_183835,batch_019,test,E019160
20260809_183835,batch_019,test,E019349
20260809_183835,batch_019,test,E022083
20260809_183835,batch_019,test,E023535
20260809_183835,batch_019,test,E024240
20260809_183835,batch_019,test,E029796
20260809_183835,batch_019,test,E031941
20260809_183835,batch_019,test,E033156
20260809_183835,batch_019,test,P000675
20260809_183835,batch_019,test,P001307
20260809_183835,batch_019,test,P001363
20260809_183835,batch_019,test,P003173
20260809_183835,batch_019,test,P003435
20260809_183835,batch_019,test,P004113
20260809_183835,batch_019,test,P004230
20260809_183835,batch_019,test,P004847
20260809_183835,batch_019,test,P005135
20260809_183835,batch_019,test,P007857
20260809_183835,batch_019,test,P009219
20260809_183835,batch_019,test,P011207
20260809_183835,batch_019,test,P013823
20260809_183835,batch_019,test,P013960
20260809_183835,batch_019,test,P014605
20260809_183835,batch_019,test,P014713
20260809_183835,batch_019,test,P015163
20260809_183835,batch_019,test,P016803
20260809_183835,batch_019,test,P020604
20260809_183835,batch_019,test,P020861
20260809_183835,batch_019,test,P021343
20260809_183835,batch_019,test,T000094
20260809_183835,batch_019,test,T005507
20260809_183835,batch_019,test,T007404
20260809_183835,batch_019,test,T007750
20260809_183835,batch_019,test,T008246
20260809_183835,batch_019,test,T010520
20260809_183835,batch_019,test,T010532
20260809_183835,batch_019,test,T012389
20260809_183835,batch_019,test,T012977
20260809_183835,batch_019,test,T013832
20260809_183835,batch_019,test,T014197
20260809_183835,batch_019,test,T014801
20260809_183835,batch_019,test,T014827
20260809_183835,batch_019,test,T016234
20260809_183835,batch_019,test,T019031
20260809_183835,batch_019,test,T019850
20260809_183835,batch_019,test,T021076
20260809_183835,batch_019,test,T024121
20260809_183835,batch_019,test,T025415
20260809_183835,batch_019,test,T028183
20260809_183835,batch_019,test,T029922
20260809_183835,batch_020,train,E002338
20260809_183835,batch_020,train,E002473
20260809_183835,batch_020,train,E002681
20260809_183835,batch_020,train,E003393
20260809_183835,batch_020,train,E004080
20260809_183835,batch_020,train,E004934
20260809_183835,batch_020,train,E005804
20260809_183835,batch_020,train,E006871
20260809_183835,batch_020,train,E007303
20260809_183835,batch_020,train,E007743
20260809_183835,batch_020,train,E008241
20260809_183835,batch_020,train,E008643
20260809_183835,batch_020,train,E009020
20260809_183835,batch_020,train,E009667
20260809_183835,batch_020,train,E009676
20260809_183835,batch_020,train,E011183
20260809_183835,batch_020,train,E011459
20260809_183835,batch_020,train,E012115
20260809_183835,batch_020,train,E012124
20260809_183835,batch_020,train,E012678
20260809_183835,batch_020,train,E012971
20260809_183835,batch_020,train,E014953
20260809_183835,batch_020,train,E015378
20260809_183835,batch_020,train,E016148
20260809_183835,batch_020,train,E016681
20260809_183835,batch_020,train,E016870
20260809_183835,batch_020,train,E017049
20260809_183835,batch_020,train,E017715
20260809_183835,batch_020,train,E018421
20260809_183835,batch_020,train,E018574
20260809_183835,batch_020,train,E019160
20260809_183835,batch_020,train,E019187
20260809_183835,batch_020,train,E019349
20260809_183835,batch_020,train,E020682
20260809_183835,batch_020,train,E020808
20260809_183835,batch_020,train,E023535
20260809_183835,batch_020,train,E023839
20260809_183835,batch_020,train,E024240
20260809_183835,batch_020,train,E025671
20260809_183835,batch_020,train,E025912
20260809_183835,batch_020,train,E025921
20260809_183835,batch_020,train,E026343
20260809_183835,batch_020,train,E029310
20260809_183835,batch_020,train,E030828
20260809_183835,batch_020,train,E030933
20260809_183835,batch_020,train,E033036
20260809_183835,batch_020,train,E033156
20260809_183835,batch_020,train,E034885
20260809_183835,batch_020,train,P000756
20260809_183835,batch_020,train,P001307
20260809_183835,batch_020,train,P001363
20260809_183835,batch_020,train,P003173
20260809_183835,batch_020,train,P003191
20260809_183835,batch_020,train,P003435
20260809_183835,batch_020,train,P004230
20260809_183835,batch_020,train,P004847
20260809_183835,batch_020,train,P004946
20260809_183835,batch_020,train,P005135
20260809_183835,batch_020,train,P005279
20260809_183835,batch_020,train,P005342
20260809_183835,batch_020,train,P005558
20260809_183835,batch_020,train,P006035
20260809_183835,batch_020,train,P006862
20260809_183835,batch_020,train,P007649
20260809_183835,batch_020,train,P008119
20260809_183835,batch_020,train,P008543
20260809_183835,batch_020,train,P008579
20260809_183835,batch_020,train,P008633
20260809_183835,batch_020,train,P008939
20260809_183835,batch_020,train,P009746
20260809_183835,batch_020,train,P010096
20260809_183835,batch_020,train,P010313
20260809_183835,batch_020,train,P010936
20260809_183835,batch_020,train,P013454
20260809_183835,batch_020,train,P013701
20260809_183835,batch_020,train,P013823
20260809_183835,batch_020,train,P014605
20260809_183835,batch_020,train,P014713
20260809_183835,batch_020,train,P015091
20260809_183835,batch_020,train,P015163
20260809_183835,batch_020,train,P016497
20260809_183835,batch_020,train,P016574
20260809_183835,batch_020,train,P017255
20260809_183835,batch_020,train,P017671
20260809_183835,batch_020,train,P017743
20260809_183835,batch_020,train,P018832
20260809_183835,batch_020,train,P019222
20260809_183835,batch_020,train,P019854
20260809_183835,batch_020,train,P019980
20260809_183835,batch_020,train,P020604
20260809_183835,batch_020,train,P020631
20260809_183835,batch_020,train,P020799
20260809_183835,batch_020,train,P022130
20260809_183835,batch_020,train,P022384
20260809_183835,batch_020,train,P023918
20260809_183835,batch_020,train,P026562
20260809_183835,batch_020,train,T000094
20260809_183835,batch_020,train,T000272
20260809_183835,batch_020,train,T000461
20260809_183835,batch_020,train,T003355
20260809_183835,batch_020,train,T003745
20260809_183835,batch_020,train,T003950
20260809_183835,batch_020,train,T004341
20260809_183835,batch_020,train,T005507
20260809_183835,batch_020,train,T005999
20260809_183835,batch_020,train,T006266
20260809_183835,batch_020,train,T006288
20260809_183835,batch_020,train,T007748
20260809_183835,batch_020,train,T007750
20260809_183835,batch_020,train,T008025
20260809_183835,batch_020,train,T008247
20260809_183835,batch_020,train,T009275
20260809_183835,batch_020,train,T009717
20260809_183835,batch_020,train,T009909
20260809_183835,batch_020,train,T010520
20260809_183835,batch_020,train,T011454
20260809_183835,batch_020,train,T011676
20260809_183835,batch_020,train,T012121
20260809_183835,batch_020,train,T012138
20260809_183835,batch_020,train,T012312
20260809_183835,batch_020,train,T012374
20260809_183835,batch_020,train,T012389
20260809_183835,batch_020,train,T012977
20260809_183835,batch_020,train,T012983
20260809_183835,batch_020,train,T013431
20260809_183835,batch_020,train,T013828
20260809_183835,batch_020,train,T013832
20260809_183835,batch_020,train,T014197
20260809_183835,batch_020,train,T014575
20260809_183835,batch_020,train,T014800
20260809_183835,batch_020,train,T014801
20260809_183835,batch_020,train,T016548
20260809_183835,batch_020,train,T016811
20260809_183835,batch_020,train,T016834
20260809_183835,batch_020,train,T017394
20260809_183835,batch_020,train,T018343
20260809_183835,batch_020,train,T019021
20260809_183835,batch_020,train,T019852
20260809_183835,batch_020,train,T019853
20260809_183835,batch_020,train,T022883
20260809_183835,batch_020,train,T023909
20260809_183835,batch_020,train,T025415
20260809_183835,batch_020,train,T026211
20260809_183835,batch_020,train,T028029
20260809_183835,batch_020,train,T028183
20260809_183835,batch_020,train,T029922
20260809_183835,batch_020,test,E004071
20260809_183835,batch_020,test,E004781
20260809_183835,batch_020,test,E007980
20260809_183835,batch_020,test,E008357
20260809_183835,batch_020,test,E008437
20260809_183835,batch_020,test,E012393
20260809_183835,batch_020,test,E013394
20260809_183835,batch_020,test,E015208
20260809_183835,batch_020,test,E015991
20260809_183835,batch_020,test,E016444
20260809_183835,batch_020,test,E019793
20260809_183835,batch_020,test,E020781
20260809_183835,batch_020,test,E022083
20260809_183835,batch_020,test,E022960
20260809_183835,batch_020,test,E023681
20260809_183835,batch_020,test,E023705
20260809_183835,batch_020,test,E024646
20260809_183835,batch_020,test,E029796
20260809_183835,batch_020,test,E031941
20260809_183835,batch_020,test,E032745
20260809_183835,batch_020,test,E034324
20260809_183835,batch_020,test,P000648
20260809_183835,batch_020,test,P000675
20260809_183835,batch_020,test,P003558
20260809_183835,batch_020,test,P004113
20260809_183835,batch_020,test,P007550
20260809_183835,batch_020,test,P007857
20260809_183835,batch_020,test,P008723
20260809_183835,batch_020,test,P009219
20260809_183835,batch_020,test,P009291
20260809_183835,batch_020,test,P009880
20260809_183835,batch_020,test,P010322
20260809_183835,batch_020,test,P011108
20260809_183835,batch_020,test,P011207
20260809_183835,batch_020,test,P013960
20260809_183835,batch_020,test,P014839
20260809_183835,batch_020,test,P016803
20260809_183835,batch_020,test,P019475
20260809_183835,batch_020,test,P020861
20260809_183835,batch_020,test,P021343
20260809_183835,batch_020,test,P021772
20260809_183835,batch_020,test,P022222
20260809_183835,batch_020,test,T002534
20260809_183835,batch_020,test,T003353
20260809_183835,batch_020,test,T005643
20260809_183835,batch_020,test,T007404
20260809_183835,batch_020,test,T008246
20260809_183835,batch_020,test,T008631
20260809_183835,batch_020,test,T009280
20260809_183835,batch_020,test,T010532
20260809_183835,batch_020,test,T014806
20260809_183835,batch_020,test,T014827
20260809_183835,batch_020,test,T016234
20260809_183835,batch_020,test,T016812
20260809_183835,batch_020,test,T017419
20260809_183835,batch_020,test,T019031
20260809_183835,batch_020,test,T019850
20260809_183835,batch_020,test,T020231
20260809_183835,batch_020,test,T021076
20260809_183835,batch_020,test,T021613
20260809_183835,batch_020,test,T023390
20260809_183835,batch_020,test,T024121
20260809_183835,batch_020,test,T029687
